# Blender 4.5.2 LTS
# www.blender.org
mtllib GameOverText.mtl
o Text
v -0.000000 -0.097543 -5.053829
v -0.000000 -0.086134 -5.049121
v -0.000000 -0.074908 -5.044632
v -0.000000 -0.063866 -5.040361
v -0.000000 -0.053006 -5.036308
v -0.000000 -0.042330 -5.032473
v -0.000000 -0.031837 -5.028857
v -0.000000 -0.021527 -5.025458
v -0.000000 -0.011400 -5.022278
v -0.000000 -0.001456 -5.019317
v -0.000000 0.008304 -5.016573
v -0.000000 0.017882 -5.014048
v -0.000000 0.027276 -5.011741
v -0.000000 0.036570 -5.009635
v -0.000000 0.045847 -5.007712
v -0.000000 0.055105 -5.005972
v -0.000000 0.064347 -5.004415
v -0.000000 0.073570 -5.003041
v -0.000000 0.082777 -5.001851
v -0.000000 0.091965 -5.000844
v -0.000000 0.101136 -5.000020
v -0.000000 0.110290 -4.999379
v -0.000000 0.119426 -4.998921
v -0.000000 0.128544 -4.998646
v -0.000000 0.137645 -4.998555
v -0.000000 0.146446 -4.998635
v -0.000000 0.155267 -4.998876
v -0.000000 0.164108 -4.999277
v -0.000000 0.172969 -4.999839
v -0.000000 0.181850 -5.000562
v -0.000000 0.190752 -5.001445
v -0.000000 0.199673 -5.002489
v -0.000000 0.208615 -5.003693
v -0.000000 0.217576 -5.005058
v -0.000000 0.226558 -5.006583
v -0.000000 0.235559 -5.008269
v -0.000000 0.244581 -5.010116
v -0.000000 0.253615 -5.012125
v -0.000000 0.262655 -5.014300
v -0.000000 0.271699 -5.016641
v -0.000000 0.280748 -5.019147
v -0.000000 0.289803 -5.021819
v -0.000000 0.298862 -5.024657
v -0.000000 0.307927 -5.027660
v -0.000000 0.316996 -5.030828
v -0.000000 0.326070 -5.034163
v -0.000000 0.335150 -5.037663
v -0.000000 0.344234 -5.041328
v -0.000000 0.353324 -5.045159
v -0.000000 0.371162 -5.053124
v -0.000000 0.388909 -5.061727
v -0.000000 0.406566 -5.070967
v -0.000000 0.424133 -5.080844
v -0.000000 0.441610 -5.091359
v -0.000000 0.458996 -5.102510
v -0.000000 0.476292 -5.114299
v -0.000000 0.493497 -5.126726
v -0.000000 0.510613 -5.139789
v -0.000000 0.527638 -5.153490
v -0.000000 0.544572 -5.167828
v -0.000000 0.561416 -5.182803
v -0.000000 0.561416 -5.240245
v -0.000000 0.552272 -5.233216
v -0.000000 0.543142 -5.226336
v -0.000000 0.534028 -5.219608
v -0.000000 0.524928 -5.213030
v -0.000000 0.515844 -5.206602
v -0.000000 0.506774 -5.200325
v -0.000000 0.497720 -5.194199
v -0.000000 0.488680 -5.188222
v -0.000000 0.479656 -5.182397
v -0.000000 0.470647 -5.176722
v -0.000000 0.461653 -5.171197
v -0.000000 0.452674 -5.165823
v -0.000000 0.443684 -5.160593
v -0.000000 0.434660 -5.155497
v -0.000000 0.425601 -5.150537
v -0.000000 0.416506 -5.145712
v -0.000000 0.407377 -5.141023
v -0.000000 0.398212 -5.136470
v -0.000000 0.389012 -5.132052
v -0.000000 0.379777 -5.127769
v -0.000000 0.370507 -5.123622
v -0.000000 0.361202 -5.119611
v -0.000000 0.351861 -5.115735
v -0.000000 0.342486 -5.111994
v -0.000000 0.324071 -5.105070
v -0.000000 0.305676 -5.098747
v -0.000000 0.287302 -5.093027
v -0.000000 0.268947 -5.087909
v -0.000000 0.250612 -5.083393
v -0.000000 0.232298 -5.079479
v -0.000000 0.214004 -5.076168
v -0.000000 0.195729 -5.073458
v -0.000000 0.177475 -5.071351
v -0.000000 0.159241 -5.069845
v -0.000000 0.141027 -5.068942
v -0.000000 0.122833 -5.068642
v -0.000000 0.118093 -5.068662
v -0.000000 0.113389 -5.068722
v -0.000000 0.108720 -5.068822
v -0.000000 0.104087 -5.068963
v -0.000000 0.099488 -5.069143
v -0.000000 0.094924 -5.069364
v -0.000000 0.090396 -5.069625
v -0.000000 0.085903 -5.069926
v -0.000000 0.081444 -5.070267
v -0.000000 0.077021 -5.070649
v -0.000000 0.072633 -5.071070
v -0.000000 0.068281 -5.071532
v -0.000000 0.063940 -5.072029
v -0.000000 0.059590 -5.072556
v -0.000000 0.055230 -5.073112
v -0.000000 0.050859 -5.073699
v -0.000000 0.046479 -5.074317
v -0.000000 0.042088 -5.074964
v -0.000000 0.037688 -5.075641
v -0.000000 0.033277 -5.076349
v -0.000000 0.028857 -5.077086
v -0.000000 0.024426 -5.077854
v -0.000000 0.019986 -5.078652
v -0.000000 0.015535 -5.079480
v -0.000000 0.010672 -5.080457
v -0.000000 0.005836 -5.081461
v -0.000000 0.001028 -5.082494
v -0.000000 -0.003753 -5.083554
v -0.000000 -0.008506 -5.084641
v -0.000000 -0.013231 -5.085757
v -0.000000 -0.017929 -5.086900
v -0.000000 -0.022599 -5.088070
v -0.000000 -0.027242 -5.089268
v -0.000000 -0.031857 -5.090493
v -0.000000 -0.036444 -5.091746
v -0.000000 -0.041004 -5.093027
v -0.000000 -0.045564 -5.094343
v -0.000000 -0.050151 -5.095702
v -0.000000 -0.054766 -5.097103
v -0.000000 -0.059409 -5.098547
v -0.000000 -0.064079 -5.100033
v -0.000000 -0.068777 -5.101562
v -0.000000 -0.073502 -5.103134
v -0.000000 -0.078255 -5.104749
v -0.000000 -0.083036 -5.106406
v -0.000000 -0.087844 -5.108106
v -0.000000 -0.092680 -5.109848
v -0.000000 -0.097543 -5.111633
v -0.000000 0.021677 -4.677384
v -0.000000 0.021782 -4.673543
v -0.000000 0.022098 -4.669848
v -0.000000 0.022625 -4.666298
v -0.000000 0.023362 -4.662893
v -0.000000 0.024311 -4.659634
v -0.000000 0.025470 -4.656521
v -0.000000 0.026840 -4.653553
v -0.000000 0.028420 -4.650731
v -0.000000 0.030212 -4.648054
v -0.000000 0.032214 -4.645522
v -0.000000 0.034426 -4.643136
v -0.000000 0.036850 -4.640896
v -0.000000 0.038070 -4.639837
v -0.000000 0.039324 -4.638829
v -0.000000 0.040609 -4.637870
v -0.000000 0.041928 -4.636962
v -0.000000 0.043279 -4.636104
v -0.000000 0.044662 -4.635296
v -0.000000 0.046079 -4.634539
v -0.000000 0.047528 -4.633831
v -0.000000 0.049009 -4.633173
v -0.000000 0.050523 -4.632566
v -0.000000 0.052070 -4.632010
v -0.000000 0.053649 -4.631503
v -0.000000 0.055248 -4.631041
v -0.000000 0.056855 -4.630620
v -0.000000 0.058470 -4.630238
v -0.000000 0.060092 -4.629897
v -0.000000 0.061721 -4.629596
v -0.000000 0.063358 -4.629335
v -0.000000 0.065003 -4.629114
v -0.000000 0.066655 -4.628933
v -0.000000 0.068314 -4.628793
v -0.000000 0.069982 -4.628693
v -0.000000 0.071656 -4.628633
v -0.000000 0.073338 -4.628613
v -0.000000 0.075682 -4.628650
v -0.000000 0.078015 -4.628763
v -0.000000 0.080338 -4.628952
v -0.000000 0.082651 -4.629215
v -0.000000 0.084954 -4.629553
v -0.000000 0.087247 -4.629967
v -0.000000 0.089530 -4.630456
v -0.000000 0.091803 -4.631021
v -0.000000 0.094066 -4.631661
v -0.000000 0.096319 -4.632376
v -0.000000 0.098562 -4.633166
v -0.000000 0.100795 -4.634032
v -0.000000 0.103003 -4.634977
v -0.000000 0.105170 -4.636008
v -0.000000 0.107298 -4.637125
v -0.000000 0.109385 -4.638326
v -0.000000 0.111432 -4.639613
v -0.000000 0.113440 -4.640985
v -0.000000 0.115406 -4.642443
v -0.000000 0.117333 -4.643986
v -0.000000 0.119220 -4.645615
v -0.000000 0.121066 -4.647328
v -0.000000 0.122873 -4.649127
v -0.000000 0.124639 -4.651011
v -0.000000 0.126060 -4.652598
v -0.000000 0.127434 -4.654228
v -0.000000 0.128760 -4.655900
v -0.000000 0.130038 -4.657615
v -0.000000 0.131269 -4.659372
v -0.000000 0.132451 -4.661172
v -0.000000 0.133587 -4.663015
v -0.000000 0.134674 -4.664901
v -0.000000 0.135714 -4.666829
v -0.000000 0.136706 -4.668799
v -0.000000 0.137651 -4.670813
v -0.000000 0.138548 -4.672868
v -0.000000 0.139385 -4.674954
v -0.000000 0.140149 -4.677058
v -0.000000 0.140840 -4.679180
v -0.000000 0.141458 -4.681318
v -0.000000 0.142004 -4.683475
v -0.000000 0.142477 -4.685648
v -0.000000 0.142877 -4.687840
v -0.000000 0.143204 -4.690049
v -0.000000 0.143459 -4.692276
v -0.000000 0.143641 -4.694520
v -0.000000 0.143750 -4.696781
v -0.000000 0.143786 -4.699060
v -0.000000 0.143764 -4.700741
v -0.000000 0.143696 -4.702412
v -0.000000 0.143583 -4.704073
v -0.000000 0.143425 -4.705724
v -0.000000 0.143222 -4.707365
v -0.000000 0.142973 -4.708995
v -0.000000 0.142680 -4.710616
v -0.000000 0.142341 -4.712227
v -0.000000 0.141957 -4.713828
v -0.000000 0.141528 -4.715418
v -0.000000 0.141054 -4.716999
v -0.000000 0.140535 -4.718569
v -0.000000 0.139958 -4.720119
v -0.000000 0.139311 -4.721640
v -0.000000 0.138593 -4.723130
v -0.000000 0.137805 -4.724590
v -0.000000 0.136947 -4.726020
v -0.000000 0.136019 -4.727420
v -0.000000 0.135020 -4.728790
v -0.000000 0.133952 -4.730130
v -0.000000 0.132813 -4.731439
v -0.000000 0.131603 -4.732718
v -0.000000 0.130324 -4.733968
v -0.000000 0.128974 -4.735188
v -0.000000 0.127929 -4.736135
v -0.000000 0.126842 -4.737049
v -0.000000 0.125711 -4.737931
v -0.000000 0.124539 -4.738780
v -0.000000 0.123323 -4.739597
v -0.000000 0.122065 -4.740381
v -0.000000 0.120764 -4.741132
v -0.000000 0.119421 -4.741851
v -0.000000 0.118034 -4.742537
v -0.000000 0.116606 -4.743191
v -0.000000 0.115134 -4.743812
v -0.000000 0.113620 -4.744400
v -0.000000 0.112061 -4.744948
v -0.000000 0.110454 -4.745449
v -0.000000 0.108799 -4.745902
v -0.000000 0.107097 -4.746307
v -0.000000 0.105347 -4.746665
v -0.000000 0.103550 -4.746975
v -0.000000 0.101704 -4.747237
v -0.000000 0.099812 -4.747452
v -0.000000 0.097871 -4.747619
v -0.000000 0.095883 -4.747738
v -0.000000 0.093847 -4.747809
v -0.000000 0.091763 -4.747832
v -0.000000 0.086831 -4.747677
v -0.000000 0.082029 -4.747210
v -0.000000 0.077358 -4.746432
v -0.000000 0.072817 -4.745344
v -0.000000 0.068406 -4.743944
v -0.000000 0.064126 -4.742233
v -0.000000 0.059976 -4.740211
v -0.000000 0.055957 -4.737877
v -0.000000 0.052068 -4.735233
v -0.000000 0.048310 -4.732277
v -0.000000 0.044682 -4.729011
v -0.000000 0.041185 -4.725433
v -0.000000 0.038069 -4.721954
v -0.000000 0.035224 -4.718379
v -0.000000 0.032650 -4.714709
v -0.000000 0.030347 -4.710943
v -0.000000 0.028315 -4.707082
v -0.000000 0.026554 -4.703126
v -0.000000 0.025063 -4.699074
v -0.000000 0.023844 -4.694927
v -0.000000 0.022896 -4.690685
v -0.000000 0.022218 -4.686347
v -0.000000 0.021812 -4.681914
v -0.000000 0.280347 -4.717485
v -0.000000 0.280450 -4.713985
v -0.000000 0.280758 -4.710591
v -0.000000 0.281273 -4.707302
v -0.000000 0.281993 -4.704118
v -0.000000 0.282919 -4.701039
v -0.000000 0.284050 -4.698066
v -0.000000 0.285387 -4.695199
v -0.000000 0.286930 -4.692436
v -0.000000 0.288679 -4.689779
v -0.000000 0.290633 -4.687228
v -0.000000 0.292793 -4.684782
v -0.000000 0.295159 -4.682442
v -0.000000 0.296554 -4.681211
v -0.000000 0.297969 -4.680048
v -0.000000 0.299404 -4.678953
v -0.000000 0.300859 -4.677926
v -0.000000 0.302334 -4.676966
v -0.000000 0.303830 -4.676074
v -0.000000 0.305345 -4.675250
v -0.000000 0.306880 -4.674494
v -0.000000 0.308436 -4.673805
v -0.000000 0.310011 -4.673184
v -0.000000 0.311607 -4.672631
v -0.000000 0.313223 -4.672146
v -0.000000 0.314853 -4.671713
v -0.000000 0.316494 -4.671318
v -0.000000 0.318145 -4.670960
v -0.000000 0.319806 -4.670640
v -0.000000 0.321477 -4.670358
v -0.000000 0.323158 -4.670113
v -0.000000 0.324849 -4.669906
v -0.000000 0.326550 -4.669737
v -0.000000 0.328261 -4.669605
v -0.000000 0.329982 -4.669511
v -0.000000 0.331713 -4.669455
v -0.000000 0.333454 -4.669436
v -0.000000 0.338268 -4.669592
v -0.000000 0.342957 -4.670059
v -0.000000 0.347521 -4.670836
v -0.000000 0.351959 -4.671925
v -0.000000 0.356272 -4.673325
v -0.000000 0.360459 -4.675036
v -0.000000 0.364521 -4.677058
v -0.000000 0.368457 -4.679391
v -0.000000 0.372268 -4.682036
v -0.000000 0.375954 -4.684991
v -0.000000 0.379514 -4.688258
v -0.000000 0.382948 -4.691835
v -0.000000 0.384427 -4.693479
v -0.000000 0.385853 -4.695157
v -0.000000 0.387227 -4.696870
v -0.000000 0.388548 -4.698619
v -0.000000 0.389816 -4.700403
v -0.000000 0.391032 -4.702221
v -0.000000 0.392194 -4.704075
v -0.000000 0.393305 -4.705965
v -0.000000 0.394362 -4.707889
v -0.000000 0.395367 -4.709848
v -0.000000 0.396319 -4.711843
v -0.000000 0.397218 -4.713873
v -0.000000 0.398055 -4.715930
v -0.000000 0.398819 -4.718007
v -0.000000 0.399510 -4.720104
v -0.000000 0.400129 -4.722222
v -0.000000 0.400674 -4.724360
v -0.000000 0.401147 -4.726517
v -0.000000 0.401547 -4.728695
v -0.000000 0.401875 -4.730893
v -0.000000 0.402129 -4.733110
v -0.000000 0.402311 -4.735348
v -0.000000 0.402420 -4.737606
v -0.000000 0.402457 -4.739884
v -0.000000 0.402428 -4.741964
v -0.000000 0.402341 -4.743989
v -0.000000 0.402197 -4.745958
v -0.000000 0.401995 -4.747872
v -0.000000 0.401736 -4.749732
v -0.000000 0.401418 -4.751535
v -0.000000 0.401043 -4.753284
v -0.000000 0.400610 -4.754977
v -0.000000 0.400120 -4.756616
v -0.000000 0.399572 -4.758199
v -0.000000 0.398966 -4.759727
v -0.000000 0.398302 -4.761199
v -0.000000 0.397593 -4.762627
v -0.000000 0.396852 -4.764019
v -0.000000 0.396078 -4.765377
v -0.000000 0.395272 -4.766699
v -0.000000 0.394432 -4.767986
v -0.000000 0.393561 -4.769238
v -0.000000 0.392656 -4.770454
v -0.000000 0.391719 -4.771636
v -0.000000 0.390749 -4.772782
v -0.000000 0.389747 -4.773894
v -0.000000 0.388712 -4.774970
v -0.000000 0.387645 -4.776011
v -0.000000 0.385296 -4.778031
v -0.000000 0.382828 -4.779875
v -0.000000 0.380239 -4.781543
v -0.000000 0.377529 -4.783036
v -0.000000 0.374699 -4.784353
v -0.000000 0.371749 -4.785495
v -0.000000 0.368678 -4.786461
v -0.000000 0.365487 -4.787251
v -0.000000 0.362175 -4.787866
v -0.000000 0.358743 -4.788305
v -0.000000 0.355190 -4.788568
v -0.000000 0.351518 -4.788656
v -0.000000 0.349229 -4.788620
v -0.000000 0.346941 -4.788511
v -0.000000 0.344653 -4.788329
v -0.000000 0.342365 -4.788074
v -0.000000 0.340077 -4.787747
v -0.000000 0.337789 -4.787347
v -0.000000 0.335501 -4.786874
v -0.000000 0.333213 -4.786328
v -0.000000 0.330925 -4.785710
v -0.000000 0.328637 -4.785018
v -0.000000 0.326349 -4.784255
v -0.000000 0.324061 -4.783418
v -0.000000 0.321795 -4.782501
v -0.000000 0.319575 -4.781496
v -0.000000 0.317400 -4.780404
v -0.000000 0.315270 -4.779223
v -0.000000 0.313185 -4.777955
v -0.000000 0.311145 -4.776598
v -0.000000 0.309151 -4.775155
v -0.000000 0.307202 -4.773623
v -0.000000 0.305297 -4.772004
v -0.000000 0.303438 -4.770297
v -0.000000 0.301624 -4.768501
v -0.000000 0.299856 -4.766618
v -0.000000 0.298207 -4.764796
v -0.000000 0.296634 -4.762940
v -0.000000 0.295137 -4.761053
v -0.000000 0.293714 -4.759132
v -0.000000 0.292367 -4.757179
v -0.000000 0.291095 -4.755193
v -0.000000 0.289898 -4.753175
v -0.000000 0.288777 -4.751124
v -0.000000 0.287731 -4.749040
v -0.000000 0.286760 -4.746924
v -0.000000 0.285864 -4.744775
v -0.000000 0.285044 -4.742594
v -0.000000 0.284293 -4.740405
v -0.000000 0.283608 -4.738233
v -0.000000 0.282989 -4.736079
v -0.000000 0.282434 -4.733943
v -0.000000 0.281945 -4.731824
v -0.000000 0.281521 -4.729723
v -0.000000 0.281162 -4.727640
v -0.000000 0.280869 -4.725574
v -0.000000 0.280641 -4.723525
v -0.000000 0.280477 -4.721494
v -0.000000 0.280380 -4.719481
v -0.000000 0.404624 -3.709537
v -0.000000 0.404624 -3.768786
v -0.000000 0.325506 -3.761560
v -0.000000 0.332532 -3.765694
v -0.000000 0.339279 -3.770025
v -0.000000 0.345748 -3.774555
v -0.000000 0.351939 -3.779283
v -0.000000 0.357851 -3.784209
v -0.000000 0.363485 -3.789333
v -0.000000 0.368840 -3.794656
v -0.000000 0.373916 -3.800176
v -0.000000 0.378715 -3.805895
v -0.000000 0.383234 -3.811812
v -0.000000 0.387475 -3.817928
v -0.000000 0.391438 -3.824241
v -0.000000 0.395102 -3.830728
v -0.000000 0.398448 -3.837363
v -0.000000 0.401475 -3.844145
v -0.000000 0.404183 -3.851076
v -0.000000 0.406573 -3.858154
v -0.000000 0.408644 -3.865381
v -0.000000 0.410396 -3.872756
v -0.000000 0.411830 -3.880279
v -0.000000 0.412945 -3.887949
v -0.000000 0.413742 -3.895768
v -0.000000 0.414219 -3.903735
v -0.000000 0.414379 -3.911849
v -0.000000 0.414198 -3.920196
v -0.000000 0.413656 -3.928257
v -0.000000 0.412753 -3.936032
v -0.000000 0.411489 -3.943521
v -0.000000 0.409863 -3.950724
v -0.000000 0.407876 -3.957641
v -0.000000 0.405528 -3.964272
v -0.000000 0.402818 -3.970616
v -0.000000 0.399747 -3.976675
v -0.000000 0.396315 -3.982448
v -0.000000 0.392522 -3.987935
v -0.000000 0.388367 -3.993136
v -0.000000 0.321171 -3.980491
v -0.000000 0.326249 -3.974716
v -0.000000 0.330885 -3.968709
v -0.000000 0.335080 -3.962472
v -0.000000 0.338833 -3.956005
v -0.000000 0.342145 -3.949306
v -0.000000 0.345015 -3.942377
v -0.000000 0.347443 -3.935216
v -0.000000 0.349430 -3.927825
v -0.000000 0.350976 -3.920204
v -0.000000 0.352079 -3.912351
v -0.000000 0.352742 -3.904268
v -0.000000 0.352963 -3.895954
v -0.000000 0.352677 -3.885965
v -0.000000 0.351819 -3.876229
v -0.000000 0.350389 -3.866747
v -0.000000 0.348386 -3.857518
v -0.000000 0.345812 -3.848543
v -0.000000 0.342666 -3.839821
v -0.000000 0.338948 -3.831352
v -0.000000 0.334658 -3.823137
v -0.000000 0.329796 -3.815175
v -0.000000 0.324362 -3.807467
v -0.000000 0.318356 -3.800012
v -0.000000 0.311778 -3.792810
v -0.000000 0.304698 -3.785933
v -0.000000 0.297186 -3.779449
v -0.000000 0.289243 -3.773358
v -0.000000 0.280869 -3.767662
v -0.000000 0.272063 -3.762360
v -0.000000 0.262825 -3.757451
v -0.000000 0.253156 -3.752936
v -0.000000 0.243056 -3.748816
v -0.000000 0.232524 -3.745089
v -0.000000 0.221560 -3.741755
v -0.000000 0.210165 -3.738816
v -0.000000 0.198338 -3.736271
v -0.000000 0.000000 -3.697615
v -0.000000 0.000000 -3.631141
v -0.000000 -0.010477 -3.318280
v -0.000000 -0.010198 -3.305007
v -0.000000 -0.009363 -3.292284
v -0.000000 -0.007970 -3.280110
v -0.000000 -0.006021 -3.268485
v -0.000000 -0.003515 -3.257410
v -0.000000 -0.000451 -3.246884
v -0.000000 0.003169 -3.236908
v -0.000000 0.007346 -3.227481
v -0.000000 0.012080 -3.218603
v -0.000000 0.017371 -3.210275
v -0.000000 0.023219 -3.202497
v -0.000000 0.029624 -3.195267
v -0.000000 0.036576 -3.188602
v -0.000000 0.044065 -3.182517
v -0.000000 0.052091 -3.177012
v -0.000000 0.060654 -3.172086
v -0.000000 0.069753 -3.167739
v -0.000000 0.079390 -3.163972
v -0.000000 0.089563 -3.160785
v -0.000000 0.100273 -3.158177
v -0.000000 0.111520 -3.156148
v -0.000000 0.123304 -3.154700
v -0.000000 0.135625 -3.153830
v -0.000000 0.148483 -3.153540
v -0.000000 0.157357 -3.153666
v -0.000000 0.166155 -3.154042
v -0.000000 0.174878 -3.154669
v -0.000000 0.183526 -3.155547
v -0.000000 0.192099 -3.156676
v -0.000000 0.200596 -3.158056
v -0.000000 0.209018 -3.159687
v -0.000000 0.217365 -3.161568
v -0.000000 0.225637 -3.163701
v -0.000000 0.233833 -3.166084
v -0.000000 0.241954 -3.168719
v -0.000000 0.250000 -3.171604
v -0.000000 0.257933 -3.174709
v -0.000000 0.265715 -3.178001
v -0.000000 0.273347 -3.181482
v -0.000000 0.280829 -3.185152
v -0.000000 0.288159 -3.189009
v -0.000000 0.295340 -3.193054
v -0.000000 0.302370 -3.197288
v -0.000000 0.309249 -3.201710
v -0.000000 0.315977 -3.206320
v -0.000000 0.322556 -3.211118
v -0.000000 0.328983 -3.216104
v -0.000000 0.335260 -3.221279
v -0.000000 0.341352 -3.226614
v -0.000000 0.347222 -3.232082
v -0.000000 0.352872 -3.237683
v -0.000000 0.358301 -3.243417
v -0.000000 0.363510 -3.249284
v -0.000000 0.368497 -3.255284
v -0.000000 0.373264 -3.261416
v -0.000000 0.377810 -3.267682
v -0.000000 0.382135 -3.274081
v -0.000000 0.386240 -3.280613
v -0.000000 0.390123 -3.287277
v -0.000000 0.393786 -3.294075
v -0.000000 0.397191 -3.300974
v -0.000000 0.400299 -3.307944
v -0.000000 0.403112 -3.314984
v -0.000000 0.405628 -3.322094
v -0.000000 0.407848 -3.329274
v -0.000000 0.409773 -3.336524
v -0.000000 0.411401 -3.343845
v -0.000000 0.412733 -3.351236
v -0.000000 0.413769 -3.358698
v -0.000000 0.414509 -3.366229
v -0.000000 0.414953 -3.373831
v -0.000000 0.415101 -3.381503
v -0.000000 0.414813 -3.392049
v -0.000000 0.413947 -3.402251
v -0.000000 0.412505 -3.412109
v -0.000000 0.410485 -3.421624
v -0.000000 0.407888 -3.430795
v -0.000000 0.404715 -3.439622
v -0.000000 0.400964 -3.448106
v -0.000000 0.396636 -3.456246
v -0.000000 0.391731 -3.464042
v -0.000000 0.386250 -3.471495
v -0.000000 0.380191 -3.478603
v -0.000000 0.373555 -3.485368
v -0.000000 0.366432 -3.491687
v -0.000000 0.358914 -3.497456
v -0.000000 0.350998 -3.502676
v -0.000000 0.342686 -3.507346
v -0.000000 0.333978 -3.511467
v -0.000000 0.324874 -3.515038
v -0.000000 0.315373 -3.518060
v -0.000000 0.305475 -3.520532
v -0.000000 0.295182 -3.522455
v -0.000000 0.284492 -3.523829
v -0.000000 0.273405 -3.524653
v -0.000000 0.261922 -3.524928
v -0.000000 0.256927 -3.524872
v -0.000000 0.251696 -3.524707
v -0.000000 0.246229 -3.524431
v -0.000000 0.240527 -3.524045
v -0.000000 0.234588 -3.523548
v -0.000000 0.228414 -3.522941
v -0.000000 0.222004 -3.522223
v -0.000000 0.215358 -3.521395
v -0.000000 0.208476 -3.520457
v -0.000000 0.201359 -3.519408
v -0.000000 0.194006 -3.518249
v -0.000000 0.186416 -3.516980
v -0.000000 0.186416 -3.225433
v -0.000000 0.182829 -3.224741
v -0.000000 0.179291 -3.224109
v -0.000000 0.175804 -3.223537
v -0.000000 0.172367 -3.223025
v -0.000000 0.168980 -3.222573
v -0.000000 0.165643 -3.222182
v -0.000000 0.162357 -3.221851
v -0.000000 0.159120 -3.221580
v -0.000000 0.155934 -3.221369
v -0.000000 0.152798 -3.221219
v -0.000000 0.149712 -3.221128
v -0.000000 0.146676 -3.221098
v -0.000000 0.138762 -3.221291
v -0.000000 0.131157 -3.221871
v -0.000000 0.123860 -3.222837
v -0.000000 0.116872 -3.224189
v -0.000000 0.110192 -3.225928
v -0.000000 0.103821 -3.228053
v -0.000000 0.097758 -3.230564
v -0.000000 0.092004 -3.233462
v -0.000000 0.086559 -3.236746
v -0.000000 0.081422 -3.240416
v -0.000000 0.076594 -3.244473
v -0.000000 0.072074 -3.248916
v -0.000000 0.067890 -3.253718
v -0.000000 0.064071 -3.258851
v -0.000000 0.060615 -3.264316
v -0.000000 0.057523 -3.270111
v -0.000000 0.054794 -3.276238
v -0.000000 0.052430 -3.282696
v -0.000000 0.050429 -3.289485
v -0.000000 0.048792 -3.296605
v -0.000000 0.047519 -3.304056
v -0.000000 0.046609 -3.311838
v -0.000000 0.046064 -3.319952
v -0.000000 0.045882 -3.328396
v -0.000000 0.046165 -3.339703
v -0.000000 0.047016 -3.351226
v -0.000000 0.048433 -3.362965
v -0.000000 0.050418 -3.374919
v -0.000000 0.052969 -3.387090
v -0.000000 0.056088 -3.399476
v -0.000000 0.059773 -3.412078
v -0.000000 0.064026 -3.424895
v -0.000000 0.068845 -3.437929
v -0.000000 0.074231 -3.451178
v -0.000000 0.080185 -3.464643
v -0.000000 0.086705 -3.478323
v -0.000000 0.020593 -3.465318
v -0.000000 0.015630 -3.452651
v -0.000000 0.011099 -3.440059
v -0.000000 0.007000 -3.427542
v -0.000000 0.003332 -3.415101
v -0.000000 0.000095 -3.402735
v -0.000000 -0.002709 -3.390444
v -0.000000 -0.005083 -3.378229
v -0.000000 -0.007025 -3.366088
v -0.000000 -0.008535 -3.354023
v -0.000000 -0.009614 -3.342034
v -0.000000 -0.010261 -3.330119
v -0.000000 0.238078 -3.457009
v -0.000000 0.240886 -3.457586
v -0.000000 0.243648 -3.458112
v -0.000000 0.246365 -3.458589
v -0.000000 0.249037 -3.459016
v -0.000000 0.251664 -3.459392
v -0.000000 0.254245 -3.459718
v -0.000000 0.256782 -3.459994
v -0.000000 0.259273 -3.460220
v -0.000000 0.261719 -3.460396
v -0.000000 0.264120 -3.460521
v -0.000000 0.266476 -3.460596
v -0.000000 0.268786 -3.460621
v -0.000000 0.275531 -3.460459
v -0.000000 0.282038 -3.459974
v -0.000000 0.288306 -3.459165
v -0.000000 0.294336 -3.458032
v -0.000000 0.300128 -3.456576
v -0.000000 0.305681 -3.454796
v -0.000000 0.310996 -3.452692
v -0.000000 0.316073 -3.450265
v -0.000000 0.320911 -3.447514
v -0.000000 0.325511 -3.444439
v -0.000000 0.329873 -3.441041
v -0.000000 0.333996 -3.437319
v -0.000000 0.337833 -3.433321
v -0.000000 0.341337 -3.429095
v -0.000000 0.344507 -3.424641
v -0.000000 0.347343 -3.419958
v -0.000000 0.349845 -3.415047
v -0.000000 0.352014 -3.409908
v -0.000000 0.353849 -3.404540
v -0.000000 0.355351 -3.398944
v -0.000000 0.356519 -3.393120
v -0.000000 0.357353 -3.387067
v -0.000000 0.357854 -3.380786
v -0.000000 0.358020 -3.374277
v -0.000000 0.357792 -3.366575
v -0.000000 0.357107 -3.359004
v -0.000000 0.355966 -3.351562
v -0.000000 0.354367 -3.344251
v -0.000000 0.352313 -3.337071
v -0.000000 0.349801 -3.330021
v -0.000000 0.346833 -3.323102
v -0.000000 0.343409 -3.316313
v -0.000000 0.339528 -3.309655
v -0.000000 0.335190 -3.303127
v -0.000000 0.330396 -3.296729
v -0.000000 0.325145 -3.290462
v -0.000000 0.319517 -3.284414
v -0.000000 0.313594 -3.278671
v -0.000000 0.307375 -3.273234
v -0.000000 0.300859 -3.268104
v -0.000000 0.294048 -3.263279
v -0.000000 0.286940 -3.258761
v -0.000000 0.279537 -3.254548
v -0.000000 0.271837 -3.250642
v -0.000000 0.263841 -3.247042
v -0.000000 0.255550 -3.243748
v -0.000000 0.246962 -3.240760
v -0.000000 0.238078 -3.238078
v -0.000000 0.404624 -2.738439
v -0.000000 0.404624 -2.802746
v -0.000000 0.059249 -2.858382
v -0.000000 0.404624 -3.039740
v -0.000000 0.404624 -3.111272
v -0.000000 0.000000 -2.889451
v -0.000000 0.000000 -2.803468
v -0.000000 -0.010477 -2.399928
v -0.000000 -0.010168 -2.388028
v -0.000000 -0.009242 -2.376656
v -0.000000 -0.007699 -2.365810
v -0.000000 -0.005539 -2.355491
v -0.000000 -0.002762 -2.345699
v -0.000000 0.000632 -2.336434
v -0.000000 0.004644 -2.327696
v -0.000000 0.009273 -2.319484
v -0.000000 0.014519 -2.311800
v -0.000000 0.020382 -2.304642
v -0.000000 0.026862 -2.298012
v -0.000000 0.033960 -2.291908
v -0.000000 0.041589 -2.286310
v -0.000000 0.049906 -2.281200
v -0.000000 0.058910 -2.276576
v -0.000000 0.068602 -2.272439
v -0.000000 0.078981 -2.268788
v -0.000000 0.090047 -2.265625
v -0.000000 0.101801 -2.262948
v -0.000000 0.114242 -2.260758
v -0.000000 0.127371 -2.259054
v -0.000000 0.141187 -2.257837
v -0.000000 0.155691 -2.257107
v -0.000000 0.170882 -2.256864
v -0.000000 0.174715 -2.256878
v -0.000000 0.178508 -2.256919
v -0.000000 0.182262 -2.256988
v -0.000000 0.185975 -2.257085
v -0.000000 0.189648 -2.257209
v -0.000000 0.193280 -2.257361
v -0.000000 0.196873 -2.257540
v -0.000000 0.200426 -2.257747
v -0.000000 0.203938 -2.257982
v -0.000000 0.207410 -2.258244
v -0.000000 0.210842 -2.258534
v -0.000000 0.214234 -2.258851
v -0.000000 0.217624 -2.259196
v -0.000000 0.221048 -2.259569
v -0.000000 0.224508 -2.259969
v -0.000000 0.228003 -2.260396
v -0.000000 0.231533 -2.260852
v -0.000000 0.235098 -2.261335
v -0.000000 0.238698 -2.261845
v -0.000000 0.242333 -2.262383
v -0.000000 0.246004 -2.262949
v -0.000000 0.249709 -2.263543
v -0.000000 0.253450 -2.264163
v -0.000000 0.257226 -2.264812
v -0.000000 0.261418 -2.265541
v -0.000000 0.265565 -2.266282
v -0.000000 0.269667 -2.267036
v -0.000000 0.273724 -2.267803
v -0.000000 0.277735 -2.268582
v -0.000000 0.281702 -2.269373
v -0.000000 0.285623 -2.270177
v -0.000000 0.289499 -2.270994
v -0.000000 0.293330 -2.271823
v -0.000000 0.297116 -2.272665
v -0.000000 0.300857 -2.273519
v -0.000000 0.304552 -2.274386
v -0.000000 0.308250 -2.275280
v -0.000000 0.311998 -2.276217
v -0.000000 0.315797 -2.277197
v -0.000000 0.319645 -2.278219
v -0.000000 0.323544 -2.279284
v -0.000000 0.327493 -2.280392
v -0.000000 0.331492 -2.281542
v -0.000000 0.335541 -2.282735
v -0.000000 0.339641 -2.283971
v -0.000000 0.343790 -2.285249
v -0.000000 0.347990 -2.286570
v -0.000000 0.352240 -2.287934
v -0.000000 0.355223 -2.288894
v -0.000000 0.358151 -2.289850
v -0.000000 0.361023 -2.290801
v -0.000000 0.363841 -2.291747
v -0.000000 0.366603 -2.292688
v -0.000000 0.369310 -2.293623
v -0.000000 0.371962 -2.294554
v -0.000000 0.374559 -2.295480
v -0.000000 0.377100 -2.296401
v -0.000000 0.379586 -2.297317
v -0.000000 0.382017 -2.298227
v -0.000000 0.384393 -2.299133
v -0.000000 0.386739 -2.300041
v -0.000000 0.389080 -2.300959
v -0.000000 0.391415 -2.301887
v -0.000000 0.393746 -2.302826
v -0.000000 0.396072 -2.303774
v -0.000000 0.398392 -2.304733
v -0.000000 0.400708 -2.305701
v -0.000000 0.403019 -2.306679
v -0.000000 0.405324 -2.307668
v -0.000000 0.407625 -2.308666
v -0.000000 0.409920 -2.309675
v -0.000000 0.412211 -2.310694
v -0.000000 0.414769 -2.311892
v -0.000000 0.417264 -2.313077
v -0.000000 0.419696 -2.314250
v -0.000000 0.422066 -2.315410
v -0.000000 0.424373 -2.316558
v -0.000000 0.426617 -2.317693
v -0.000000 0.428798 -2.318816
v -0.000000 0.430917 -2.319926
v -0.000000 0.432973 -2.321024
v -0.000000 0.434966 -2.322109
v -0.000000 0.436897 -2.323181
v -0.000000 0.438765 -2.324241
v -0.000000 0.440590 -2.325294
v -0.000000 0.442392 -2.326344
v -0.000000 0.444172 -2.327391
v -0.000000 0.445930 -2.328436
v -0.000000 0.447665 -2.329479
v -0.000000 0.449377 -2.330518
v -0.000000 0.451067 -2.331556
v -0.000000 0.452734 -2.332591
v -0.000000 0.454378 -2.333623
v -0.000000 0.456000 -2.334653
v -0.000000 0.457600 -2.335680
v -0.000000 0.459176 -2.336705
v -0.000000 0.466660 -2.341893
v -0.000000 0.473818 -2.347222
v -0.000000 0.480649 -2.352691
v -0.000000 0.487155 -2.358301
v -0.000000 0.493334 -2.364051
v -0.000000 0.499187 -2.369942
v -0.000000 0.504714 -2.375973
v -0.000000 0.509915 -2.382145
v -0.000000 0.514790 -2.388457
v -0.000000 0.519338 -2.394910
v -0.000000 0.523561 -2.401503
v -0.000000 0.527457 -2.408237
v -0.000000 0.529113 -2.411333
v -0.000000 0.530708 -2.414479
v -0.000000 0.532244 -2.417675
v -0.000000 0.533719 -2.420922
v -0.000000 0.535134 -2.424218
v -0.000000 0.536489 -2.427565
v -0.000000 0.537783 -2.430962
v -0.000000 0.539017 -2.434409
v -0.000000 0.540192 -2.437907
v -0.000000 0.541306 -2.441454
v -0.000000 0.542359 -2.445052
v -0.000000 0.543353 -2.448699
v -0.000000 0.544276 -2.452418
v -0.000000 0.545119 -2.456226
v -0.000000 0.545882 -2.460124
v -0.000000 0.546564 -2.464113
v -0.000000 0.547166 -2.468193
v -0.000000 0.547688 -2.472363
v -0.000000 0.548130 -2.476623
v -0.000000 0.548491 -2.480973
v -0.000000 0.548772 -2.485414
v -0.000000 0.548973 -2.489944
v -0.000000 0.549093 -2.494566
v -0.000000 0.549133 -2.499277
v -0.000000 0.549060 -2.505236
v -0.000000 0.548842 -2.511069
v -0.000000 0.548478 -2.516777
v -0.000000 0.547969 -2.522359
v -0.000000 0.547314 -2.527815
v -0.000000 0.546514 -2.533147
v -0.000000 0.545568 -2.538352
v -0.000000 0.544477 -2.543433
v -0.000000 0.543240 -2.548388
v -0.000000 0.541857 -2.553217
v -0.000000 0.540330 -2.557921
v -0.000000 0.538656 -2.562500
v -0.000000 0.536820 -2.566956
v -0.000000 0.534803 -2.571291
v -0.000000 0.532605 -2.575505
v -0.000000 0.530226 -2.579600
v -0.000000 0.527667 -2.583574
v -0.000000 0.524928 -2.587427
v -0.000000 0.522008 -2.591161
v -0.000000 0.518907 -2.594773
v -0.000000 0.515625 -2.598266
v -0.000000 0.512163 -2.601638
v -0.000000 0.508520 -2.604889
v -0.000000 0.504697 -2.608020
v -0.000000 0.497082 -2.613617
v -0.000000 0.488811 -2.618728
v -0.000000 0.479882 -2.623352
v -0.000000 0.470296 -2.627489
v -0.000000 0.460052 -2.631139
v -0.000000 0.449151 -2.634303
v -0.000000 0.437593 -2.636980
v -0.000000 0.425377 -2.639170
v -0.000000 0.412505 -2.640873
v -0.000000 0.398974 -2.642090
v -0.000000 0.384787 -2.642820
v -0.000000 0.369942 -2.643064
v -0.000000 0.362985 -2.643008
v -0.000000 0.355963 -2.642843
v -0.000000 0.348876 -2.642567
v -0.000000 0.341723 -2.642180
v -0.000000 0.334505 -2.641684
v -0.000000 0.327222 -2.641077
v -0.000000 0.319874 -2.640359
v -0.000000 0.312460 -2.639531
v -0.000000 0.304981 -2.638593
v -0.000000 0.297437 -2.637544
v -0.000000 0.289828 -2.636385
v -0.000000 0.282153 -2.635116
v -0.000000 0.274313 -2.633681
v -0.000000 0.266448 -2.632145
v -0.000000 0.258558 -2.630509
v -0.000000 0.250642 -2.628773
v -0.000000 0.242702 -2.626937
v -0.000000 0.234736 -2.625000
v -0.000000 0.226746 -2.622962
v -0.000000 0.218730 -2.620825
v -0.000000 0.210689 -2.618587
v -0.000000 0.202623 -2.616249
v -0.000000 0.194532 -2.613811
v -0.000000 0.186416 -2.611272
v -0.000000 0.183435 -2.610312
v -0.000000 0.180511 -2.609360
v -0.000000 0.177644 -2.608415
v -0.000000 0.174836 -2.607478
v -0.000000 0.172085 -2.606549
v -0.000000 0.169391 -2.605627
v -0.000000 0.166756 -2.604712
v -0.000000 0.164178 -2.603805
v -0.000000 0.161658 -2.602906
v -0.000000 0.159195 -2.602014
v -0.000000 0.156791 -2.601130
v -0.000000 0.154444 -2.600253
v -0.000000 0.152127 -2.599374
v -0.000000 0.149812 -2.598482
v -0.000000 0.147501 -2.597577
v -0.000000 0.145191 -2.596660
v -0.000000 0.142884 -2.595731
v -0.000000 0.140580 -2.594789
v -0.000000 0.138278 -2.593834
v -0.000000 0.135979 -2.592867
v -0.000000 0.133682 -2.591887
v -0.000000 0.131388 -2.590895
v -0.000000 0.129096 -2.589890
v -0.000000 0.126806 -2.588873
v -0.000000 0.125044 -2.588017
v -0.000000 0.123249 -2.587137
v -0.000000 0.121421 -2.586231
v -0.000000 0.119561 -2.585300
v -0.000000 0.117668 -2.584344
v -0.000000 0.115743 -2.583364
v -0.000000 0.113784 -2.582357
v -0.000000 0.111794 -2.581326
v -0.000000 0.109770 -2.580270
v -0.000000 0.107714 -2.579189
v -0.000000 0.105626 -2.578082
v -0.000000 0.103504 -2.576951
v -0.000000 0.101376 -2.575802
v -0.000000 0.099265 -2.574643
v -0.000000 0.097171 -2.573474
v -0.000000 0.095095 -2.572294
v -0.000000 0.093036 -2.571105
v -0.000000 0.090995 -2.569906
v -0.000000 0.088972 -2.568697
v -0.000000 0.086966 -2.567477
v -0.000000 0.084978 -2.566248
v -0.000000 0.083007 -2.565009
v -0.000000 0.081054 -2.563760
v -0.000000 0.079119 -2.562500
v -0.000000 0.072026 -2.557645
v -0.000000 0.065200 -2.552595
v -0.000000 0.058639 -2.547349
v -0.000000 0.052344 -2.541908
v -0.000000 0.046316 -2.536270
v -0.000000 0.040553 -2.530437
v -0.000000 0.035056 -2.524408
v -0.000000 0.029825 -2.518184
v -0.000000 0.024860 -2.511764
v -0.000000 0.020161 -2.505148
v -0.000000 0.015728 -2.498337
v -0.000000 0.011561 -2.491329
v -0.000000 0.008041 -2.484679
v -0.000000 0.004827 -2.477852
v -0.000000 0.001919 -2.470850
v -0.000000 -0.000682 -2.463672
v -0.000000 -0.002978 -2.456319
v -0.000000 -0.004967 -2.448790
v -0.000000 -0.006651 -2.441085
v -0.000000 -0.008028 -2.433205
v -0.000000 -0.009099 -2.425149
v -0.000000 -0.009865 -2.416918
v -0.000000 -0.010324 -2.408510
v -0.000000 0.048772 -2.407153
v -0.000000 0.048900 -2.412582
v -0.000000 0.049284 -2.417911
v -0.000000 0.049923 -2.423139
v -0.000000 0.050819 -2.428267
v -0.000000 0.051971 -2.433295
v -0.000000 0.053378 -2.438222
v -0.000000 0.055041 -2.443049
v -0.000000 0.056961 -2.447776
v -0.000000 0.059136 -2.452402
v -0.000000 0.061567 -2.456928
v -0.000000 0.064254 -2.461354
v -0.000000 0.067197 -2.465679
v -0.000000 0.068965 -2.468059
v -0.000000 0.070779 -2.470381
v -0.000000 0.072638 -2.472645
v -0.000000 0.074543 -2.474852
v -0.000000 0.076492 -2.477000
v -0.000000 0.078486 -2.479092
v -0.000000 0.080526 -2.481125
v -0.000000 0.082611 -2.483101
v -0.000000 0.084741 -2.485019
v -0.000000 0.086916 -2.486879
v -0.000000 0.089136 -2.488682
v -0.000000 0.091402 -2.490426
v -0.000000 0.093695 -2.492124
v -0.000000 0.095998 -2.493783
v -0.000000 0.098311 -2.495405
v -0.000000 0.100634 -2.496989
v -0.000000 0.102968 -2.498536
v -0.000000 0.105311 -2.500045
v -0.000000 0.107664 -2.501517
v -0.000000 0.110027 -2.502950
v -0.000000 0.112401 -2.504347
v -0.000000 0.114784 -2.505705
v -0.000000 0.117178 -2.507026
v -0.000000 0.119581 -2.508309
v -0.000000 0.123977 -2.510580
v -0.000000 0.128492 -2.512815
v -0.000000 0.133129 -2.515015
v -0.000000 0.137885 -2.517180
v -0.000000 0.142763 -2.519310
v -0.000000 0.147760 -2.521405
v -0.000000 0.152878 -2.523465
v -0.000000 0.158117 -2.525490
v -0.000000 0.163476 -2.527479
v -0.000000 0.168955 -2.529434
v -0.000000 0.174555 -2.531353
v -0.000000 0.180275 -2.533237
v -0.000000 0.186037 -2.535076
v -0.000000 0.191765 -2.536860
v -0.000000 0.197458 -2.538588
v -0.000000 0.203115 -2.540262
v -0.000000 0.208737 -2.541880
v -0.000000 0.214325 -2.543443
v -0.000000 0.219877 -2.544951
v -0.000000 0.225393 -2.546403
v -0.000000 0.230875 -2.547801
v -0.000000 0.236322 -2.549143
v -0.000000 0.241734 -2.550430
v -0.000000 0.247110 -2.551662
v -0.000000 0.253303 -2.553018
v -0.000000 0.259478 -2.554316
v -0.000000 0.265636 -2.555557
v -0.000000 0.271777 -2.556740
v -0.000000 0.277900 -2.557865
v -0.000000 0.284005 -2.558933
v -0.000000 0.290093 -2.559943
v -0.000000 0.296163 -2.560895
v -0.000000 0.302215 -2.561789
v -0.000000 0.308250 -2.562626
v -0.000000 0.314268 -2.563405
v -0.000000 0.320267 -2.564126
v -0.000000 0.326212 -2.564789
v -0.000000 0.332064 -2.565395
v -0.000000 0.337823 -2.565943
v -0.000000 0.343489 -2.566434
v -0.000000 0.349063 -2.566866
v -0.000000 0.354543 -2.567241
v -0.000000 0.359931 -2.567559
v -0.000000 0.365226 -2.567818
v -0.000000 0.370428 -2.568020
v -0.000000 0.375537 -2.568165
v -0.000000 0.380553 -2.568251
v -0.000000 0.385477 -2.568280
v -0.000000 0.390569 -2.568248
v -0.000000 0.395487 -2.568150
v -0.000000 0.400233 -2.567987
v -0.000000 0.404805 -2.567758
v -0.000000 0.409204 -2.567465
v -0.000000 0.413430 -2.567106
v -0.000000 0.417483 -2.566682
v -0.000000 0.421363 -2.566193
v -0.000000 0.425070 -2.565639
v -0.000000 0.428604 -2.565019
v -0.000000 0.431964 -2.564334
v -0.000000 0.435152 -2.563584
v -0.000000 0.438206 -2.562768
v -0.000000 0.441168 -2.561888
v -0.000000 0.444037 -2.560942
v -0.000000 0.446813 -2.559931
v -0.000000 0.449496 -2.558855
v -0.000000 0.452086 -2.557713
v -0.000000 0.454584 -2.556506
v -0.000000 0.456989 -2.555234
v -0.000000 0.459301 -2.553897
v -0.000000 0.461520 -2.552495
v -0.000000 0.463646 -2.551027
v -0.000000 0.465679 -2.549494
v -0.000000 0.469545 -2.546062
v -0.000000 0.473075 -2.542389
v -0.000000 0.476269 -2.538476
v -0.000000 0.479127 -2.534321
v -0.000000 0.481648 -2.529925
v -0.000000 0.483833 -2.525289
v -0.000000 0.485682 -2.520412
v -0.000000 0.487195 -2.515294
v -0.000000 0.488372 -2.509935
v -0.000000 0.489212 -2.504335
v -0.000000 0.489716 -2.498495
v -0.000000 0.489884 -2.492413
v -0.000000 0.489757 -2.486929
v -0.000000 0.489373 -2.481555
v -0.000000 0.488733 -2.476291
v -0.000000 0.487837 -2.471138
v -0.000000 0.486686 -2.466095
v -0.000000 0.485278 -2.461163
v -0.000000 0.483615 -2.456341
v -0.000000 0.481696 -2.451629
v -0.000000 0.479521 -2.447028
v -0.000000 0.477089 -2.442537
v -0.000000 0.474403 -2.438157
v -0.000000 0.471460 -2.433887
v -0.000000 0.468281 -2.429841
v -0.000000 0.464887 -2.425889
v -0.000000 0.461276 -2.422033
v -0.000000 0.457450 -2.418272
v -0.000000 0.453409 -2.414607
v -0.000000 0.449151 -2.411037
v -0.000000 0.444678 -2.407562
v -0.000000 0.439989 -2.404183
v -0.000000 0.435084 -2.400899
v -0.000000 0.429964 -2.397710
v -0.000000 0.424627 -2.394617
v -0.000000 0.419075 -2.391618
v -0.000000 0.410575 -2.387283
v -0.000000 0.401694 -2.383069
v -0.000000 0.392431 -2.378974
v -0.000000 0.382787 -2.375000
v -0.000000 0.372762 -2.371147
v -0.000000 0.362356 -2.367414
v -0.000000 0.351568 -2.363801
v -0.000000 0.340398 -2.360308
v -0.000000 0.328848 -2.356936
v -0.000000 0.316916 -2.353685
v -0.000000 0.304602 -2.350554
v -0.000000 0.291908 -2.347543
v -0.000000 0.285893 -2.346187
v -0.000000 0.279890 -2.344889
v -0.000000 0.273900 -2.343649
v -0.000000 0.267923 -2.342466
v -0.000000 0.261958 -2.341341
v -0.000000 0.256006 -2.340273
v -0.000000 0.250066 -2.339264
v -0.000000 0.244139 -2.338312
v -0.000000 0.238225 -2.337417
v -0.000000 0.232323 -2.336581
v -0.000000 0.226433 -2.335802
v -0.000000 0.220556 -2.335079
v -0.000000 0.214720 -2.334416
v -0.000000 0.208951 -2.333810
v -0.000000 0.203249 -2.333262
v -0.000000 0.197616 -2.332772
v -0.000000 0.192050 -2.332339
v -0.000000 0.186552 -2.331964
v -0.000000 0.181121 -2.331646
v -0.000000 0.175759 -2.331387
v -0.000000 0.170464 -2.331185
v -0.000000 0.165237 -2.331041
v -0.000000 0.160077 -2.330954
v -0.000000 0.154986 -2.330925
v -0.000000 0.149721 -2.330959
v -0.000000 0.144644 -2.331060
v -0.000000 0.139756 -2.331229
v -0.000000 0.135055 -2.331466
v -0.000000 0.130543 -2.331771
v -0.000000 0.126219 -2.332144
v -0.000000 0.122084 -2.332584
v -0.000000 0.118136 -2.333092
v -0.000000 0.114376 -2.333668
v -0.000000 0.110805 -2.334312
v -0.000000 0.107422 -2.335023
v -0.000000 0.104227 -2.335802
v -0.000000 0.101170 -2.336646
v -0.000000 0.098201 -2.337553
v -0.000000 0.095319 -2.338523
v -0.000000 0.092526 -2.339555
v -0.000000 0.089820 -2.340650
v -0.000000 0.087202 -2.341808
v -0.000000 0.084672 -2.343029
v -0.000000 0.082230 -2.344312
v -0.000000 0.079875 -2.345658
v -0.000000 0.077608 -2.347066
v -0.000000 0.075429 -2.348538
v -0.000000 0.073338 -2.350072
v -0.000000 0.071221 -2.351847
v -0.000000 0.069204 -2.353680
v -0.000000 0.067287 -2.355570
v -0.000000 0.065471 -2.357518
v -0.000000 0.063755 -2.359524
v -0.000000 0.062139 -2.361588
v -0.000000 0.060624 -2.363709
v -0.000000 0.059209 -2.365888
v -0.000000 0.057894 -2.368124
v -0.000000 0.056680 -2.370419
v -0.000000 0.055566 -2.372771
v -0.000000 0.054552 -2.375181
v -0.000000 0.053629 -2.377638
v -0.000000 0.052786 -2.380133
v -0.000000 0.052023 -2.382666
v -0.000000 0.051341 -2.385236
v -0.000000 0.050739 -2.387844
v -0.000000 0.050217 -2.390490
v -0.000000 0.049775 -2.393173
v -0.000000 0.049414 -2.395894
v -0.000000 0.049133 -2.398652
v -0.000000 0.048932 -2.401448
v -0.000000 0.048812 -2.404282
v -0.000000 -0.010477 -1.536489
v -0.000000 -0.010198 -1.523216
v -0.000000 -0.009363 -1.510492
v -0.000000 -0.007970 -1.498318
v -0.000000 -0.006021 -1.486693
v -0.000000 -0.003515 -1.475618
v -0.000000 -0.000452 -1.465092
v -0.000000 0.003169 -1.455116
v -0.000000 0.007346 -1.445689
v -0.000000 0.012080 -1.436811
v -0.000000 0.017371 -1.428483
v -0.000000 0.023219 -1.420704
v -0.000000 0.029624 -1.413476
v -0.000000 0.036576 -1.406811
v -0.000000 0.044065 -1.400726
v -0.000000 0.052091 -1.395220
v -0.000000 0.060654 -1.390294
v -0.000000 0.069753 -1.385947
v -0.000000 0.079390 -1.382180
v -0.000000 0.089563 -1.378993
v -0.000000 0.100273 -1.376385
v -0.000000 0.111520 -1.374357
v -0.000000 0.123304 -1.372908
v -0.000000 0.135625 -1.372038
v -0.000000 0.148483 -1.371749
v -0.000000 0.157356 -1.371874
v -0.000000 0.166155 -1.372250
v -0.000000 0.174878 -1.372878
v -0.000000 0.183526 -1.373756
v -0.000000 0.192099 -1.374885
v -0.000000 0.200596 -1.376264
v -0.000000 0.209018 -1.377895
v -0.000000 0.217365 -1.379777
v -0.000000 0.225637 -1.381909
v -0.000000 0.233833 -1.384293
v -0.000000 0.241954 -1.386927
v -0.000000 0.250000 -1.389812
v -0.000000 0.257933 -1.392917
v -0.000000 0.265715 -1.396210
v -0.000000 0.273347 -1.399691
v -0.000000 0.280829 -1.403360
v -0.000000 0.288159 -1.407217
v -0.000000 0.295340 -1.411263
v -0.000000 0.302369 -1.415496
v -0.000000 0.309249 -1.419918
v -0.000000 0.315977 -1.424528
v -0.000000 0.322555 -1.429326
v -0.000000 0.328983 -1.434313
v -0.000000 0.335260 -1.439487
v -0.000000 0.341352 -1.444822
v -0.000000 0.347222 -1.450290
v -0.000000 0.352872 -1.455891
v -0.000000 0.358301 -1.461625
v -0.000000 0.363510 -1.467492
v -0.000000 0.368497 -1.473492
v -0.000000 0.373264 -1.479625
v -0.000000 0.377810 -1.485890
v -0.000000 0.382135 -1.492289
v -0.000000 0.386240 -1.498821
v -0.000000 0.390123 -1.505486
v -0.000000 0.393786 -1.512283
v -0.000000 0.397191 -1.519183
v -0.000000 0.400299 -1.526152
v -0.000000 0.403111 -1.533192
v -0.000000 0.405628 -1.540302
v -0.000000 0.407848 -1.547482
v -0.000000 0.409772 -1.554733
v -0.000000 0.411401 -1.562053
v -0.000000 0.412733 -1.569444
v -0.000000 0.413769 -1.576906
v -0.000000 0.414509 -1.584437
v -0.000000 0.414953 -1.592039
v -0.000000 0.415101 -1.599711
v -0.000000 0.414813 -1.610257
v -0.000000 0.413947 -1.620459
v -0.000000 0.412505 -1.630318
v -0.000000 0.410485 -1.639832
v -0.000000 0.407888 -1.649003
v -0.000000 0.404715 -1.657831
v -0.000000 0.400964 -1.666314
v -0.000000 0.396636 -1.674454
v -0.000000 0.391731 -1.682250
v -0.000000 0.386250 -1.689703
v -0.000000 0.380191 -1.696812
v -0.000000 0.373555 -1.703577
v -0.000000 0.366432 -1.709895
v -0.000000 0.358913 -1.715664
v -0.000000 0.350998 -1.720884
v -0.000000 0.342686 -1.725554
v -0.000000 0.333978 -1.729675
v -0.000000 0.324874 -1.733246
v -0.000000 0.315373 -1.736268
v -0.000000 0.305475 -1.738740
v -0.000000 0.295182 -1.740663
v -0.000000 0.284491 -1.742037
v -0.000000 0.273405 -1.742861
v -0.000000 0.261922 -1.743136
v -0.000000 0.256927 -1.743081
v -0.000000 0.251696 -1.742915
v -0.000000 0.246229 -1.742639
v -0.000000 0.240527 -1.742253
v -0.000000 0.234588 -1.741756
v -0.000000 0.228414 -1.741149
v -0.000000 0.222004 -1.740431
v -0.000000 0.215358 -1.739604
v -0.000000 0.208476 -1.738665
v -0.000000 0.201359 -1.737617
v -0.000000 0.194005 -1.736457
v -0.000000 0.186416 -1.735188
v -0.000000 0.186416 -1.443642
v -0.000000 0.182829 -1.442949
v -0.000000 0.179291 -1.442317
v -0.000000 0.175804 -1.441745
v -0.000000 0.172367 -1.441233
v -0.000000 0.168980 -1.440782
v -0.000000 0.165643 -1.440390
v -0.000000 0.162357 -1.440059
v -0.000000 0.159120 -1.439788
v -0.000000 0.155934 -1.439578
v -0.000000 0.152798 -1.439427
v -0.000000 0.149712 -1.439337
v -0.000000 0.146676 -1.439306
v -0.000000 0.138762 -1.439500
v -0.000000 0.131157 -1.440079
v -0.000000 0.123860 -1.441045
v -0.000000 0.116871 -1.442397
v -0.000000 0.110192 -1.444136
v -0.000000 0.103821 -1.446261
v -0.000000 0.097758 -1.448773
v -0.000000 0.092004 -1.451670
v -0.000000 0.086559 -1.454954
v -0.000000 0.081422 -1.458625
v -0.000000 0.076593 -1.462682
v -0.000000 0.072074 -1.467124
v -0.000000 0.067890 -1.471926
v -0.000000 0.064071 -1.477059
v -0.000000 0.060615 -1.482523
v -0.000000 0.057523 -1.488319
v -0.000000 0.054794 -1.494445
v -0.000000 0.052430 -1.500903
v -0.000000 0.050429 -1.507692
v -0.000000 0.048792 -1.514812
v -0.000000 0.047519 -1.522263
v -0.000000 0.046609 -1.530045
v -0.000000 0.046063 -1.538159
v -0.000000 0.045882 -1.546604
v -0.000000 0.046165 -1.557911
v -0.000000 0.047016 -1.569434
v -0.000000 0.048433 -1.581173
v -0.000000 0.050418 -1.593128
v -0.000000 0.052969 -1.605298
v -0.000000 0.056087 -1.617684
v -0.000000 0.059773 -1.630286
v -0.000000 0.064025 -1.643104
v -0.000000 0.068845 -1.656137
v -0.000000 0.074231 -1.669386
v -0.000000 0.080185 -1.682851
v -0.000000 0.086705 -1.696532
v -0.000000 0.020593 -1.683526
v -0.000000 0.015630 -1.670859
v -0.000000 0.011099 -1.658267
v -0.000000 0.007000 -1.645751
v -0.000000 0.003332 -1.633309
v -0.000000 0.000095 -1.620943
v -0.000000 -0.002709 -1.608653
v -0.000000 -0.005083 -1.596437
v -0.000000 -0.007025 -1.584297
v -0.000000 -0.008535 -1.572232
v -0.000000 -0.009614 -1.560242
v -0.000000 -0.010261 -1.548328
v -0.000000 0.238078 -1.675217
v -0.000000 0.240885 -1.675794
v -0.000000 0.243648 -1.676321
v -0.000000 0.246365 -1.676798
v -0.000000 0.249037 -1.677224
v -0.000000 0.251663 -1.677600
v -0.000000 0.254245 -1.677927
v -0.000000 0.256781 -1.678203
v -0.000000 0.259273 -1.678428
v -0.000000 0.261719 -1.678604
v -0.000000 0.264120 -1.678729
v -0.000000 0.266476 -1.678805
v -0.000000 0.268786 -1.678830
v -0.000000 0.275531 -1.678668
v -0.000000 0.282038 -1.678182
v -0.000000 0.288306 -1.677373
v -0.000000 0.294336 -1.676241
v -0.000000 0.300128 -1.674784
v -0.000000 0.305681 -1.673004
v -0.000000 0.310996 -1.670900
v -0.000000 0.316073 -1.668473
v -0.000000 0.320911 -1.665722
v -0.000000 0.325511 -1.662648
v -0.000000 0.329872 -1.659250
v -0.000000 0.333996 -1.655528
v -0.000000 0.337833 -1.651530
v -0.000000 0.341337 -1.647304
v -0.000000 0.344506 -1.642849
v -0.000000 0.347343 -1.638166
v -0.000000 0.349845 -1.633255
v -0.000000 0.352014 -1.628116
v -0.000000 0.353849 -1.622748
v -0.000000 0.355351 -1.617152
v -0.000000 0.356519 -1.611328
v -0.000000 0.357353 -1.605276
v -0.000000 0.357853 -1.598995
v -0.000000 0.358020 -1.592486
v -0.000000 0.357792 -1.584784
v -0.000000 0.357107 -1.577212
v -0.000000 0.355966 -1.569771
v -0.000000 0.354367 -1.562460
v -0.000000 0.352313 -1.555280
v -0.000000 0.349801 -1.548230
v -0.000000 0.346833 -1.541310
v -0.000000 0.343409 -1.534522
v -0.000000 0.339528 -1.527863
v -0.000000 0.335190 -1.521335
v -0.000000 0.330396 -1.514938
v -0.000000 0.325145 -1.508671
v -0.000000 0.319517 -1.502622
v -0.000000 0.313594 -1.496879
v -0.000000 0.307375 -1.491442
v -0.000000 0.300859 -1.486312
v -0.000000 0.294048 -1.481487
v -0.000000 0.286940 -1.476969
v -0.000000 0.279537 -1.472757
v -0.000000 0.271837 -1.468850
v -0.000000 0.263841 -1.465250
v -0.000000 0.255550 -1.461956
v -0.000000 0.246962 -1.458968
v -0.000000 0.238078 -1.456286
v -0.000000 0.404624 -0.964234
v -0.000000 0.404624 -1.018064
v -0.000000 0.369942 -1.018064
v -0.000000 0.377040 -1.023533
v -0.000000 0.383520 -1.029223
v -0.000000 0.389383 -1.035134
v -0.000000 0.394629 -1.041265
v -0.000000 0.399258 -1.047618
v -0.000000 0.403270 -1.054191
v -0.000000 0.406664 -1.060985
v -0.000000 0.409441 -1.068000
v -0.000000 0.411601 -1.075235
v -0.000000 0.413144 -1.082692
v -0.000000 0.414070 -1.090369
v -0.000000 0.414379 -1.098266
v -0.000000 0.414286 -1.102536
v -0.000000 0.414007 -1.106676
v -0.000000 0.413543 -1.110685
v -0.000000 0.412893 -1.114563
v -0.000000 0.412058 -1.118312
v -0.000000 0.411037 -1.121929
v -0.000000 0.409830 -1.125417
v -0.000000 0.408438 -1.128773
v -0.000000 0.406860 -1.132000
v -0.000000 0.405096 -1.135096
v -0.000000 0.403147 -1.138061
v -0.000000 0.401012 -1.140896
v -0.000000 0.398709 -1.143575
v -0.000000 0.396255 -1.146074
v -0.000000 0.393651 -1.148392
v -0.000000 0.390896 -1.150530
v -0.000000 0.387991 -1.152487
v -0.000000 0.384935 -1.154263
v -0.000000 0.381729 -1.155859
v -0.000000 0.378372 -1.157274
v -0.000000 0.374865 -1.158508
v -0.000000 0.371207 -1.159562
v -0.000000 0.367398 -1.160435
v -0.000000 0.363439 -1.161127
v -0.000000 0.371576 -1.166195
v -0.000000 0.379004 -1.171644
v -0.000000 0.385725 -1.177475
v -0.000000 0.391739 -1.183687
v -0.000000 0.397045 -1.190280
v -0.000000 0.401644 -1.197254
v -0.000000 0.405535 -1.204610
v -0.000000 0.408719 -1.212348
v -0.000000 0.411195 -1.220466
v -0.000000 0.412964 -1.228966
v -0.000000 0.414025 -1.237848
v -0.000000 0.414379 -1.247110
v -0.000000 0.414242 -1.252488
v -0.000000 0.413832 -1.257662
v -0.000000 0.413148 -1.262633
v -0.000000 0.412191 -1.267401
v -0.000000 0.410960 -1.271966
v -0.000000 0.409456 -1.276328
v -0.000000 0.407679 -1.280486
v -0.000000 0.405628 -1.284441
v -0.000000 0.403303 -1.288193
v -0.000000 0.400706 -1.291742
v -0.000000 0.397834 -1.295087
v -0.000000 0.394689 -1.298230
v -0.000000 0.391296 -1.301144
v -0.000000 0.387680 -1.303804
v -0.000000 0.383840 -1.306212
v -0.000000 0.379777 -1.308365
v -0.000000 0.375491 -1.310266
v -0.000000 0.370981 -1.311913
v -0.000000 0.366248 -1.313307
v -0.000000 0.361292 -1.314447
v -0.000000 0.356112 -1.315334
v -0.000000 0.350710 -1.315967
v -0.000000 0.345083 -1.316347
v -0.000000 0.339234 -1.316474
v -0.000000 0.335256 -1.316446
v -0.000000 0.331271 -1.316364
v -0.000000 0.327278 -1.316226
v -0.000000 0.323278 -1.316032
v -0.000000 0.319270 -1.315784
v -0.000000 0.315255 -1.315480
v -0.000000 0.311232 -1.315122
v -0.000000 0.307201 -1.314708
v -0.000000 0.303163 -1.314239
v -0.000000 0.299118 -1.313714
v -0.000000 0.295065 -1.313135
v -0.000000 0.291004 -1.312500
v -0.000000 0.286946 -1.311835
v -0.000000 0.282901 -1.311165
v -0.000000 0.278868 -1.310490
v -0.000000 0.274848 -1.309811
v -0.000000 0.270840 -1.309126
v -0.000000 0.266844 -1.308436
v -0.000000 0.262862 -1.307741
v -0.000000 0.258891 -1.307041
v -0.000000 0.254934 -1.306336
v -0.000000 0.250989 -1.305626
v -0.000000 0.247056 -1.304911
v -0.000000 0.243136 -1.304191
v -0.000000 0.000000 -1.256503
v -0.000000 0.000000 -1.195809
v -0.000000 0.231575 -1.240968
v -0.000000 0.233040 -1.241272
v -0.000000 0.234546 -1.241580
v -0.000000 0.236091 -1.241894
v -0.000000 0.237677 -1.242213
v -0.000000 0.239302 -1.242536
v -0.000000 0.240968 -1.242865
v -0.000000 0.242674 -1.243199
v -0.000000 0.244420 -1.243537
v -0.000000 0.246207 -1.243881
v -0.000000 0.248033 -1.244230
v -0.000000 0.249900 -1.244583
v -0.000000 0.251806 -1.244942
v -0.000000 0.253716 -1.245300
v -0.000000 0.255590 -1.245650
v -0.000000 0.257429 -1.245992
v -0.000000 0.259233 -1.246327
v -0.000000 0.261001 -1.246655
v -0.000000 0.262735 -1.246974
v -0.000000 0.264433 -1.247287
v -0.000000 0.266097 -1.247591
v -0.000000 0.267725 -1.247889
v -0.000000 0.269318 -1.248179
v -0.000000 0.270876 -1.248461
v -0.000000 0.272399 -1.248736
v -0.000000 0.273852 -1.248998
v -0.000000 0.275199 -1.249242
v -0.000000 0.276441 -1.249469
v -0.000000 0.277577 -1.249679
v -0.000000 0.278608 -1.249871
v -0.000000 0.279534 -1.250045
v -0.000000 0.280354 -1.250202
v -0.000000 0.281069 -1.250341
v -0.000000 0.281679 -1.250463
v -0.000000 0.282183 -1.250567
v -0.000000 0.282582 -1.250654
v -0.000000 0.282876 -1.250723
v -0.000000 0.286155 -1.251300
v -0.000000 0.289369 -1.251827
v -0.000000 0.292517 -1.252303
v -0.000000 0.295601 -1.252730
v -0.000000 0.298619 -1.253106
v -0.000000 0.301572 -1.253432
v -0.000000 0.304459 -1.253708
v -0.000000 0.307282 -1.253934
v -0.000000 0.310039 -1.254110
v -0.000000 0.312731 -1.254235
v -0.000000 0.315358 -1.254310
v -0.000000 0.317919 -1.254335
v -0.000000 0.324440 -1.254084
v -0.000000 0.330393 -1.253332
v -0.000000 0.335779 -1.252077
v -0.000000 0.340599 -1.250321
v -0.000000 0.344851 -1.248063
v -0.000000 0.348537 -1.245303
v -0.000000 0.351655 -1.242042
v -0.000000 0.354207 -1.238279
v -0.000000 0.356191 -1.234014
v -0.000000 0.357609 -1.229247
v -0.000000 0.358459 -1.223978
v -0.000000 0.358743 -1.218208
v -0.000000 0.358582 -1.213895
v -0.000000 0.358101 -1.209748
v -0.000000 0.357298 -1.205767
v -0.000000 0.356174 -1.201951
v -0.000000 0.354729 -1.198301
v -0.000000 0.352962 -1.194816
v -0.000000 0.350875 -1.191497
v -0.000000 0.348467 -1.188343
v -0.000000 0.345737 -1.185355
v -0.000000 0.342686 -1.182533
v -0.000000 0.339314 -1.179876
v -0.000000 0.335621 -1.177384
v -0.000000 0.333382 -1.176008
v -0.000000 0.331000 -1.174650
v -0.000000 0.328475 -1.173309
v -0.000000 0.325807 -1.171985
v -0.000000 0.322996 -1.170680
v -0.000000 0.320042 -1.169391
v -0.000000 0.316944 -1.168121
v -0.000000 0.313704 -1.166867
v -0.000000 0.310321 -1.165632
v -0.000000 0.306795 -1.164414
v -0.000000 0.303126 -1.163213
v -0.000000 0.299314 -1.162030
v -0.000000 0.295283 -1.160845
v -0.000000 0.290959 -1.159637
v -0.000000 0.286342 -1.158406
v -0.000000 0.281431 -1.157153
v -0.000000 0.276226 -1.155877
v -0.000000 0.270728 -1.154579
v -0.000000 0.264936 -1.153258
v -0.000000 0.258851 -1.151915
v -0.000000 0.252473 -1.150549
v -0.000000 0.245800 -1.149160
v -0.000000 0.238835 -1.147749
v -0.000000 0.231575 -1.146315
v -0.000000 0.000000 -1.101156
v -0.000000 0.000000 -1.040462
v -0.000000 0.231575 -1.085621
v -0.000000 0.236338 -1.086570
v -0.000000 0.240993 -1.087488
v -0.000000 0.245541 -1.088376
v -0.000000 0.249980 -1.089234
v -0.000000 0.254311 -1.090062
v -0.000000 0.258535 -1.090860
v -0.000000 0.262651 -1.091628
v -0.000000 0.266659 -1.092365
v -0.000000 0.270559 -1.093073
v -0.000000 0.274351 -1.093750
v -0.000000 0.278035 -1.094397
v -0.000000 0.281611 -1.095014
v -0.000000 0.285085 -1.095592
v -0.000000 0.288460 -1.096118
v -0.000000 0.291738 -1.096595
v -0.000000 0.294918 -1.097022
v -0.000000 0.298000 -1.097398
v -0.000000 0.300985 -1.097724
v -0.000000 0.303871 -1.098000
v -0.000000 0.306660 -1.098226
v -0.000000 0.309350 -1.098402
v -0.000000 0.311943 -1.098527
v -0.000000 0.314438 -1.098602
v -0.000000 0.316835 -1.098627
v -0.000000 0.323529 -1.098376
v -0.000000 0.329640 -1.097624
v -0.000000 0.335170 -1.096369
v -0.000000 0.340117 -1.094613
v -0.000000 0.344483 -1.092355
v -0.000000 0.348266 -1.089595
v -0.000000 0.351467 -1.086334
v -0.000000 0.354086 -1.082571
v -0.000000 0.356124 -1.078306
v -0.000000 0.357579 -1.073539
v -0.000000 0.358452 -1.068270
v -0.000000 0.358743 -1.062500
v -0.000000 0.358595 -1.058308
v -0.000000 0.358151 -1.054281
v -0.000000 0.357411 -1.050420
v -0.000000 0.356375 -1.046725
v -0.000000 0.355042 -1.043195
v -0.000000 0.353414 -1.039830
v -0.000000 0.351490 -1.036632
v -0.000000 0.349270 -1.033598
v -0.000000 0.346753 -1.030731
v -0.000000 0.343941 -1.028029
v -0.000000 0.340832 -1.025492
v -0.000000 0.337428 -1.023121
v -0.000000 0.335238 -1.021744
v -0.000000 0.332882 -1.020382
v -0.000000 0.330360 -1.019035
v -0.000000 0.327673 -1.017702
v -0.000000 0.324821 -1.016385
v -0.000000 0.321803 -1.015083
v -0.000000 0.318619 -1.013796
v -0.000000 0.315270 -1.012524
v -0.000000 0.311755 -1.011267
v -0.000000 0.308075 -1.010025
v -0.000000 0.304229 -1.008798
v -0.000000 0.300217 -1.007587
v -0.000000 0.295987 -1.006372
v -0.000000 0.291486 -1.005138
v -0.000000 0.286714 -1.003884
v -0.000000 0.281671 -1.002609
v -0.000000 0.276358 -1.001315
v -0.000000 0.270773 -1.000000
v -0.000000 0.264918 -0.998665
v -0.000000 0.258791 -0.997310
v -0.000000 0.252393 -0.995936
v -0.000000 0.245725 -0.994541
v -0.000000 0.238786 -0.993126
v -0.000000 0.231575 -0.991691
v -0.000000 0.000000 -0.946532
v -0.000000 0.000000 -0.885838
v -0.000000 -0.010477 -0.590318
v -0.000000 -0.010264 -0.581381
v -0.000000 -0.009624 -0.572756
v -0.000000 -0.008558 -0.564442
v -0.000000 -0.007065 -0.556439
v -0.000000 -0.005146 -0.548747
v -0.000000 -0.002800 -0.541366
v -0.000000 -0.000028 -0.534296
v -0.000000 0.003171 -0.527537
v -0.000000 0.006796 -0.521089
v -0.000000 0.010848 -0.514953
v -0.000000 0.015326 -0.509127
v -0.000000 0.020231 -0.503613
v -0.000000 0.025495 -0.498477
v -0.000000 0.031049 -0.493788
v -0.000000 0.036895 -0.489546
v -0.000000 0.043031 -0.485750
v -0.000000 0.049459 -0.482401
v -0.000000 0.056178 -0.479498
v -0.000000 0.063187 -0.477042
v -0.000000 0.070488 -0.475032
v -0.000000 0.078080 -0.473469
v -0.000000 0.085963 -0.472353
v -0.000000 0.094136 -0.471683
v -0.000000 0.102601 -0.471460
v -0.000000 0.110169 -0.471639
v -0.000000 0.117579 -0.472177
v -0.000000 0.124831 -0.473074
v -0.000000 0.131924 -0.474330
v -0.000000 0.138860 -0.475944
v -0.000000 0.145638 -0.477917
v -0.000000 0.152257 -0.480249
v -0.000000 0.158719 -0.482940
v -0.000000 0.165022 -0.485989
v -0.000000 0.171168 -0.489398
v -0.000000 0.177155 -0.493165
v -0.000000 0.182984 -0.497290
v -0.000000 0.188626 -0.501739
v -0.000000 0.194053 -0.506473
v -0.000000 0.199264 -0.511493
v -0.000000 0.204259 -0.516799
v -0.000000 0.209038 -0.522391
v -0.000000 0.213602 -0.528270
v -0.000000 0.217950 -0.534434
v -0.000000 0.222082 -0.540884
v -0.000000 0.225998 -0.547620
v -0.000000 0.229699 -0.554642
v -0.000000 0.233183 -0.561951
v -0.000000 0.236452 -0.569545
v -0.000000 0.239482 -0.577394
v -0.000000 0.242248 -0.585466
v -0.000000 0.244750 -0.593761
v -0.000000 0.246989 -0.602280
v -0.000000 0.248965 -0.611022
v -0.000000 0.250677 -0.619987
v -0.000000 0.252126 -0.629176
v -0.000000 0.253312 -0.638588
v -0.000000 0.254234 -0.648223
v -0.000000 0.254892 -0.658081
v -0.000000 0.255287 -0.668163
v -0.000000 0.255419 -0.678468
v -0.000000 0.255419 -0.767341
v -0.000000 0.285043 -0.772038
v -0.000000 0.290829 -0.771878
v -0.000000 0.296383 -0.771400
v -0.000000 0.301707 -0.770604
v -0.000000 0.306800 -0.769489
v -0.000000 0.311662 -0.768055
v -0.000000 0.316293 -0.766302
v -0.000000 0.320694 -0.764231
v -0.000000 0.324864 -0.761842
v -0.000000 0.328802 -0.759133
v -0.000000 0.332510 -0.756106
v -0.000000 0.335988 -0.752761
v -0.000000 0.339234 -0.749097
v -0.000000 0.342235 -0.745132
v -0.000000 0.344974 -0.740883
v -0.000000 0.347453 -0.736351
v -0.000000 0.349671 -0.731535
v -0.000000 0.351628 -0.726436
v -0.000000 0.353324 -0.721053
v -0.000000 0.354759 -0.715387
v -0.000000 0.355933 -0.709437
v -0.000000 0.356846 -0.703204
v -0.000000 0.357498 -0.696687
v -0.000000 0.357890 -0.689887
v -0.000000 0.358020 -0.682803
v -0.000000 0.357764 -0.672445
v -0.000000 0.356997 -0.661840
v -0.000000 0.355717 -0.650989
v -0.000000 0.353926 -0.639893
v -0.000000 0.351623 -0.628550
v -0.000000 0.348808 -0.616962
v -0.000000 0.345481 -0.605128
v -0.000000 0.341643 -0.593048
v -0.000000 0.337292 -0.580722
v -0.000000 0.332430 -0.568150
v -0.000000 0.327056 -0.555332
v -0.000000 0.321171 -0.542269
v -0.000000 0.386199 -0.554913
v -0.000000 0.390700 -0.567483
v -0.000000 0.394810 -0.579901
v -0.000000 0.398528 -0.592169
v -0.000000 0.401855 -0.604287
v -0.000000 0.404790 -0.616254
v -0.000000 0.407334 -0.628071
v -0.000000 0.409486 -0.639737
v -0.000000 0.411248 -0.651252
v -0.000000 0.412617 -0.662617
v -0.000000 0.413596 -0.673832
v -0.000000 0.414183 -0.684896
v -0.000000 0.414379 -0.695809
v -0.000000 0.414170 -0.706859
v -0.000000 0.413546 -0.717491
v -0.000000 0.412505 -0.727703
v -0.000000 0.411047 -0.737496
v -0.000000 0.409173 -0.746870
v -0.000000 0.406882 -0.755826
v -0.000000 0.404175 -0.764362
v -0.000000 0.401052 -0.772479
v -0.000000 0.397512 -0.780178
v -0.000000 0.393555 -0.787457
v -0.000000 0.389182 -0.794317
v -0.000000 0.384393 -0.800759
v -0.000000 0.379227 -0.806731
v -0.000000 0.373726 -0.812184
v -0.000000 0.367887 -0.817117
v -0.000000 0.361713 -0.821532
v -0.000000 0.355203 -0.825427
v -0.000000 0.348356 -0.828802
v -0.000000 0.341173 -0.831659
v -0.000000 0.333654 -0.833996
v -0.000000 0.325799 -0.835813
v -0.000000 0.317608 -0.837112
v -0.000000 0.309080 -0.837891
v -0.000000 0.300217 -0.838150
v -0.000000 0.296147 -0.838090
v -0.000000 0.291767 -0.837909
v -0.000000 0.287076 -0.837608
v -0.000000 0.282073 -0.837187
v -0.000000 0.276759 -0.836645
v -0.000000 0.271134 -0.835983
v -0.000000 0.265199 -0.835200
v -0.000000 0.258952 -0.834297
v -0.000000 0.252393 -0.833273
v -0.000000 0.245524 -0.832129
v -0.000000 0.238344 -0.830865
v -0.000000 0.230853 -0.829480
v -0.000000 0.000000 -0.784321
v -0.000000 0.000000 -0.725072
v -0.000000 0.059971 -0.729408
v -0.000000 0.048719 -0.720218
v -0.000000 0.038445 -0.710591
v -0.000000 0.029150 -0.700528
v -0.000000 0.020833 -0.690029
v -0.000000 0.013495 -0.679093
v -0.000000 0.007135 -0.667720
v -0.000000 0.001754 -0.655911
v -0.000000 -0.002649 -0.643666
v -0.000000 -0.006074 -0.630984
v -0.000000 -0.008520 -0.617865
v -0.000000 -0.009988 -0.604310
v -0.000000 0.045159 -0.612717
v -0.000000 0.045431 -0.621180
v -0.000000 0.046248 -0.629471
v -0.000000 0.047609 -0.637588
v -0.000000 0.049514 -0.645532
v -0.000000 0.051964 -0.653303
v -0.000000 0.054958 -0.660901
v -0.000000 0.058497 -0.668326
v -0.000000 0.062580 -0.675578
v -0.000000 0.067208 -0.682657
v -0.000000 0.072380 -0.689562
v -0.000000 0.078096 -0.696295
v -0.000000 0.084357 -0.702854
v -0.000000 0.091069 -0.709147
v -0.000000 0.098140 -0.715082
v -0.000000 0.105570 -0.720658
v -0.000000 0.113359 -0.725875
v -0.000000 0.121506 -0.730734
v -0.000000 0.130013 -0.735233
v -0.000000 0.138878 -0.739374
v -0.000000 0.148101 -0.743156
v -0.000000 0.157684 -0.746579
v -0.000000 0.167625 -0.749644
v -0.000000 0.177925 -0.752349
v -0.000000 0.188584 -0.754696
v -0.000000 0.203396 -0.757587
v -0.000000 0.203396 -0.695448
v -0.000000 0.203381 -0.688728
v -0.000000 0.203336 -0.682297
v -0.000000 0.203260 -0.676154
v -0.000000 0.203155 -0.670299
v -0.000000 0.203020 -0.664734
v -0.000000 0.202854 -0.659456
v -0.000000 0.202658 -0.654468
v -0.000000 0.202433 -0.649767
v -0.000000 0.202177 -0.645355
v -0.000000 0.201891 -0.641232
v -0.000000 0.201575 -0.637397
v -0.000000 0.201228 -0.633851
v -0.000000 0.200837 -0.630483
v -0.000000 0.200385 -0.627183
v -0.000000 0.199874 -0.623950
v -0.000000 0.199302 -0.620785
v -0.000000 0.198669 -0.617688
v -0.000000 0.197977 -0.614659
v -0.000000 0.197224 -0.611697
v -0.000000 0.196411 -0.608803
v -0.000000 0.195538 -0.605977
v -0.000000 0.194605 -0.603218
v -0.000000 0.193612 -0.600528
v -0.000000 0.192558 -0.597905
v -0.000000 0.190619 -0.593360
v -0.000000 0.188534 -0.588998
v -0.000000 0.186303 -0.584820
v -0.000000 0.183927 -0.580825
v -0.000000 0.181406 -0.577012
v -0.000000 0.178739 -0.573383
v -0.000000 0.175927 -0.569937
v -0.000000 0.172969 -0.566675
v -0.000000 0.169865 -0.563595
v -0.000000 0.166617 -0.560699
v -0.000000 0.163222 -0.557985
v -0.000000 0.159682 -0.555455
v -0.000000 0.156032 -0.553118
v -0.000000 0.152306 -0.550984
v -0.000000 0.148505 -0.549054
v -0.000000 0.144629 -0.547327
v -0.000000 0.140678 -0.545802
v -0.000000 0.136651 -0.544482
v -0.000000 0.132549 -0.543364
v -0.000000 0.128372 -0.542449
v -0.000000 0.124119 -0.541738
v -0.000000 0.119792 -0.541230
v -0.000000 0.115389 -0.540925
v -0.000000 0.110910 -0.540824
v -0.000000 0.105884 -0.540957
v -0.000000 0.101041 -0.541356
v -0.000000 0.096381 -0.542020
v -0.000000 0.091904 -0.542951
v -0.000000 0.087610 -0.544148
v -0.000000 0.083499 -0.545611
v -0.000000 0.079571 -0.547339
v -0.000000 0.075827 -0.549334
v -0.000000 0.072266 -0.551594
v -0.000000 0.068887 -0.554120
v -0.000000 0.065692 -0.556913
v -0.000000 0.062681 -0.559971
v -0.000000 0.059882 -0.563263
v -0.000000 0.057327 -0.566755
v -0.000000 0.055015 -0.570448
v -0.000000 0.052946 -0.574342
v -0.000000 0.051121 -0.578436
v -0.000000 0.049539 -0.582731
v -0.000000 0.048201 -0.587227
v -0.000000 0.047106 -0.591924
v -0.000000 0.046254 -0.596821
v -0.000000 0.045646 -0.601919
v -0.000000 0.045281 -0.607217
v -0.000000 -0.010477 -0.203757
v -0.000000 -0.010390 -0.196493
v -0.000000 -0.010131 -0.189392
v -0.000000 -0.009698 -0.182453
v -0.000000 -0.009092 -0.175678
v -0.000000 -0.008313 -0.169066
v -0.000000 -0.007361 -0.162617
v -0.000000 -0.006236 -0.156332
v -0.000000 -0.004937 -0.150209
v -0.000000 -0.003466 -0.144249
v -0.000000 -0.001821 -0.138452
v -0.000000 -0.000004 -0.132819
v -0.000000 0.001987 -0.127348
v -0.000000 0.004143 -0.122031
v -0.000000 0.006458 -0.116856
v -0.000000 0.008930 -0.111825
v -0.000000 0.011561 -0.106936
v -0.000000 0.014349 -0.102191
v -0.000000 0.017296 -0.097589
v -0.000000 0.020401 -0.093129
v -0.000000 0.023663 -0.088813
v -0.000000 0.027084 -0.084639
v -0.000000 0.030663 -0.080609
v -0.000000 0.034400 -0.076721
v -0.000000 0.038295 -0.072977
v -0.000000 0.046760 -0.065822
v -0.000000 0.055776 -0.059289
v 0.000000 0.065345 -0.053378
v 0.000000 0.075466 -0.048089
v 0.000000 0.086138 -0.043423
v 0.000000 0.097363 -0.039379
v 0.000000 0.109139 -0.035957
v 0.000000 0.121468 -0.033157
v 0.000000 0.134348 -0.030979
v 0.000000 0.147780 -0.029424
v 0.000000 0.161764 -0.028490
v 0.000000 0.176301 -0.028179
v 0.000000 0.179132 -0.028190
v 0.000000 0.181966 -0.028224
v 0.000000 0.184802 -0.028281
v 0.000000 0.187640 -0.028360
v 0.000000 0.190482 -0.028461
v 0.000000 0.193326 -0.028586
v 0.000000 0.196172 -0.028732
v 0.000000 0.199021 -0.028902
v 0.000000 0.201872 -0.029094
v 0.000000 0.204726 -0.029308
v 0.000000 0.207582 -0.029545
v 0.000000 0.210441 -0.029805
v 0.000000 0.213310 -0.030085
v 0.000000 0.216196 -0.030382
v 0.000000 0.219100 -0.030697
v 0.000000 0.222022 -0.031029
v 0.000000 0.224961 -0.031379
v 0.000000 0.227917 -0.031747
v 0.000000 0.230891 -0.032132
v 0.000000 0.233883 -0.032535
v 0.000000 0.236893 -0.032955
v 0.000000 0.239920 -0.033393
v 0.000000 0.242964 -0.033848
v 0.000000 0.246026 -0.034321
v 0.000000 0.248825 -0.034814
v 0.000000 0.251681 -0.035329
v 0.000000 0.254595 -0.035867
v 0.000000 0.257567 -0.036428
v 0.000000 0.260596 -0.037012
v 0.000000 0.263683 -0.037617
v 0.000000 0.266828 -0.038246
v 0.000000 0.270030 -0.038897
v 0.000000 0.273291 -0.039571
v 0.000000 0.276609 -0.040267
v 0.000000 0.279984 -0.040986
v 0.000000 0.283418 -0.041727
v 0.000000 0.286864 -0.042486
v 0.000000 0.290277 -0.043257
v 0.000000 0.293657 -0.044041
v 0.000000 0.297005 -0.044838
v 0.000000 0.300321 -0.045647
v 0.000000 0.303604 -0.046469
v 0.000000 0.306854 -0.047303
v 0.000000 0.310071 -0.048149
v 0.000000 0.313256 -0.049009
v 0.000000 0.316409 -0.049881
v 0.000000 0.319528 -0.050765
v 0.000000 0.322616 -0.051662
v 0.000000 0.329440 -0.053744
v 0.000000 0.336183 -0.055897
v 0.000000 0.342847 -0.058120
v 0.000000 0.349430 -0.060413
v 0.000000 0.355933 -0.062776
v 0.000000 0.362356 -0.065210
v 0.000000 0.368698 -0.067713
v 0.000000 0.374960 -0.070287
v 0.000000 0.381142 -0.072932
v 0.000000 0.387243 -0.075646
v 0.000000 0.393264 -0.078431
v 0.000000 0.399205 -0.081286
v 0.000000 0.402189 -0.082794
v 0.000000 0.405121 -0.084307
v 0.000000 0.408000 -0.085825
v 0.000000 0.410826 -0.087347
v 0.000000 0.413600 -0.088875
v 0.000000 0.416320 -0.090408
v 0.000000 0.418989 -0.091946
v 0.000000 0.421604 -0.093489
v 0.000000 0.424167 -0.095037
v 0.000000 0.426677 -0.096590
v 0.000000 0.429134 -0.098148
v 0.000000 0.431539 -0.099711
v 0.000000 0.433901 -0.101276
v 0.000000 0.436231 -0.102842
v 0.000000 0.438527 -0.104407
v 0.000000 0.440792 -0.105973
v 0.000000 0.443023 -0.107538
v 0.000000 0.445222 -0.109104
v 0.000000 0.447389 -0.110670
v 0.000000 0.449522 -0.112235
v 0.000000 0.451623 -0.113801
v 0.000000 0.453692 -0.115366
v 0.000000 0.455728 -0.116932
v 0.000000 0.457731 -0.118497
v 0.000000 0.465220 -0.124724
v 0.000000 0.472393 -0.131122
v 0.000000 0.479249 -0.137690
v 0.000000 0.485790 -0.144428
v 0.000000 0.492014 -0.151338
v 0.000000 0.497923 -0.158418
v 0.000000 0.503515 -0.165668
v 0.000000 0.508791 -0.173089
v 0.000000 0.513751 -0.180681
v 0.000000 0.518395 -0.188443
v 0.000000 0.522722 -0.196376
v 0.000000 0.526734 -0.204480
v 0.000000 0.530312 -0.212488
v 0.000000 0.533578 -0.220617
v 0.000000 0.536534 -0.228866
v 0.000000 0.539178 -0.237235
v 0.000000 0.541511 -0.245725
v 0.000000 0.543533 -0.254335
v 0.000000 0.545244 -0.263066
v 0.000000 0.546644 -0.271917
v 0.000000 0.547733 -0.280889
v 0.000000 0.548511 -0.289981
v 0.000000 0.548977 -0.299193
v 0.000000 0.549133 -0.308526
v 0.000000 0.549080 -0.314020
v 0.000000 0.548922 -0.319424
v 0.000000 0.548659 -0.324738
v 0.000000 0.548290 -0.329961
v 0.000000 0.547816 -0.335094
v 0.000000 0.547236 -0.340137
v 0.000000 0.546551 -0.345090
v 0.000000 0.545761 -0.349952
v 0.000000 0.544865 -0.354724
v 0.000000 0.543864 -0.359405
v 0.000000 0.542758 -0.363996
v 0.000000 0.541546 -0.368497
v 0.000000 0.540234 -0.373470
v 0.000000 0.538827 -0.378392
v 0.000000 0.537324 -0.383264
v 0.000000 0.535726 -0.388086
v 0.000000 0.534032 -0.392858
v 0.000000 0.532243 -0.397579
v 0.000000 0.530359 -0.402251
v 0.000000 0.528380 -0.406872
v 0.000000 0.526305 -0.411443
v 0.000000 0.524135 -0.415964
v 0.000000 0.521869 -0.420435
v 0.000000 0.519509 -0.424855
v 0.000000 0.444725 -0.410043
v 0.000000 0.446745 -0.407936
v 0.000000 0.448709 -0.405828
v 0.000000 0.450619 -0.403721
v 0.000000 0.452473 -0.401614
v 0.000000 0.454272 -0.399506
v 0.000000 0.456015 -0.397399
v 0.000000 0.457704 -0.395291
v 0.000000 0.459337 -0.393184
v 0.000000 0.460915 -0.391077
v 0.000000 0.462438 -0.388969
v 0.000000 0.463906 -0.386862
v 0.000000 0.465318 -0.384754
v 0.000000 0.466680 -0.382657
v 0.000000 0.467997 -0.380580
v 0.000000 0.469269 -0.378522
v 0.000000 0.470496 -0.376485
v 0.000000 0.471678 -0.374468
v 0.000000 0.472814 -0.372471
v 0.000000 0.473906 -0.370494
v 0.000000 0.474952 -0.368537
v 0.000000 0.475953 -0.366600
v 0.000000 0.476909 -0.364684
v 0.000000 0.477819 -0.362787
v 0.000000 0.478685 -0.360910
v 0.000000 0.480474 -0.356718
v 0.000000 0.482107 -0.352451
v 0.000000 0.483585 -0.348108
v 0.000000 0.484907 -0.343690
v 0.000000 0.486073 -0.339196
v 0.000000 0.487085 -0.334628
v 0.000000 0.487940 -0.329984
v 0.000000 0.488640 -0.325265
v 0.000000 0.489184 -0.320470
v 0.000000 0.489573 -0.315601
v 0.000000 0.489807 -0.310656
v 0.000000 0.489884 -0.305636
v 0.000000 0.489782 -0.299655
v 0.000000 0.489473 -0.293754
v 0.000000 0.488959 -0.287933
v 0.000000 0.488239 -0.282193
v 0.000000 0.487313 -0.276533
v 0.000000 0.486181 -0.270954
v 0.000000 0.484844 -0.265454
v 0.000000 0.483301 -0.260035
v 0.000000 0.481553 -0.254696
v 0.000000 0.479598 -0.249438
v 0.000000 0.477438 -0.244260
v 0.000000 0.475072 -0.239162
v 0.000000 0.472445 -0.233974
v 0.000000 0.469623 -0.228886
v 0.000000 0.466605 -0.223898
v 0.000000 0.463391 -0.219011
v 0.000000 0.459982 -0.214224
v 0.000000 0.456376 -0.209538
v 0.000000 0.452576 -0.204951
v 0.000000 0.448579 -0.200466
v 0.000000 0.444387 -0.196080
v 0.000000 0.439999 -0.191795
v 0.000000 0.435415 -0.187610
v 0.000000 0.430636 -0.183526
v 0.000000 0.427219 -0.180724
v 0.000000 0.423711 -0.177976
v 0.000000 0.420114 -0.175285
v 0.000000 0.416426 -0.172648
v 0.000000 0.412647 -0.170066
v 0.000000 0.408779 -0.167540
v 0.000000 0.404820 -0.165069
v 0.000000 0.400771 -0.162653
v 0.000000 0.396631 -0.160292
v 0.000000 0.392401 -0.157986
v 0.000000 0.388081 -0.155736
v 0.000000 0.383671 -0.153540
v 0.000000 0.381138 -0.152286
v 0.000000 0.378598 -0.151052
v 0.000000 0.376050 -0.149837
v 0.000000 0.373495 -0.148643
v 0.000000 0.370932 -0.147469
v 0.000000 0.368362 -0.146315
v 0.000000 0.365784 -0.145181
v 0.000000 0.363198 -0.144067
v 0.000000 0.360606 -0.142973
v 0.000000 0.358005 -0.141899
v 0.000000 0.355397 -0.140846
v 0.000000 0.352782 -0.139812
v 0.000000 0.350156 -0.138796
v 0.000000 0.347518 -0.137795
v 0.000000 0.344868 -0.136809
v 0.000000 0.342205 -0.135838
v 0.000000 0.339529 -0.134882
v 0.000000 0.336841 -0.133941
v 0.000000 0.334140 -0.133016
v 0.000000 0.331427 -0.132105
v 0.000000 0.328701 -0.131209
v 0.000000 0.325962 -0.130329
v 0.000000 0.323211 -0.129463
v 0.000000 0.320448 -0.128613
v 0.000000 0.317080 -0.127599
v 0.000000 0.313719 -0.126606
v 0.000000 0.310366 -0.125632
v 0.000000 0.307021 -0.124679
v 0.000000 0.303683 -0.123746
v 0.000000 0.300352 -0.122832
v 0.000000 0.297029 -0.121939
v 0.000000 0.293714 -0.121066
v 0.000000 0.290406 -0.120213
v 0.000000 0.287106 -0.119380
v 0.000000 0.283813 -0.118567
v 0.000000 0.280527 -0.117775
v 0.000000 0.277260 -0.117004
v 0.000000 0.274020 -0.116259
v 0.000000 0.270807 -0.115539
v 0.000000 0.267622 -0.114844
v 0.000000 0.264465 -0.114174
v 0.000000 0.261335 -0.113530
v 0.000000 0.258233 -0.112910
v 0.000000 0.255158 -0.112315
v 0.000000 0.252111 -0.111746
v 0.000000 0.249092 -0.111201
v 0.000000 0.246100 -0.110682
v 0.000000 0.243136 -0.110188
v 0.000000 0.240029 -0.109657
v 0.000000 0.236969 -0.109149
v 0.000000 0.233957 -0.108664
v 0.000000 0.230993 -0.108201
v 0.000000 0.228077 -0.107761
v 0.000000 0.225208 -0.107343
v 0.000000 0.222387 -0.106948
v 0.000000 0.219613 -0.106575
v 0.000000 0.216887 -0.106225
v 0.000000 0.214209 -0.105898
v 0.000000 0.211579 -0.105593
v 0.000000 0.208996 -0.105311
v 0.000000 0.206438 -0.105051
v 0.000000 0.203883 -0.104814
v 0.000000 0.201330 -0.104599
v 0.000000 0.198780 -0.104408
v 0.000000 0.196232 -0.104238
v 0.000000 0.193687 -0.104091
v 0.000000 0.191144 -0.103967
v 0.000000 0.188604 -0.103866
v 0.000000 0.186066 -0.103787
v 0.000000 0.183531 -0.103730
v 0.000000 0.180998 -0.103696
v 0.000000 0.178468 -0.103685
v 0.000000 0.168142 -0.103883
v 0.000000 0.158237 -0.104478
v 0.000000 0.148754 -0.105469
v 0.000000 0.139692 -0.106856
v 0.000000 0.131051 -0.108640
v 0.000000 0.122832 -0.110820
v 0.000000 0.115035 -0.113397
v -0.000000 0.107659 -0.116370
v -0.000000 0.100704 -0.119739
v -0.000000 0.094171 -0.123505
v -0.000000 0.088060 -0.127667
v -0.000000 0.082370 -0.132225
v -0.000000 0.077004 -0.137098
v -0.000000 0.072104 -0.142321
v -0.000000 0.067671 -0.147896
v -0.000000 0.063704 -0.153821
v -0.000000 0.060204 -0.160099
v -0.000000 0.057171 -0.166727
v -0.000000 0.054605 -0.173706
v -0.000000 0.052505 -0.181037
v -0.000000 0.050872 -0.188719
v -0.000000 0.049705 -0.196753
v -0.000000 0.049005 -0.205137
v -0.000000 0.048772 -0.213873
v -0.000000 0.048784 -0.216023
v -0.000000 0.048822 -0.218138
v -0.000000 0.048885 -0.220218
v -0.000000 0.048972 -0.222262
v -0.000000 0.049085 -0.224272
v -0.000000 0.049223 -0.226246
v -0.000000 0.049386 -0.228186
v -0.000000 0.049575 -0.230090
v -0.000000 0.049788 -0.231959
v -0.000000 0.050026 -0.233793
v -0.000000 0.050290 -0.235592
v -0.000000 0.050578 -0.237355
v -0.000000 0.050889 -0.239094
v -0.000000 0.051220 -0.240818
v -0.000000 0.051572 -0.242526
v -0.000000 0.051943 -0.244220
v -0.000000 0.052334 -0.245898
v -0.000000 0.052746 -0.247561
v -0.000000 0.053177 -0.249210
v -0.000000 0.053629 -0.250843
v -0.000000 0.054100 -0.252461
v -0.000000 0.054592 -0.254064
v -0.000000 0.055104 -0.255652
v -0.000000 0.055636 -0.257225
v -0.000000 0.056245 -0.258953
v -0.000000 0.056870 -0.260642
v -0.000000 0.057510 -0.262295
v -0.000000 0.058165 -0.263909
v -0.000000 0.058835 -0.265486
v -0.000000 0.059520 -0.267025
v -0.000000 0.060219 -0.268526
v -0.000000 0.060934 -0.269990
v -0.000000 0.061665 -0.271417
v -0.000000 0.062410 -0.272805
v -0.000000 0.063170 -0.274156
v -0.000000 0.063945 -0.275470
v -0.000000 0.064738 -0.276758
v -0.000000 0.065551 -0.278034
v -0.000000 0.066384 -0.279297
v -0.000000 0.067237 -0.280548
v -0.000000 0.068110 -0.281786
v -0.000000 0.069003 -0.283011
v -0.000000 0.069916 -0.284224
v -0.000000 0.070849 -0.285425
v -0.000000 0.071803 -0.286613
v -0.000000 0.072776 -0.287788
v -0.000000 0.073770 -0.288951
v -0.000000 0.074783 -0.290101
v -0.000000 0.216763 -0.317558
v -0.000000 0.216763 -0.239162
v 0.000000 0.276734 -0.250000
v -0.000000 0.276734 -0.398121
v -0.000000 0.034682 -0.350072
v -0.000000 0.031082 -0.344904
v -0.000000 0.027627 -0.339635
v -0.000000 0.024318 -0.334267
v -0.000000 0.021154 -0.328797
v -0.000000 0.018136 -0.323228
v -0.000000 0.015264 -0.317558
v -0.000000 0.012537 -0.311787
v -0.000000 0.009955 -0.305917
v -0.000000 0.007519 -0.299946
v -0.000000 0.005228 -0.293874
v -0.000000 0.003083 -0.287703
v -0.000000 0.001084 -0.281431
v -0.000000 0.000141 -0.278356
v -0.000000 -0.000763 -0.275274
v -0.000000 -0.001626 -0.272184
v -0.000000 -0.002449 -0.269087
v -0.000000 -0.003231 -0.265982
v -0.000000 -0.003974 -0.262870
v -0.000000 -0.004676 -0.259751
v -0.000000 -0.005339 -0.256623
v -0.000000 -0.005961 -0.253489
v -0.000000 -0.006543 -0.250346
v -0.000000 -0.007085 -0.247196
v -0.000000 -0.007587 -0.244039
v -0.000000 -0.008048 -0.240862
v -0.000000 -0.008470 -0.237652
v -0.000000 -0.008851 -0.234409
v -0.000000 -0.009192 -0.231134
v -0.000000 -0.009493 -0.227826
v -0.000000 -0.009754 -0.224485
v -0.000000 -0.009975 -0.221112
v -0.000000 -0.010156 -0.217706
v -0.000000 -0.010296 -0.214268
v -0.000000 -0.010397 -0.210797
v -0.000000 -0.010457 -0.207293
vn 1.0000 -0.0000 -0.0000
vt 0.406897 0.000000
vt 0.420690 0.000000
vt 0.413793 0.000000
vt 0.427586 0.000000
vt 0.434483 0.000000
vt 0.400000 0.000000
vt 0.441379 0.000000
vt 0.448276 0.000000
vt 0.393103 0.000000
vt 0.455172 0.000000
vt 0.462069 0.000000
vt 0.386207 0.000000
vt 0.468966 0.000000
vt 0.475862 0.000000
vt 0.379310 0.000000
vt 0.482759 0.000000
vt 0.489655 0.000000
vt 0.372414 0.000000
vt 0.496552 0.000000
vt 0.503448 0.000000
vt 0.365517 0.000000
vt 0.510345 0.000000
vt 0.517241 0.000000
vt 0.358621 0.000000
vt 0.524138 0.000000
vt 0.531034 0.000000
vt 0.351724 0.000000
vt 0.537931 0.000000
vt 0.544828 0.000000
vt 0.344828 0.000000
vt 0.551724 0.000000
vt 0.558621 0.000000
vt 0.337931 0.000000
vt 0.565517 0.000000
vt 0.331034 0.000000
vt 0.572414 0.000000
vt 0.579310 0.000000
vt 0.324138 0.000000
vt 0.586207 0.000000
vt 0.317241 0.000000
vt 0.593103 0.000000
vt 0.310345 0.000000
vt 0.303448 0.000000
vt 0.600000 0.000000
vt 0.296552 0.000000
vt 0.289655 0.000000
vt 0.606897 0.000000
vt 0.282759 0.000000
vt 0.275862 0.000000
vt 0.613793 0.000000
vt 0.268966 0.000000
vt 0.262069 0.000000
vt 0.620690 0.000000
vt 0.255172 0.000000
vt 0.248276 0.000000
vt 0.627586 0.000000
vt 0.241379 0.000000
vt 0.234483 0.000000
vt 0.634483 0.000000
vt 0.227586 0.000000
vt 0.220690 0.000000
vt 0.641379 0.000000
vt 0.213793 0.000000
vt 0.206897 0.000000
vt 0.648276 0.000000
vt 0.200000 0.000000
vt 0.193103 0.000000
vt 0.655172 0.000000
vt 0.186207 0.000000
vt 0.179310 0.000000
vt 0.662069 0.000000
vt 0.172414 0.000000
vt 0.165517 0.000000
vt 0.668966 0.000000
vt 0.158621 0.000000
vt 0.151724 0.000000
vt 0.675862 0.000000
vt 0.144828 0.000000
vt 0.682759 0.000000
vt 0.689655 0.000000
vt 0.137931 0.000000
vt 0.696552 0.000000
vt 0.703448 0.000000
vt 0.131034 0.000000
vt 0.710345 0.000000
vt 0.717241 0.000000
vt 0.124138 0.000000
vt 0.724138 0.000000
vt 0.731034 0.000000
vt 0.117241 0.000000
vt 0.737931 0.000000
vt 0.744828 0.000000
vt 0.110345 0.000000
vt 0.751724 0.000000
vt 0.758621 0.000000
vt 0.103448 0.000000
vt 0.765517 0.000000
vt 0.772414 0.000000
vt 0.779310 0.000000
vt 0.096552 0.000000
vt 0.786207 0.000000
vt 0.793103 0.000000
vt 0.089655 0.000000
vt 0.800000 0.000000
vt 0.806897 0.000000
vt 0.082759 0.000000
vt 0.813793 0.000000
vt 0.820690 0.000000
vt 0.075862 0.000000
vt 0.827586 0.000000
vt 0.834483 0.000000
vt 0.068966 0.000000
vt 0.841379 0.000000
vt 0.848276 0.000000
vt 0.062069 0.000000
vt 0.855172 0.000000
vt 0.862069 0.000000
vt 0.055172 0.000000
vt 0.868966 0.000000
vt 0.875862 0.000000
vt 0.048276 0.000000
vt 0.882759 0.000000
vt 0.889655 0.000000
vt 0.041379 0.000000
vt 0.896552 0.000000
vt 0.903448 0.000000
vt 0.034483 0.000000
vt 0.910345 0.000000
vt 0.917241 0.000000
vt 0.924138 0.000000
vt 0.027586 0.000000
vt 0.931035 0.000000
vt 0.937931 0.000000
vt 0.020690 0.000000
vt 0.944828 0.000000
vt 0.951724 0.000000
vt 0.013793 0.000000
vt 0.958621 0.000000
vt 0.965517 0.000000
vt 0.972414 0.000000
vt 0.006897 0.000000
vt 0.979310 0.000000
vt 0.986207 0.000000
vt 0.000000 0.000000
vt 0.993103 0.000000
vt 1.000000 0.000000
vt 0.729904 0.000000
vt 0.736334 0.000000
vt 0.733119 0.000000
vt 0.739550 0.000000
vt 0.726688 0.000000
vt 0.742765 0.000000
vt 0.723473 0.000000
vt 0.745981 0.000000
vt 0.720257 0.000000
vt 0.749196 0.000000
vt 0.717042 0.000000
vt 0.752412 0.000000
vt 0.713826 0.000000
vt 0.755627 0.000000
vt 0.710611 0.000000
vt 0.758842 0.000000
vt 0.707395 0.000000
vt 0.762058 0.000000
vt 0.704180 0.000000
vt 0.765273 0.000000
vt 0.768489 0.000000
vt 0.700965 0.000000
vt 0.771704 0.000000
vt 0.697749 0.000000
vt 0.774920 0.000000
vt 0.694534 0.000000
vt 0.778135 0.000000
vt 0.691318 0.000000
vt 0.781350 0.000000
vt 0.688103 0.000000
vt 0.784566 0.000000
vt 0.684887 0.000000
vt 0.787781 0.000000
vt 0.790997 0.000000
vt 0.681672 0.000000
vt 0.794212 0.000000
vt 0.678457 0.000000
vt 0.797428 0.000000
vt 0.675241 0.000000
vt 0.800643 0.000000
vt 0.672026 0.000000
vt 0.803859 0.000000
vt 0.668810 0.000000
vt 0.807074 0.000000
vt 0.810289 0.000000
vt 0.665595 0.000000
vt 0.813505 0.000000
vt 0.662379 0.000000
vt 0.659164 0.000000
vt 0.816720 0.000000
vt 0.655949 0.000000
vt 0.652733 0.000000
vt 0.819936 0.000000
vt 0.823151 0.000000
vt 0.649518 0.000000
vt 0.826367 0.000000
vt 0.646302 0.000000
vt 0.829582 0.000000
vt 0.643087 0.000000
vt 0.832797 0.000000
vt 0.836013 0.000000
vt 0.639871 0.000000
vt 0.839228 0.000000
vt 0.636656 0.000000
vt 0.842444 0.000000
vt 0.633440 0.000000
vt 0.845659 0.000000
vt 0.630225 0.000000
vt 0.848875 0.000000
vt 0.627010 0.000000
vt 0.852090 0.000000
vt 0.855305 0.000000
vt 0.623794 0.000000
vt 0.858521 0.000000
vt 0.861736 0.000000
vt 0.620579 0.000000
vt 0.864952 0.000000
vt 0.868167 0.000000
vt 0.617363 0.000000
vt 0.871383 0.000000
vt 0.874598 0.000000
vt 0.614148 0.000000
vt 0.877814 0.000000
vt 0.610932 0.000000
vt 0.881029 0.000000
vt 0.607717 0.000000
vt 0.884244 0.000000
vt 0.604502 0.000000
vt 0.601286 0.000000
vt 0.887460 0.000000
vt 0.598071 0.000000
vt 0.890675 0.000000
vt 0.594855 0.000000
vt 0.893891 0.000000
vt 0.591640 0.000000
vt 0.588424 0.000000
vt 0.897106 0.000000
vt 0.585209 0.000000
vt 0.900322 0.000000
vt 0.581994 0.000000
vt 0.903537 0.000000
vt 0.578778 0.000000
vt 0.575563 0.000000
vt 0.906752 0.000000
vt 0.572347 0.000000
vt 0.909968 0.000000
vt 0.569132 0.000000
vt 0.913183 0.000000
vt 0.565916 0.000000
vt 0.916399 0.000000
vt 0.562701 0.000000
vt 0.559486 0.000000
vt 0.919614 0.000000
vt 0.556270 0.000000
vt 0.922830 0.000000
vt 0.553055 0.000000
vt 0.926045 0.000000
vt 0.549839 0.000000
vt 0.929260 0.000000
vt 0.546624 0.000000
vt 0.932476 0.000000
vt 0.543408 0.000000
vt 0.935691 0.000000
vt 0.540193 0.000000
vt 0.536977 0.000000
vt 0.938907 0.000000
vt 0.942122 0.000000
vt 0.533762 0.000000
vt 0.945338 0.000000
vt 0.948553 0.000000
vt 0.530547 0.000000
vt 0.951769 0.000000
vt 0.954984 0.000000
vt 0.527331 0.000000
vt 0.958199 0.000000
vt 0.524116 0.000000
vt 0.961415 0.000000
vt 0.964630 0.000000
vt 0.520900 0.000000
vt 0.967846 0.000000
vt 0.971061 0.000000
vt 0.517685 0.000000
vt 0.974277 0.000000
vt 0.977492 0.000000
vt 0.514469 0.000000
vt 0.980707 0.000000
vt 0.511254 0.000000
vt 0.983923 0.000000
vt 0.987138 0.000000
vt 0.508039 0.000000
vt 0.990354 0.000000
vt 0.993569 0.000000
vt 0.504823 0.000000
vt 0.996785 0.000000
vt 0.501608 0.000000
vt 0.266881 0.000000
vt 0.273312 0.000000
vt 0.270096 0.000000
vt 0.276527 0.000000
vt 0.263666 0.000000
vt 0.279743 0.000000
vt 0.260450 0.000000
vt 0.282958 0.000000
vt 0.257235 0.000000
vt 0.286174 0.000000
vt 0.289389 0.000000
vt 0.254019 0.000000
vt 0.292605 0.000000
vt 0.250804 0.000000
vt 0.295820 0.000000
vt 0.247588 0.000000
vt 0.299035 0.000000
vt 0.244373 0.000000
vt 0.302251 0.000000
vt 0.305466 0.000000
vt 0.241158 0.000000
vt 0.308682 0.000000
vt 0.237942 0.000000
vt 0.311897 0.000000
vt 0.234727 0.000000
vt 0.315113 0.000000
vt 0.231511 0.000000
vt 0.318328 0.000000
vt 0.321543 0.000000
vt 0.228296 0.000000
vt 0.324759 0.000000
vt 0.225080 0.000000
vt 0.327974 0.000000
vt 0.221865 0.000000
vt 0.331190 0.000000
vt 0.218650 0.000000
vt 0.334405 0.000000
vt 0.215434 0.000000
vt 0.337621 0.000000
vt 0.212219 0.000000
vt 0.340836 0.000000
vt 0.209003 0.000000
vt 0.344051 0.000000
vt 0.205788 0.000000
vt 0.347267 0.000000
vt 0.202572 0.000000
vt 0.350482 0.000000
vt 0.199357 0.000000
vt 0.353698 0.000000
vt 0.196141 0.000000
vt 0.356913 0.000000
vt 0.192926 0.000000
vt 0.360129 0.000000
vt 0.189711 0.000000
vt 0.363344 0.000000
vt 0.366559 0.000000
vt 0.186495 0.000000
vt 0.369775 0.000000
vt 0.183280 0.000000
vt 0.372990 0.000000
vt 0.376206 0.000000
vt 0.180064 0.000000
vt 0.379421 0.000000
vt 0.176849 0.000000
vt 0.382637 0.000000
vt 0.173633 0.000000
vt 0.385852 0.000000
vt 0.389068 0.000000
vt 0.170418 0.000000
vt 0.392283 0.000000
vt 0.167203 0.000000
vt 0.395498 0.000000
vt 0.163987 0.000000
vt 0.398714 0.000000
vt 0.160772 0.000000
vt 0.401929 0.000000
vt 0.405145 0.000000
vt 0.157556 0.000000
vt 0.408360 0.000000
vt 0.154341 0.000000
vt 0.411576 0.000000
vt 0.151125 0.000000
vt 0.414791 0.000000
vt 0.147910 0.000000
vt 0.418006 0.000000
vt 0.144695 0.000000
vt 0.421222 0.000000
vt 0.141479 0.000000
vt 0.424437 0.000000
vt 0.138264 0.000000
vt 0.427653 0.000000
vt 0.135048 0.000000
vt 0.131833 0.000000
vt 0.430868 0.000000
vt 0.128617 0.000000
vt 0.125402 0.000000
vt 0.434084 0.000000
vt 0.122186 0.000000
vt 0.118971 0.000000
vt 0.437299 0.000000
vt 0.115756 0.000000
vt 0.112540 0.000000
vt 0.440514 0.000000
vt 0.109325 0.000000
vt 0.106109 0.000000
vt 0.443730 0.000000
vt 0.102894 0.000000
vt 0.099678 0.000000
vt 0.096463 0.000000
vt 0.446945 0.000000
vt 0.093248 0.000000
vt 0.090032 0.000000
vt 0.086817 0.000000
vt 0.450161 0.000000
vt 0.083601 0.000000
vt 0.080386 0.000000
vt 0.453376 0.000000
vt 0.077170 0.000000
vt 0.073955 0.000000
vt 0.070740 0.000000
vt 0.456592 0.000000
vt 0.067524 0.000000
vt 0.064309 0.000000
vt 0.459807 0.000000
vt 0.061093 0.000000
vt 0.057878 0.000000
vt 0.463023 0.000000
vt 0.054662 0.000000
vt 0.051447 0.000000
vt 0.048232 0.000000
vt 0.466238 0.000000
vt 0.045016 0.000000
vt 0.041801 0.000000
vt 0.038585 0.000000
vt 0.469453 0.000000
vt 0.035370 0.000000
vt 0.472669 0.000000
vt 0.032154 0.000000
vt 0.475884 0.000000
vt 0.028939 0.000000
vt 0.479100 0.000000
vt 0.025723 0.000000
vt 0.022508 0.000000
vt 0.482315 0.000000
vt 0.019293 0.000000
vt 0.485531 0.000000
vt 0.016077 0.000000
vt 0.488746 0.000000
vt 0.012862 0.000000
vt 0.491961 0.000000
vt 0.009646 0.000000
vt 0.495177 0.000000
vt 0.006431 0.000000
vt 0.498392 0.000000
vt 0.003215 0.000000
vt 0.324675 0.000000
vt 0.350649 0.000000
vt 0.337662 0.000000
vt 0.311688 0.000000
vt 0.363636 0.000000
vt 0.298701 0.000000
vt 0.376623 0.000000
vt 0.285714 0.000000
vt 0.389610 0.000000
vt 0.272727 0.000000
vt 0.402597 0.000000
vt 0.259740 0.000000
vt 0.415584 0.000000
vt 0.246753 0.000000
vt 0.428571 0.000000
vt 0.233766 0.000000
vt 0.441558 0.000000
vt 0.012987 0.000000
vt 0.025974 0.000000
vt 0.220779 0.000000
vt 0.454545 0.000000
vt 0.207792 0.000000
vt 0.467532 0.000000
vt 0.194805 0.000000
vt 0.480519 0.000000
vt 0.181818 0.000000
vt 0.493506 0.000000
vt 0.168831 0.000000
vt 0.584416 0.000000
vt 0.571429 0.000000
vt 0.558442 0.000000
vt 0.545455 0.000000
vt 0.532468 0.000000
vt 0.519481 0.000000
vt 0.506494 0.000000
vt 0.155844 0.000000
vt 0.597403 0.000000
vt 0.142857 0.000000
vt 0.610390 0.000000
vt 0.129870 0.000000
vt 0.623377 0.000000
vt 0.116883 0.000000
vt 0.103896 0.000000
vt 0.636364 0.000000
vt 0.090909 0.000000
vt 0.649351 0.000000
vt 0.077922 0.000000
vt 0.662338 0.000000
vt 0.675325 0.000000
vt 0.688312 0.000000
vt 0.064935 0.000000
vt 0.701299 0.000000
vt 0.714286 0.000000
vt 0.727273 0.000000
vt 0.740260 0.000000
vt 0.051948 0.000000
vt 0.753247 0.000000
vt 0.038961 0.000000
vt 0.766234 0.000000
vt 0.779221 0.000000
vt 0.792208 0.000000
vt 0.896104 0.000000
vt 0.883117 0.000000
vt 0.870130 0.000000
vt 0.857143 0.000000
vt 0.844156 0.000000
vt 0.831169 0.000000
vt 0.818182 0.000000
vt 0.805195 0.000000
vt 0.909091 0.000000
vt 0.922078 0.000000
vt 0.935065 0.000000
vt 0.948052 0.000000
vt 0.961039 0.000000
vt 0.974026 0.000000
vt 0.987013 0.000000
vt 0.308696 0.000000
vt 0.317391 0.000000
vt 0.313043 0.000000
vt 0.304348 0.000000
vt 0.321739 0.000000
vt 0.300000 0.000000
vt 0.326087 0.000000
vt 0.295652 0.000000
vt 0.291304 0.000000
vt 0.330435 0.000000
vt 0.286957 0.000000
vt 0.334783 0.000000
vt 0.282609 0.000000
vt 0.339130 0.000000
vt 0.278261 0.000000
vt 0.273913 0.000000
vt 0.343478 0.000000
vt 0.269565 0.000000
vt 0.347826 0.000000
vt 0.265217 0.000000
vt 0.260870 0.000000
vt 0.352174 0.000000
vt 0.256522 0.000000
vt 0.356522 0.000000
vt 0.252174 0.000000
vt 0.360870 0.000000
vt 0.247826 0.000000
vt 0.243478 0.000000
vt 0.365217 0.000000
vt 0.239130 0.000000
vt 0.369565 0.000000
vt 0.234783 0.000000
vt 0.230435 0.000000
vt 0.373913 0.000000
vt 0.226087 0.000000
vt 0.895652 0.000000
vt 0.891304 0.000000
vt 0.378261 0.000000
vt 0.221739 0.000000
vt 0.900000 0.000000
vt 0.886957 0.000000
vt 0.904348 0.000000
vt 0.882609 0.000000
vt 0.908696 0.000000
vt 0.878261 0.000000
vt 0.913043 0.000000
vt 0.873913 0.000000
vt 0.917391 0.000000
vt 0.869565 0.000000
vt 0.217391 0.000000
vt 0.921739 0.000000
vt 0.865217 0.000000
vt 0.382609 0.000000
vt 0.860870 0.000000
vt 0.926087 0.000000
vt 0.856522 0.000000
vt 0.213043 0.000000
vt 0.930435 0.000000
vt 0.852174 0.000000
vt 0.934783 0.000000
vt 0.386957 0.000000
vt 0.208696 0.000000
vt 0.847826 0.000000
vt 0.939130 0.000000
vt 0.843478 0.000000
vt 0.204348 0.000000
vt 0.943478 0.000000
vt 0.839130 0.000000
vt 0.391304 0.000000
vt 0.947826 0.000000
vt 0.834783 0.000000
vt 0.830435 0.000000
vt 0.952174 0.000000
vt 0.395652 0.000000
vt 0.195652 0.000000
vt 0.826087 0.000000
vt 0.956522 0.000000
vt 0.821739 0.000000
vt 0.191304 0.000000
vt 0.960870 0.000000
vt 0.817391 0.000000
vt 0.186957 0.000000
vt 0.965217 0.000000
vt 0.813043 0.000000
vt 0.404348 0.000000
vt 0.182609 0.000000
vt 0.969565 0.000000
vt 0.808696 0.000000
vt 0.178261 0.000000
vt 0.408696 0.000000
vt 0.804348 0.000000
vt 0.973913 0.000000
vt 0.173913 0.000000
vt 0.978261 0.000000
vt 0.413043 0.000000
vt 0.795652 0.000000
vt 0.169565 0.000000
vt 0.982609 0.000000
vt 0.791304 0.000000
vt 0.417391 0.000000
vt 0.165217 0.000000
vt 0.986957 0.000000
vt 0.786957 0.000000
vt 0.782609 0.000000
vt 0.160870 0.000000
vt 0.778261 0.000000
vt 0.991304 0.000000
vt 0.421739 0.000000
vt 0.773913 0.000000
vt 0.769565 0.000000
vt 0.156522 0.000000
vt 0.426087 0.000000
vt 0.765217 0.000000
vt 0.995652 0.000000
vt 0.760870 0.000000
vt 0.430435 0.000000
vt 0.756522 0.000000
vt 0.152174 0.000000
vt 0.752174 0.000000
vt 0.747826 0.000000
vt 0.434783 0.000000
vt 0.743478 0.000000
vt 0.147826 0.000000
vt 0.739130 0.000000
vt 0.439130 0.000000
vt 0.443478 0.000000
vt 0.143478 0.000000
vt 0.447826 0.000000
vt 0.139130 0.000000
vt 0.452174 0.000000
vt 0.134783 0.000000
vt 0.456522 0.000000
vt 0.130435 0.000000
vt 0.460870 0.000000
vt 0.465217 0.000000
vt 0.126087 0.000000
vt 0.469565 0.000000
vt 0.121739 0.000000
vt 0.473913 0.000000
vt 0.478261 0.000000
vt 0.117391 0.000000
vt 0.482609 0.000000
vt 0.486957 0.000000
vt 0.491304 0.000000
vt 0.113043 0.000000
vt 0.495652 0.000000
vt 0.500000 0.000000
vt 0.108696 0.000000
vt 0.504348 0.000000
vt 0.508696 0.000000
vt 0.513043 0.000000
vt 0.104348 0.000000
vt 0.517391 0.000000
vt 0.521739 0.000000
vt 0.526087 0.000000
vt 0.100000 0.000000
vt 0.530435 0.000000
vt 0.534783 0.000000
vt 0.095652 0.000000
vt 0.539130 0.000000
vt 0.543478 0.000000
vt 0.091304 0.000000
vt 0.547826 0.000000
vt 0.086957 0.000000
vt 0.552174 0.000000
vt 0.556522 0.000000
vt 0.082609 0.000000
vt 0.560870 0.000000
vt 0.565217 0.000000
vt 0.078261 0.000000
vt 0.678261 0.000000
vt 0.686957 0.000000
vt 0.682609 0.000000
vt 0.569565 0.000000
vt 0.573913 0.000000
vt 0.673913 0.000000
vt 0.073913 0.000000
vt 0.578261 0.000000
vt 0.669565 0.000000
vt 0.582609 0.000000
vt 0.069565 0.000000
vt 0.665217 0.000000
vt 0.586957 0.000000
vt 0.591304 0.000000
vt 0.660870 0.000000
vt 0.065217 0.000000
vt 0.595652 0.000000
vt 0.656522 0.000000
vt 0.652174 0.000000
vt 0.604348 0.000000
vt 0.647826 0.000000
vt 0.608696 0.000000
vt 0.060870 0.000000
vt 0.613043 0.000000
vt 0.643478 0.000000
vt 0.617391 0.000000
vt 0.639130 0.000000
vt 0.621739 0.000000
vt 0.634783 0.000000
vt 0.626087 0.000000
vt 0.630435 0.000000
vt 0.056522 0.000000
vt 0.052174 0.000000
vt 0.047826 0.000000
vt 0.043478 0.000000
vt 0.691304 0.000000
vt 0.039130 0.000000
vt 0.695652 0.000000
vt 0.034783 0.000000
vt 0.700000 0.000000
vt 0.030435 0.000000
vt 0.704348 0.000000
vt 0.708696 0.000000
vt 0.026087 0.000000
vt 0.713043 0.000000
vt 0.021739 0.000000
vt 0.717391 0.000000
vt 0.017391 0.000000
vt 0.721739 0.000000
vt 0.013043 0.000000
vt 0.726087 0.000000
vt 0.008696 0.000000
vt 0.730435 0.000000
vt 0.004348 0.000000
vt 0.734783 0.000000
vt 0.166667 0.000000
vt 0.333333 0.000000
vt 0.666667 0.000000
vt 0.833333 0.000000
vt 0.300971 0.000000
vt 0.304854 0.000000
vt 0.302913 0.000000
vt 0.299029 0.000000
vt 0.306796 0.000000
vt 0.297087 0.000000
vt 0.308738 0.000000
vt 0.295146 0.000000
vt 0.293204 0.000000
vt 0.310680 0.000000
vt 0.291262 0.000000
vt 0.312621 0.000000
vt 0.289320 0.000000
vt 0.314563 0.000000
vt 0.287379 0.000000
vt 0.285437 0.000000
vt 0.316505 0.000000
vt 0.283495 0.000000
vt 0.318447 0.000000
vt 0.281553 0.000000
vt 0.320388 0.000000
vt 0.279612 0.000000
vt 0.277670 0.000000
vt 0.322330 0.000000
vt 0.275728 0.000000
vt 0.324272 0.000000
vt 0.273786 0.000000
vt 0.326214 0.000000
vt 0.271845 0.000000
vt 0.269903 0.000000
vt 0.328155 0.000000
vt 0.267961 0.000000
vt 0.330097 0.000000
vt 0.266019 0.000000
vt 0.264078 0.000000
vt 0.332039 0.000000
vt 0.262136 0.000000
vt 0.333981 0.000000
vt 0.260194 0.000000
vt 0.258252 0.000000
vt 0.335922 0.000000
vt 0.256311 0.000000
vt 0.337864 0.000000
vt 0.254369 0.000000
vt 0.339806 0.000000
vt 0.252427 0.000000
vt 0.341748 0.000000
vt 0.250485 0.000000
vt 0.343689 0.000000
vt 0.345631 0.000000
vt 0.248544 0.000000
vt 0.347573 0.000000
vt 0.246602 0.000000
vt 0.349515 0.000000
vt 0.244660 0.000000
vt 0.351456 0.000000
vt 0.242718 0.000000
vt 0.353398 0.000000
vt 0.240777 0.000000
vt 0.792233 0.000000
vt 0.794175 0.000000
vt 0.790291 0.000000
vt 0.796117 0.000000
vt 0.788350 0.000000
vt 0.798058 0.000000
vt 0.786408 0.000000
vt 0.355340 0.000000
vt 0.784466 0.000000
vt 0.801942 0.000000
vt 0.782524 0.000000
vt 0.238835 0.000000
vt 0.803883 0.000000
vt 0.780583 0.000000
vt 0.805825 0.000000
vt 0.778641 0.000000
vt 0.807767 0.000000
vt 0.809709 0.000000
vt 0.776699 0.000000
vt 0.236893 0.000000
vt 0.357282 0.000000
vt 0.811651 0.000000
vt 0.774757 0.000000
vt 0.813592 0.000000
vt 0.772816 0.000000
vt 0.815534 0.000000
vt 0.234951 0.000000
vt 0.770874 0.000000
vt 0.817476 0.000000
vt 0.359223 0.000000
vt 0.768932 0.000000
vt 0.819417 0.000000
vt 0.233010 0.000000
vt 0.766990 0.000000
vt 0.821359 0.000000
vt 0.765049 0.000000
vt 0.763107 0.000000
vt 0.823301 0.000000
vt 0.361165 0.000000
vt 0.761165 0.000000
vt 0.231068 0.000000
vt 0.229126 0.000000
vt 0.825243 0.000000
vt 0.759223 0.000000
vt 0.227184 0.000000
vt 0.757282 0.000000
vt 0.225243 0.000000
vt 0.827184 0.000000
vt 0.223301 0.000000
vt 0.755340 0.000000
vt 0.221359 0.000000
vt 0.753398 0.000000
vt 0.219417 0.000000
vt 0.829126 0.000000
vt 0.363107 0.000000
vt 0.217476 0.000000
vt 0.751456 0.000000
vt 0.215534 0.000000
vt 0.831068 0.000000
vt 0.213592 0.000000
vt 0.749515 0.000000
vt 0.211650 0.000000
vt 0.747573 0.000000
vt 0.209709 0.000000
vt 0.833010 0.000000
vt 0.207767 0.000000
vt 0.745631 0.000000
vt 0.365049 0.000000
vt 0.205825 0.000000
vt 0.743689 0.000000
vt 0.834951 0.000000
vt 0.203883 0.000000
vt 0.201942 0.000000
vt 0.741748 0.000000
vt 0.836893 0.000000
vt 0.198058 0.000000
vt 0.739806 0.000000
vt 0.196117 0.000000
vt 0.366990 0.000000
vt 0.737864 0.000000
vt 0.838835 0.000000
vt 0.194175 0.000000
vt 0.192233 0.000000
vt 0.735922 0.000000
vt 0.190291 0.000000
vt 0.840777 0.000000
vt 0.733981 0.000000
vt 0.188350 0.000000
vt 0.186408 0.000000
vt 0.732039 0.000000
vt 0.368932 0.000000
vt 0.184466 0.000000
vt 0.842718 0.000000
vt 0.182524 0.000000
vt 0.730097 0.000000
vt 0.180583 0.000000
vt 0.178641 0.000000
vt 0.728155 0.000000
vt 0.176699 0.000000
vt 0.844660 0.000000
vt 0.174757 0.000000
vt 0.726214 0.000000
vt 0.370874 0.000000
vt 0.172816 0.000000
vt 0.170874 0.000000
vt 0.724272 0.000000
vt 0.168932 0.000000
vt 0.846602 0.000000
vt 0.166990 0.000000
vt 0.722330 0.000000
vt 0.165049 0.000000
vt 0.163107 0.000000
vt 0.720388 0.000000
vt 0.372816 0.000000
vt 0.161165 0.000000
vt 0.848544 0.000000
vt 0.159223 0.000000
vt 0.718447 0.000000
vt 0.157282 0.000000
vt 0.155340 0.000000
vt 0.716505 0.000000
vt 0.153398 0.000000
vt 0.850485 0.000000
vt 0.151456 0.000000
vt 0.714563 0.000000
vt 0.374757 0.000000
vt 0.149515 0.000000
vt 0.147573 0.000000
vt 0.712621 0.000000
vt 0.145631 0.000000
vt 0.376699 0.000000
vt 0.852427 0.000000
vt 0.143689 0.000000
vt 0.710680 0.000000
vt 0.141748 0.000000
vt 0.378641 0.000000
vt 0.139806 0.000000
vt 0.708738 0.000000
vt 0.137864 0.000000
vt 0.854369 0.000000
vt 0.706796 0.000000
vt 0.380583 0.000000
vt 0.135922 0.000000
vt 0.133981 0.000000
vt 0.704854 0.000000
vt 0.382524 0.000000
vt 0.856311 0.000000
vt 0.132039 0.000000
vt 0.702913 0.000000
vt 0.130097 0.000000
vt 0.384466 0.000000
vt 0.700971 0.000000
vt 0.128155 0.000000
vt 0.858252 0.000000
vt 0.126214 0.000000
vt 0.386408 0.000000
vt 0.699029 0.000000
vt 0.124272 0.000000
vt 0.697087 0.000000
vt 0.388350 0.000000
vt 0.122330 0.000000
vt 0.860194 0.000000
vt 0.120388 0.000000
vt 0.695146 0.000000
vt 0.390291 0.000000
vt 0.118447 0.000000
vt 0.693204 0.000000
vt 0.116505 0.000000
vt 0.392233 0.000000
vt 0.862136 0.000000
vt 0.114563 0.000000
vt 0.691262 0.000000
vt 0.112621 0.000000
vt 0.394175 0.000000
vt 0.110680 0.000000
vt 0.689320 0.000000
vt 0.108738 0.000000
vt 0.864078 0.000000
vt 0.687379 0.000000
vt 0.396116 0.000000
vt 0.106796 0.000000
vt 0.866019 0.000000
vt 0.104854 0.000000
vt 0.685437 0.000000
vt 0.398058 0.000000
vt 0.102913 0.000000
vt 0.867961 0.000000
vt 0.683495 0.000000
vt 0.100971 0.000000
vt 0.869903 0.000000
vt 0.099029 0.000000
vt 0.681553 0.000000
vt 0.097087 0.000000
vt 0.871845 0.000000
vt 0.401942 0.000000
vt 0.679612 0.000000
vt 0.095146 0.000000
vt 0.873786 0.000000
vt 0.093204 0.000000
vt 0.677670 0.000000
vt 0.403883 0.000000
vt 0.091262 0.000000
vt 0.875728 0.000000
vt 0.089320 0.000000
vt 0.675728 0.000000
vt 0.405825 0.000000
vt 0.877670 0.000000
vt 0.087379 0.000000
vt 0.673786 0.000000
vt 0.085437 0.000000
vt 0.879612 0.000000
vt 0.407767 0.000000
vt 0.083495 0.000000
vt 0.671845 0.000000
vt 0.081553 0.000000
vt 0.881553 0.000000
vt 0.669903 0.000000
vt 0.079612 0.000000
vt 0.409709 0.000000
vt 0.883495 0.000000
vt 0.077670 0.000000
vt 0.667961 0.000000
vt 0.075728 0.000000
vt 0.411650 0.000000
vt 0.885437 0.000000
vt 0.666019 0.000000
vt 0.073786 0.000000
vt 0.071845 0.000000
vt 0.887379 0.000000
vt 0.664078 0.000000
vt 0.413592 0.000000
vt 0.069903 0.000000
vt 0.889320 0.000000
vt 0.662136 0.000000
vt 0.067961 0.000000
vt 0.066019 0.000000
vt 0.415534 0.000000
vt 0.891262 0.000000
vt 0.660194 0.000000
vt 0.064078 0.000000
vt 0.062136 0.000000
vt 0.893204 0.000000
vt 0.658252 0.000000
vt 0.417476 0.000000
vt 0.060194 0.000000
vt 0.895146 0.000000
vt 0.656311 0.000000
vt 0.058252 0.000000
vt 0.419417 0.000000
vt 0.056311 0.000000
vt 0.897087 0.000000
vt 0.654369 0.000000
vt 0.054369 0.000000
vt 0.899029 0.000000
vt 0.421359 0.000000
vt 0.652427 0.000000
vt 0.052427 0.000000
vt 0.423301 0.000000
vt 0.050485 0.000000
vt 0.900971 0.000000
vt 0.425243 0.000000
vt 0.650485 0.000000
vt 0.048544 0.000000
vt 0.427184 0.000000
vt 0.902913 0.000000
vt 0.429126 0.000000
vt 0.046602 0.000000
vt 0.648544 0.000000
vt 0.431068 0.000000
vt 0.044660 0.000000
vt 0.904854 0.000000
vt 0.433010 0.000000
vt 0.646602 0.000000
vt 0.434951 0.000000
vt 0.906796 0.000000
vt 0.436893 0.000000
vt 0.644660 0.000000
vt 0.438835 0.000000
vt 0.908738 0.000000
vt 0.440777 0.000000
vt 0.642718 0.000000
vt 0.442718 0.000000
vt 0.042718 0.000000
vt 0.910680 0.000000
vt 0.444660 0.000000
vt 0.640777 0.000000
vt 0.446602 0.000000
vt 0.448544 0.000000
vt 0.912621 0.000000
vt 0.638835 0.000000
vt 0.450485 0.000000
vt 0.452427 0.000000
vt 0.914563 0.000000
vt 0.454369 0.000000
vt 0.636893 0.000000
vt 0.040777 0.000000
vt 0.456311 0.000000
vt 0.916505 0.000000
vt 0.458252 0.000000
vt 0.634951 0.000000
vt 0.460194 0.000000
vt 0.918447 0.000000
vt 0.462136 0.000000
vt 0.633010 0.000000
vt 0.464078 0.000000
vt 0.920388 0.000000
vt 0.466019 0.000000
vt 0.631068 0.000000
vt 0.038835 0.000000
vt 0.467961 0.000000
vt 0.922330 0.000000
vt 0.469903 0.000000
vt 0.629126 0.000000
vt 0.471845 0.000000
vt 0.924272 0.000000
vt 0.473786 0.000000
vt 0.627184 0.000000
vt 0.475728 0.000000
vt 0.926214 0.000000
vt 0.477670 0.000000
vt 0.625243 0.000000
vt 0.479612 0.000000
vt 0.623301 0.000000
vt 0.928155 0.000000
vt 0.036893 0.000000
vt 0.481553 0.000000
vt 0.621359 0.000000
vt 0.483495 0.000000
vt 0.930097 0.000000
vt 0.619417 0.000000
vt 0.485437 0.000000
vt 0.487379 0.000000
vt 0.617476 0.000000
vt 0.932039 0.000000
vt 0.489320 0.000000
vt 0.615534 0.000000
vt 0.933981 0.000000
vt 0.491262 0.000000
vt 0.613592 0.000000
vt 0.034951 0.000000
vt 0.493204 0.000000
vt 0.935922 0.000000
vt 0.611650 0.000000
vt 0.495146 0.000000
vt 0.609709 0.000000
vt 0.937864 0.000000
vt 0.497087 0.000000
vt 0.607767 0.000000
vt 0.939806 0.000000
vt 0.499029 0.000000
vt 0.605825 0.000000
vt 0.500971 0.000000
vt 0.941748 0.000000
vt 0.603884 0.000000
vt 0.502913 0.000000
vt 0.033010 0.000000
vt 0.943689 0.000000
vt 0.601942 0.000000
vt 0.504854 0.000000
vt 0.945631 0.000000
vt 0.506796 0.000000
vt 0.508738 0.000000
vt 0.598058 0.000000
vt 0.947573 0.000000
vt 0.510680 0.000000
vt 0.596116 0.000000
vt 0.949515 0.000000
vt 0.512621 0.000000
vt 0.594175 0.000000
vt 0.951456 0.000000
vt 0.514563 0.000000
vt 0.031068 0.000000
vt 0.592233 0.000000
vt 0.953398 0.000000
vt 0.590291 0.000000
vt 0.955340 0.000000
vt 0.588350 0.000000
vt 0.957282 0.000000
vt 0.586408 0.000000
vt 0.516505 0.000000
vt 0.959223 0.000000
vt 0.584466 0.000000
vt 0.961165 0.000000
vt 0.582524 0.000000
vt 0.029126 0.000000
vt 0.963107 0.000000
vt 0.580582 0.000000
vt 0.965049 0.000000
vt 0.518447 0.000000
vt 0.578641 0.000000
vt 0.966990 0.000000
vt 0.968932 0.000000
vt 0.576699 0.000000
vt 0.970874 0.000000
vt 0.972816 0.000000
vt 0.574757 0.000000
vt 0.027184 0.000000
vt 0.520388 0.000000
vt 0.974757 0.000000
vt 0.572816 0.000000
vt 0.976699 0.000000
vt 0.978641 0.000000
vt 0.570874 0.000000
vt 0.980583 0.000000
vt 0.982524 0.000000
vt 0.568932 0.000000
vt 0.984466 0.000000
vt 0.522330 0.000000
vt 0.986408 0.000000
vt 0.566990 0.000000
vt 0.988349 0.000000
vt 0.565049 0.000000
vt 0.990291 0.000000
vt 0.992233 0.000000
vt 0.563107 0.000000
vt 0.025243 0.000000
vt 0.994175 0.000000
vt 0.996117 0.000000
vt 0.561165 0.000000
vt 0.998058 0.000000
vt 0.559223 0.000000
vt 0.524272 0.000000
vt 0.023301 0.000000
vt 0.526214 0.000000
vt 0.528155 0.000000
vt 0.021359 0.000000
vt 0.530097 0.000000
vt 0.019417 0.000000
vt 0.532039 0.000000
vt 0.017476 0.000000
vt 0.533981 0.000000
vt 0.535922 0.000000
vt 0.015534 0.000000
vt 0.537864 0.000000
vt 0.013592 0.000000
vt 0.539806 0.000000
vt 0.541748 0.000000
vt 0.011650 0.000000
vt 0.543689 0.000000
vt 0.009709 0.000000
vt 0.545631 0.000000
vt 0.007767 0.000000
vt 0.547573 0.000000
vt 0.549515 0.000000
vt 0.005825 0.000000
vt 0.551456 0.000000
vt 0.003883 0.000000
vt 0.553398 0.000000
vt 0.555340 0.000000
vt 0.001942 0.000000
vt 0.557282 0.000000
vt 0.047445 0.000000
vt 0.054745 0.000000
vt 0.051095 0.000000
vt 0.178832 0.000000
vt 0.186131 0.000000
vt 0.182482 0.000000
vt 0.058394 0.000000
vt 0.189781 0.000000
vt 0.043796 0.000000
vt 0.175182 0.000000
vt 0.062044 0.000000
vt 0.193431 0.000000
vt 0.065693 0.000000
vt 0.197080 0.000000
vt 0.040146 0.000000
vt 0.171533 0.000000
vt 0.069343 0.000000
vt 0.200730 0.000000
vt 0.072993 0.000000
vt 0.036496 0.000000
vt 0.167883 0.000000
vt 0.076642 0.000000
vt 0.204380 0.000000
vt 0.080292 0.000000
vt 0.208029 0.000000
vt 0.032847 0.000000
vt 0.164234 0.000000
vt 0.083942 0.000000
vt 0.211679 0.000000
vt 0.087591 0.000000
vt 0.029197 0.000000
vt 0.215328 0.000000
vt 0.160584 0.000000
vt 0.091241 0.000000
vt 0.003650 0.000000
vt 0.007299 0.000000
vt 0.218978 0.000000
vt 0.025547 0.000000
vt 0.094891 0.000000
vt 0.156934 0.000000
vt 0.098540 0.000000
vt 0.222628 0.000000
vt 0.021898 0.000000
vt 0.102190 0.000000
vt 0.226277 0.000000
vt 0.153285 0.000000
vt 0.105839 0.000000
vt 0.229927 0.000000
vt 0.018248 0.000000
vt 0.109489 0.000000
vt 0.149635 0.000000
vt 0.233577 0.000000
vt 0.113139 0.000000
vt 0.014599 0.000000
vt 0.116788 0.000000
vt 0.237226 0.000000
vt 0.145985 0.000000
vt 0.120438 0.000000
vt 0.240876 0.000000
vt 0.010949 0.000000
vt 0.124088 0.000000
vt 0.244526 0.000000
vt 0.142336 0.000000
vt 0.127737 0.000000
vt 0.248175 0.000000
vt 0.131387 0.000000
vt 0.138686 0.000000
vt 0.135036 0.000000
vt 0.251825 0.000000
vt 0.930657 0.000000
vt 0.927007 0.000000
vt 0.923358 0.000000
vt 0.919708 0.000000
vt 0.916058 0.000000
vt 0.912409 0.000000
vt 0.908759 0.000000
vt 0.905109 0.000000
vt 0.901460 0.000000
vt 0.897810 0.000000
vt 0.894161 0.000000
vt 0.890511 0.000000
vt 0.886861 0.000000
vt 0.883212 0.000000
vt 0.879562 0.000000
vt 0.875912 0.000000
vt 0.872263 0.000000
vt 0.868613 0.000000
vt 0.864964 0.000000
vt 0.255474 0.000000
vt 0.861314 0.000000
vt 0.587591 0.000000
vt 0.259124 0.000000
vt 0.857664 0.000000
vt 0.591241 0.000000
vt 0.583942 0.000000
vt 0.594891 0.000000
vt 0.580292 0.000000
vt 0.854015 0.000000
vt 0.598540 0.000000
vt 0.576642 0.000000
vt 0.850365 0.000000
vt 0.602190 0.000000
vt 0.572993 0.000000
vt 0.605839 0.000000
vt 0.846715 0.000000
vt 0.262774 0.000000
vt 0.609489 0.000000
vt 0.569343 0.000000
vt 0.843066 0.000000
vt 0.613139 0.000000
vt 0.565693 0.000000
vt 0.839416 0.000000
vt 0.616788 0.000000
vt 0.266423 0.000000
vt 0.562044 0.000000
vt 0.620438 0.000000
vt 0.835766 0.000000
vt 0.624088 0.000000
vt 0.270073 0.000000
vt 0.558394 0.000000
vt 0.832117 0.000000
vt 0.627737 0.000000
vt 0.554745 0.000000
vt 0.828467 0.000000
vt 0.631387 0.000000
vt 0.273723 0.000000
vt 0.551095 0.000000
vt 0.635036 0.000000
vt 0.277372 0.000000
vt 0.824818 0.000000
vt 0.638686 0.000000
vt 0.281022 0.000000
vt 0.642336 0.000000
vt 0.547445 0.000000
vt 0.821168 0.000000
vt 0.645985 0.000000
vt 0.284672 0.000000
vt 0.649635 0.000000
vt 0.543796 0.000000
vt 0.817518 0.000000
vt 0.288321 0.000000
vt 0.653285 0.000000
vt 0.656934 0.000000
vt 0.291971 0.000000
vt 0.934307 0.000000
vt 0.540146 0.000000
vt 0.660584 0.000000
vt 0.813869 0.000000
vt 0.536496 0.000000
vt 0.937956 0.000000
vt 0.295620 0.000000
vt 0.810219 0.000000
vt 0.664234 0.000000
vt 0.532847 0.000000
vt 0.806569 0.000000
vt 0.941606 0.000000
vt 0.299270 0.000000
vt 0.667883 0.000000
vt 0.529197 0.000000
vt 0.802920 0.000000
vt 0.945255 0.000000
vt 0.525547 0.000000
vt 0.302920 0.000000
vt 0.671533 0.000000
vt 0.799270 0.000000
vt 0.521898 0.000000
vt 0.948905 0.000000
vt 0.795620 0.000000
vt 0.306569 0.000000
vt 0.675182 0.000000
vt 0.518248 0.000000
vt 0.791971 0.000000
vt 0.952555 0.000000
vt 0.678832 0.000000
vt 0.310219 0.000000
vt 0.514599 0.000000
vt 0.788321 0.000000
vt 0.956204 0.000000
vt 0.510949 0.000000
vt 0.682482 0.000000
vt 0.313869 0.000000
vt 0.784672 0.000000
vt 0.507299 0.000000
vt 0.781022 0.000000
vt 0.959854 0.000000
vt 0.317518 0.000000
vt 0.686131 0.000000
vt 0.503650 0.000000
vt 0.777372 0.000000
vt 0.321168 0.000000
vt 0.963504 0.000000
vt 0.689781 0.000000
vt 0.773723 0.000000
vt 0.324818 0.000000
vt 0.496350 0.000000
vt 0.492701 0.000000
vt 0.489051 0.000000
vt 0.485401 0.000000
vt 0.967153 0.000000
vt 0.770073 0.000000
vt 0.693431 0.000000
vt 0.481752 0.000000
vt 0.478102 0.000000
vt 0.474453 0.000000
vt 0.328467 0.000000
vt 0.470803 0.000000
vt 0.766423 0.000000
vt 0.467153 0.000000
vt 0.463504 0.000000
vt 0.970803 0.000000
vt 0.697080 0.000000
vt 0.459854 0.000000
vt 0.332117 0.000000
vt 0.762774 0.000000
vt 0.456204 0.000000
vt 0.452555 0.000000
vt 0.448905 0.000000
vt 0.335766 0.000000
vt 0.974453 0.000000
vt 0.700730 0.000000
vt 0.759124 0.000000
vt 0.445255 0.000000
vt 0.441606 0.000000
vt 0.339416 0.000000
vt 0.755474 0.000000
vt 0.437956 0.000000
vt 0.704380 0.000000
vt 0.978102 0.000000
vt 0.434307 0.000000
vt 0.343066 0.000000
vt 0.430657 0.000000
vt 0.751825 0.000000
vt 0.427007 0.000000
vt 0.423358 0.000000
vt 0.346715 0.000000
vt 0.708029 0.000000
vt 0.981752 0.000000
vt 0.748175 0.000000
vt 0.419708 0.000000
vt 0.416058 0.000000
vt 0.350365 0.000000
vt 0.744526 0.000000
vt 0.412409 0.000000
vt 0.711679 0.000000
vt 0.985401 0.000000
vt 0.408759 0.000000
vt 0.354015 0.000000
vt 0.740876 0.000000
vt 0.405109 0.000000
vt 0.401460 0.000000
vt 0.357664 0.000000
vt 0.397810 0.000000
vt 0.715328 0.000000
vt 0.989051 0.000000
vt 0.737226 0.000000
vt 0.394161 0.000000
vt 0.361314 0.000000
vt 0.390511 0.000000
vt 0.733577 0.000000
vt 0.386861 0.000000
vt 0.383212 0.000000
vt 0.718978 0.000000
vt 0.992701 0.000000
vt 0.379562 0.000000
vt 0.729927 0.000000
vt 0.375912 0.000000
vt 0.372263 0.000000
vt 0.368613 0.000000
vt 0.996350 0.000000
vt 0.726277 0.000000
vt 0.722628 0.000000
vt 0.364964 0.000000
vt 0.424710 0.000000
vt 0.432432 0.000000
vt 0.420849 0.000000
vt 0.436293 0.000000
vt 0.416988 0.000000
vt 0.440154 0.000000
vt 0.413127 0.000000
vt 0.444015 0.000000
vt 0.409266 0.000000
vt 0.447876 0.000000
vt 0.405405 0.000000
vt 0.451737 0.000000
vt 0.401544 0.000000
vt 0.455598 0.000000
vt 0.397683 0.000000
vt 0.459459 0.000000
vt 0.393822 0.000000
vt 0.463320 0.000000
vt 0.389961 0.000000
vt 0.467181 0.000000
vt 0.386100 0.000000
vt 0.471042 0.000000
vt 0.382239 0.000000
vt 0.474903 0.000000
vt 0.378378 0.000000
vt 0.374517 0.000000
vt 0.370656 0.000000
vt 0.366795 0.000000
vt 0.362934 0.000000
vt 0.359073 0.000000
vt 0.355212 0.000000
vt 0.351351 0.000000
vt 0.347490 0.000000
vt 0.343629 0.000000
vt 0.478764 0.000000
vt 0.339768 0.000000
vt 0.482625 0.000000
vt 0.335907 0.000000
vt 0.486486 0.000000
vt 0.490348 0.000000
vt 0.332046 0.000000
vt 0.328185 0.000000
vt 0.494208 0.000000
vt 0.324324 0.000000
vt 0.320463 0.000000
vt 0.316602 0.000000
vt 0.312741 0.000000
vt 0.498069 0.000000
vt 0.308880 0.000000
vt 0.305019 0.000000
vt 0.301158 0.000000
vt 0.297297 0.000000
vt 0.501930 0.000000
vt 0.293436 0.000000
vt 0.289575 0.000000
vt 0.505791 0.000000
vt 0.281853 0.000000
vt 0.277992 0.000000
vt 0.509652 0.000000
vt 0.274131 0.000000
vt 0.270270 0.000000
vt 0.513514 0.000000
vt 0.266409 0.000000
vt 0.262548 0.000000
vt 0.517375 0.000000
vt 0.258687 0.000000
vt 0.254826 0.000000
vt 0.521236 0.000000
vt 0.250965 0.000000
vt 0.247104 0.000000
vt 0.525097 0.000000
vt 0.243243 0.000000
vt 0.528958 0.000000
vt 0.532819 0.000000
vt 0.239382 0.000000
vt 0.536680 0.000000
vt 0.235521 0.000000
vt 0.540541 0.000000
vt 0.544402 0.000000
vt 0.548263 0.000000
vt 0.552124 0.000000
vt 0.555985 0.000000
vt 0.227799 0.000000
vt 0.231660 0.000000
vt 0.223938 0.000000
vt 0.220077 0.000000
vt 0.216216 0.000000
vt 0.212355 0.000000
vt 0.559846 0.000000
vt 0.208494 0.000000
vt 0.204633 0.000000
vt 0.200772 0.000000
vt 0.196911 0.000000
vt 0.563707 0.000000
vt 0.193050 0.000000
vt 0.189189 0.000000
vt 0.185328 0.000000
vt 0.567568 0.000000
vt 0.181467 0.000000
vt 0.177606 0.000000
vt 0.722008 0.000000
vt 0.173745 0.000000
vt 0.169884 0.000000
vt 0.166023 0.000000
vt 0.162162 0.000000
vt 0.158301 0.000000
vt 0.154440 0.000000
vt 0.150579 0.000000
vt 0.745174 0.000000
vt 0.741313 0.000000
vt 0.737452 0.000000
vt 0.733591 0.000000
vt 0.729730 0.000000
vt 0.725869 0.000000
vt 0.718147 0.000000
vt 0.749035 0.000000
vt 0.752896 0.000000
vt 0.756757 0.000000
vt 0.760618 0.000000
vt 0.764479 0.000000
vt 0.768340 0.000000
vt 0.772201 0.000000
vt 0.776062 0.000000
vt 0.779923 0.000000
vt 0.783784 0.000000
vt 0.787645 0.000000
vt 0.791506 0.000000
vt 0.146718 0.000000
vt 0.795367 0.000000
vt 0.799228 0.000000
vt 0.803089 0.000000
vt 0.806950 0.000000
vt 0.810811 0.000000
vt 0.814672 0.000000
vt 0.818533 0.000000
vt 0.822394 0.000000
vt 0.826255 0.000000
vt 0.138996 0.000000
vt 0.830116 0.000000
vt 0.833977 0.000000
vt 0.837838 0.000000
vt 0.135135 0.000000
vt 0.841699 0.000000
vt 0.845560 0.000000
vt 0.710425 0.000000
vt 0.131274 0.000000
vt 0.849421 0.000000
vt 0.853282 0.000000
vt 0.127413 0.000000
vt 0.706564 0.000000
vt 0.861004 0.000000
vt 0.123552 0.000000
vt 0.864865 0.000000
vt 0.868726 0.000000
vt 0.119691 0.000000
vt 0.702703 0.000000
vt 0.872587 0.000000
vt 0.876448 0.000000
vt 0.115830 0.000000
vt 0.880309 0.000000
vt 0.698842 0.000000
vt 0.111969 0.000000
vt 0.884170 0.000000
vt 0.888031 0.000000
vt 0.694981 0.000000
vt 0.108108 0.000000
vt 0.891892 0.000000
vt 0.895753 0.000000
vt 0.104247 0.000000
vt 0.691120 0.000000
vt 0.899614 0.000000
vt 0.100386 0.000000
vt 0.903475 0.000000
vt 0.687259 0.000000
vt 0.907336 0.000000
vt 0.096525 0.000000
vt 0.911197 0.000000
vt 0.683398 0.000000
vt 0.915058 0.000000
vt 0.092664 0.000000
vt 0.918919 0.000000
vt 0.679537 0.000000
vt 0.088803 0.000000
vt 0.922780 0.000000
vt 0.675676 0.000000
vt 0.926641 0.000000
vt 0.084942 0.000000
vt 0.930502 0.000000
vt 0.671815 0.000000
vt 0.579151 0.000000
vt 0.934363 0.000000
vt 0.081081 0.000000
vt 0.667954 0.000000
vt 0.938224 0.000000
vt 0.942085 0.000000
vt 0.664093 0.000000
vt 0.077220 0.000000
vt 0.945946 0.000000
vt 0.660232 0.000000
vt 0.949807 0.000000
vt 0.073359 0.000000
vt 0.953668 0.000000
vt 0.656371 0.000000
vt 0.957529 0.000000
vt 0.069498 0.000000
vt 0.961390 0.000000
vt 0.652510 0.000000
vt 0.583012 0.000000
vt 0.575290 0.000000
vt 0.965251 0.000000
vt 0.648649 0.000000
vt 0.969112 0.000000
vt 0.065637 0.000000
vt 0.972973 0.000000
vt 0.644788 0.000000
vt 0.976834 0.000000
vt 0.640927 0.000000
vt 0.980695 0.000000
vt 0.984556 0.000000
vt 0.637066 0.000000
vt 0.061776 0.000000
vt 0.586873 0.000000
vt 0.988417 0.000000
vt 0.633205 0.000000
vt 0.992278 0.000000
vt 0.996139 0.000000
vt 0.629344 0.000000
vt 0.625483 0.000000
vt 0.057915 0.000000
vt 0.590734 0.000000
vt 0.054054 0.000000
vt 0.050193 0.000000
vt 0.594595 0.000000
vt 0.046332 0.000000
vt 0.598456 0.000000
vt 0.042471 0.000000
vt 0.038610 0.000000
vt 0.602317 0.000000
vt 0.034749 0.000000
vt 0.606178 0.000000
vt 0.030888 0.000000
vt 0.027027 0.000000
vt 0.610039 0.000000
vt 0.023166 0.000000
vt 0.613900 0.000000
vt 0.019305 0.000000
vt 0.015444 0.000000
vt 0.617761 0.000000
vt 0.011583 0.000000
vt 0.621622 0.000000
vt 0.007722 0.000000
vt 0.003861 0.000000
vt 0.336471 0.000000
vt 0.341176 0.000000
vt 0.338824 0.000000
vt 0.343529 0.000000
vt 0.334118 0.000000
vt 0.345882 0.000000
vt 0.348235 0.000000
vt 0.331765 0.000000
vt 0.350588 0.000000
vt 0.352941 0.000000
vt 0.329412 0.000000
vt 0.355294 0.000000
vt 0.327059 0.000000
vt 0.357647 0.000000
vt 0.360000 0.000000
vt 0.324706 0.000000
vt 0.362353 0.000000
vt 0.364706 0.000000
vt 0.322353 0.000000
vt 0.367059 0.000000
vt 0.369412 0.000000
vt 0.320000 0.000000
vt 0.371765 0.000000
vt 0.317647 0.000000
vt 0.374118 0.000000
vt 0.376471 0.000000
vt 0.315294 0.000000
vt 0.378824 0.000000
vt 0.381176 0.000000
vt 0.312941 0.000000
vt 0.383529 0.000000
vt 0.385882 0.000000
vt 0.310588 0.000000
vt 0.388235 0.000000
vt 0.308235 0.000000
vt 0.390588 0.000000
vt 0.392941 0.000000
vt 0.305882 0.000000
vt 0.395294 0.000000
vt 0.468235 0.000000
vt 0.465882 0.000000
vt 0.463529 0.000000
vt 0.461176 0.000000
vt 0.458824 0.000000
vt 0.456471 0.000000
vt 0.454118 0.000000
vt 0.451765 0.000000
vt 0.449412 0.000000
vt 0.447059 0.000000
vt 0.444706 0.000000
vt 0.442353 0.000000
vt 0.440000 0.000000
vt 0.437647 0.000000
vt 0.435294 0.000000
vt 0.432941 0.000000
vt 0.430588 0.000000
vt 0.428235 0.000000
vt 0.425882 0.000000
vt 0.423529 0.000000
vt 0.421176 0.000000
vt 0.418824 0.000000
vt 0.416471 0.000000
vt 0.414118 0.000000
vt 0.411765 0.000000
vt 0.409412 0.000000
vt 0.407059 0.000000
vt 0.404706 0.000000
vt 0.402353 0.000000
vt 0.397647 0.000000
vt 0.303529 0.000000
vt 0.470588 0.000000
vt 0.301176 0.000000
vt 0.472941 0.000000
vt 0.298824 0.000000
vt 0.475294 0.000000
vt 0.296471 0.000000
vt 0.477647 0.000000
vt 0.294118 0.000000
vt 0.482353 0.000000
vt 0.480000 0.000000
vt 0.291765 0.000000
vt 0.484706 0.000000
vt 0.487059 0.000000
vt 0.489412 0.000000
vt 0.491765 0.000000
vt 0.494118 0.000000
vt 0.496471 0.000000
vt 0.498824 0.000000
vt 0.289412 0.000000
vt 0.501176 0.000000
vt 0.503529 0.000000
vt 0.505882 0.000000
vt 0.508235 0.000000
vt 0.287059 0.000000
vt 0.510588 0.000000
vt 0.512941 0.000000
vt 0.515294 0.000000
vt 0.284706 0.000000
vt 0.517647 0.000000
vt 0.520000 0.000000
vt 0.282353 0.000000
vt 0.522353 0.000000
vt 0.524706 0.000000
vt 0.280000 0.000000
vt 0.527059 0.000000
vt 0.277647 0.000000
vt 0.275294 0.000000
vt 0.529412 0.000000
vt 0.272941 0.000000
vt 0.270588 0.000000
vt 0.531765 0.000000
vt 0.268235 0.000000
vt 0.265882 0.000000
vt 0.534118 0.000000
vt 0.263529 0.000000
vt 0.261176 0.000000
vt 0.536471 0.000000
vt 0.258824 0.000000
vt 0.256471 0.000000
vt 0.538824 0.000000
vt 0.254118 0.000000
vt 0.251765 0.000000
vt 0.541176 0.000000
vt 0.249412 0.000000
vt 0.543529 0.000000
vt 0.247059 0.000000
vt 0.244706 0.000000
vt 0.545882 0.000000
vt 0.242353 0.000000
vt 0.548235 0.000000
vt 0.240000 0.000000
vt 0.550588 0.000000
vt 0.237647 0.000000
vt 0.235294 0.000000
vt 0.552941 0.000000
vt 0.232941 0.000000
vt 0.555294 0.000000
vt 0.230588 0.000000
vt 0.228235 0.000000
vt 0.557647 0.000000
vt 0.225882 0.000000
vt 0.560000 0.000000
vt 0.223529 0.000000
vt 0.562353 0.000000
vt 0.221176 0.000000
vt 0.564706 0.000000
vt 0.567059 0.000000
vt 0.218824 0.000000
vt 0.569412 0.000000
vt 0.216471 0.000000
vt 0.571765 0.000000
vt 0.574118 0.000000
vt 0.576471 0.000000
vt 0.214118 0.000000
vt 0.578824 0.000000
vt 0.581176 0.000000
vt 0.211765 0.000000
vt 0.583529 0.000000
vt 0.585882 0.000000
vt 0.588235 0.000000
vt 0.209412 0.000000
vt 0.590588 0.000000
vt 0.592941 0.000000
vt 0.207059 0.000000
vt 0.595294 0.000000
vt 0.597647 0.000000
vt 0.204706 0.000000
vt 0.602353 0.000000
vt 0.604706 0.000000
vt 0.202353 0.000000
vt 0.607059 0.000000
vt 0.609412 0.000000
vt 0.611765 0.000000
vt 0.614118 0.000000
vt 0.616471 0.000000
vt 0.197647 0.000000
vt 0.618824 0.000000
vt 0.621176 0.000000
vt 0.623529 0.000000
vt 0.195294 0.000000
vt 0.625882 0.000000
vt 0.192941 0.000000
vt 0.628235 0.000000
vt 0.190588 0.000000
vt 0.630588 0.000000
vt 0.188235 0.000000
vt 0.632941 0.000000
vt 0.185882 0.000000
vt 0.635294 0.000000
vt 0.183529 0.000000
vt 0.637647 0.000000
vt 0.181176 0.000000
vt 0.640000 0.000000
vt 0.178824 0.000000
vt 0.642353 0.000000
vt 0.176471 0.000000
vt 0.644706 0.000000
vt 0.174118 0.000000
vt 0.647059 0.000000
vt 0.171765 0.000000
vt 0.649412 0.000000
vt 0.169412 0.000000
vt 0.651765 0.000000
vt 0.167059 0.000000
vt 0.654118 0.000000
vt 0.164706 0.000000
vt 0.656471 0.000000
vt 0.910588 0.000000
vt 0.915294 0.000000
vt 0.912941 0.000000
vt 0.908235 0.000000
vt 0.917647 0.000000
vt 0.162353 0.000000
vt 0.658824 0.000000
vt 0.160000 0.000000
vt 0.661176 0.000000
vt 0.157647 0.000000
vt 0.663529 0.000000
vt 0.155294 0.000000
vt 0.665882 0.000000
vt 0.152941 0.000000
vt 0.668235 0.000000
vt 0.150588 0.000000
vt 0.670588 0.000000
vt 0.148235 0.000000
vt 0.672941 0.000000
vt 0.145882 0.000000
vt 0.675294 0.000000
vt 0.143529 0.000000
vt 0.677647 0.000000
vt 0.141176 0.000000
vt 0.680000 0.000000
vt 0.138824 0.000000
vt 0.682353 0.000000
vt 0.136471 0.000000
vt 0.684706 0.000000
vt 0.134118 0.000000
vt 0.687059 0.000000
vt 0.131765 0.000000
vt 0.689412 0.000000
vt 0.129412 0.000000
vt 0.691765 0.000000
vt 0.127059 0.000000
vt 0.694118 0.000000
vt 0.124706 0.000000
vt 0.696471 0.000000
vt 0.122353 0.000000
vt 0.698824 0.000000
vt 0.120000 0.000000
vt 0.701176 0.000000
vt 0.117647 0.000000
vt 0.703529 0.000000
vt 0.905882 0.000000
vt 0.115294 0.000000
vt 0.705882 0.000000
vt 0.112941 0.000000
vt 0.708235 0.000000
vt 0.110588 0.000000
vt 0.710588 0.000000
vt 0.108235 0.000000
vt 0.712941 0.000000
vt 0.105882 0.000000
vt 0.715294 0.000000
vt 0.103529 0.000000
vt 0.717647 0.000000
vt 0.101176 0.000000
vt 0.720000 0.000000
vt 0.722353 0.000000
vt 0.098824 0.000000
vt 0.724706 0.000000
vt 0.096471 0.000000
vt 0.727059 0.000000
vt 0.094118 0.000000
vt 0.729412 0.000000
vt 0.091765 0.000000
vt 0.731765 0.000000
vt 0.089412 0.000000
vt 0.734118 0.000000
vt 0.087059 0.000000
vt 0.736471 0.000000
vt 0.084706 0.000000
vt 0.738824 0.000000
vt 0.082353 0.000000
vt 0.741176 0.000000
vt 0.080000 0.000000
vt 0.743529 0.000000
vt 0.745882 0.000000
vt 0.077647 0.000000
vt 0.748235 0.000000
vt 0.075294 0.000000
vt 0.750588 0.000000
vt 0.752941 0.000000
vt 0.072941 0.000000
vt 0.755294 0.000000
vt 0.070588 0.000000
vt 0.757647 0.000000
vt 0.760000 0.000000
vt 0.068235 0.000000
vt 0.762353 0.000000
vt 0.764706 0.000000
vt 0.065882 0.000000
vt 0.767059 0.000000
vt 0.769412 0.000000
vt 0.063529 0.000000
vt 0.903529 0.000000
vt 0.901176 0.000000
vt 0.898823 0.000000
vt 0.771765 0.000000
vt 0.896471 0.000000
vt 0.894118 0.000000
vt 0.891765 0.000000
vt 0.889412 0.000000
vt 0.887059 0.000000
vt 0.774118 0.000000
vt 0.884706 0.000000
vt 0.882353 0.000000
vt 0.880000 0.000000
vt 0.061176 0.000000
vt 0.877647 0.000000
vt 0.875294 0.000000
vt 0.776471 0.000000
vt 0.872941 0.000000
vt 0.870588 0.000000
vt 0.868235 0.000000
vt 0.865882 0.000000
vt 0.863529 0.000000
vt 0.778824 0.000000
vt 0.861176 0.000000
vt 0.858824 0.000000
vt 0.856471 0.000000
vt 0.854118 0.000000
vt 0.781176 0.000000
vt 0.851765 0.000000
vt 0.849412 0.000000
vt 0.058824 0.000000
vt 0.847059 0.000000
vt 0.844706 0.000000
vt 0.783529 0.000000
vt 0.842353 0.000000
vt 0.840000 0.000000
vt 0.837647 0.000000
vt 0.835294 0.000000
vt 0.832941 0.000000
vt 0.785882 0.000000
vt 0.830588 0.000000
vt 0.828235 0.000000
vt 0.825882 0.000000
vt 0.823529 0.000000
vt 0.821176 0.000000
vt 0.788235 0.000000
vt 0.818824 0.000000
vt 0.816471 0.000000
vt 0.814118 0.000000
vt 0.811765 0.000000
vt 0.790588 0.000000
vt 0.809412 0.000000
vt 0.807059 0.000000
vt 0.804706 0.000000
vt 0.802353 0.000000
vt 0.792941 0.000000
vt 0.797647 0.000000
vt 0.795294 0.000000
vt 0.056471 0.000000
vt 0.054118 0.000000
vt 0.920000 0.000000
vt 0.051765 0.000000
vt 0.922353 0.000000
vt 0.049412 0.000000
vt 0.924706 0.000000
vt 0.047059 0.000000
vt 0.927059 0.000000
vt 0.044706 0.000000
vt 0.929412 0.000000
vt 0.042353 0.000000
vt 0.931765 0.000000
vt 0.040000 0.000000
vt 0.934118 0.000000
vt 0.037647 0.000000
vt 0.936471 0.000000
vt 0.035294 0.000000
vt 0.938824 0.000000
vt 0.032941 0.000000
vt 0.941176 0.000000
vt 0.030588 0.000000
vt 0.943529 0.000000
vt 0.028235 0.000000
vt 0.945882 0.000000
vt 0.025882 0.000000
vt 0.948235 0.000000
vt 0.950588 0.000000
vt 0.023529 0.000000
vt 0.952941 0.000000
vt 0.955294 0.000000
vt 0.021176 0.000000
vt 0.957647 0.000000
vt 0.960000 0.000000
vt 0.018824 0.000000
vt 0.962353 0.000000
vt 0.964706 0.000000
vt 0.016471 0.000000
vt 0.967059 0.000000
vt 0.969412 0.000000
vt 0.014118 0.000000
vt 0.971765 0.000000
vt 0.974118 0.000000
vt 0.011765 0.000000
vt 0.976471 0.000000
vt 0.978824 0.000000
vt 0.009412 0.000000
vt 0.981176 0.000000
vt 0.983529 0.000000
vt 0.007059 0.000000
vt 0.985882 0.000000
vt 0.988235 0.000000
vt 0.004706 0.000000
vt 0.990588 0.000000
vt 0.992941 0.000000
vt 0.002353 0.000000
vt 0.995294 0.000000
vt 0.997647 0.000000
s 0
f 60/1/1 62/2/1 61/3/1
f 60/1/1 63/4/1 62/2/1
f 60/1/1 64/5/1 63/4/1
f 59/6/1 64/5/1 60/1/1
f 59/6/1 65/7/1 64/5/1
f 59/6/1 66/8/1 65/7/1
f 58/9/1 66/8/1 59/6/1
f 58/9/1 67/10/1 66/8/1
f 58/9/1 68/11/1 67/10/1
f 57/12/1 68/11/1 58/9/1
f 57/12/1 69/13/1 68/11/1
f 57/12/1 70/14/1 69/13/1
f 56/15/1 70/14/1 57/12/1
f 56/15/1 71/16/1 70/14/1
f 56/15/1 72/17/1 71/16/1
f 55/18/1 72/17/1 56/15/1
f 55/18/1 73/19/1 72/17/1
f 55/18/1 74/20/1 73/19/1
f 54/21/1 74/20/1 55/18/1
f 54/21/1 75/22/1 74/20/1
f 54/21/1 76/23/1 75/22/1
f 53/24/1 76/23/1 54/21/1
f 53/24/1 77/25/1 76/23/1
f 53/24/1 78/26/1 77/25/1
f 52/27/1 78/26/1 53/24/1
f 52/27/1 79/28/1 78/26/1
f 52/27/1 80/29/1 79/28/1
f 51/30/1 80/29/1 52/27/1
f 51/30/1 81/31/1 80/29/1
f 51/30/1 82/32/1 81/31/1
f 50/33/1 82/32/1 51/30/1
f 50/33/1 83/34/1 82/32/1
f 49/35/1 83/34/1 50/33/1
f 49/35/1 84/36/1 83/34/1
f 49/35/1 85/37/1 84/36/1
f 48/38/1 85/37/1 49/35/1
f 48/38/1 86/39/1 85/37/1
f 47/40/1 86/39/1 48/38/1
f 47/40/1 87/41/1 86/39/1
f 46/42/1 87/41/1 47/40/1
f 45/43/1 87/41/1 46/42/1
f 45/43/1 88/44/1 87/41/1
f 44/45/1 88/44/1 45/43/1
f 43/46/1 88/44/1 44/45/1
f 43/46/1 89/47/1 88/44/1
f 42/48/1 89/47/1 43/46/1
f 41/49/1 89/47/1 42/48/1
f 41/49/1 90/50/1 89/47/1
f 40/51/1 90/50/1 41/49/1
f 39/52/1 90/50/1 40/51/1
f 39/52/1 91/53/1 90/50/1
f 38/54/1 91/53/1 39/52/1
f 37/55/1 91/53/1 38/54/1
f 37/55/1 92/56/1 91/53/1
f 36/57/1 92/56/1 37/55/1
f 35/58/1 92/56/1 36/57/1
f 35/58/1 93/59/1 92/56/1
f 34/60/1 93/59/1 35/58/1
f 33/61/1 93/59/1 34/60/1
f 33/61/1 94/62/1 93/59/1
f 32/63/1 94/62/1 33/61/1
f 31/64/1 94/62/1 32/63/1
f 31/64/1 95/65/1 94/62/1
f 30/66/1 95/65/1 31/64/1
f 29/67/1 95/65/1 30/66/1
f 29/67/1 96/68/1 95/65/1
f 28/69/1 96/68/1 29/67/1
f 27/70/1 96/68/1 28/69/1
f 27/70/1 97/71/1 96/68/1
f 26/72/1 97/71/1 27/70/1
f 25/73/1 97/71/1 26/72/1
f 25/73/1 98/74/1 97/71/1
f 24/75/1 98/74/1 25/73/1
f 23/76/1 98/74/1 24/75/1
f 23/76/1 99/77/1 98/74/1
f 22/78/1 99/77/1 23/76/1
f 22/78/1 100/79/1 99/77/1
f 22/78/1 101/80/1 100/79/1
f 21/81/1 101/80/1 22/78/1
f 21/81/1 102/82/1 101/80/1
f 21/81/1 103/83/1 102/82/1
f 20/84/1 103/83/1 21/81/1
f 20/84/1 104/85/1 103/83/1
f 20/84/1 105/86/1 104/85/1
f 19/87/1 105/86/1 20/84/1
f 19/87/1 106/88/1 105/86/1
f 19/87/1 107/89/1 106/88/1
f 18/90/1 107/89/1 19/87/1
f 18/90/1 108/91/1 107/89/1
f 18/90/1 109/92/1 108/91/1
f 17/93/1 109/92/1 18/90/1
f 17/93/1 110/94/1 109/92/1
f 17/93/1 111/95/1 110/94/1
f 16/96/1 111/95/1 17/93/1
f 16/96/1 112/97/1 111/95/1
f 16/96/1 113/98/1 112/97/1
f 16/96/1 114/99/1 113/98/1
f 15/100/1 114/99/1 16/96/1
f 15/100/1 115/101/1 114/99/1
f 15/100/1 116/102/1 115/101/1
f 14/103/1 116/102/1 15/100/1
f 14/103/1 117/104/1 116/102/1
f 14/103/1 118/105/1 117/104/1
f 13/106/1 118/105/1 14/103/1
f 13/106/1 119/107/1 118/105/1
f 13/106/1 120/108/1 119/107/1
f 12/109/1 120/108/1 13/106/1
f 12/109/1 121/110/1 120/108/1
f 12/109/1 122/111/1 121/110/1
f 11/112/1 122/111/1 12/109/1
f 11/112/1 123/113/1 122/111/1
f 11/112/1 124/114/1 123/113/1
f 10/115/1 124/114/1 11/112/1
f 10/115/1 125/116/1 124/114/1
f 10/115/1 126/117/1 125/116/1
f 9/118/1 126/117/1 10/115/1
f 9/118/1 127/119/1 126/117/1
f 9/118/1 128/120/1 127/119/1
f 8/121/1 128/120/1 9/118/1
f 8/121/1 129/122/1 128/120/1
f 8/121/1 130/123/1 129/122/1
f 7/124/1 130/123/1 8/121/1
f 7/124/1 131/125/1 130/123/1
f 7/124/1 132/126/1 131/125/1
f 6/127/1 132/126/1 7/124/1
f 6/127/1 133/128/1 132/126/1
f 6/127/1 134/129/1 133/128/1
f 6/127/1 135/130/1 134/129/1
f 5/131/1 135/130/1 6/127/1
f 5/131/1 136/132/1 135/130/1
f 5/131/1 137/133/1 136/132/1
f 4/134/1 137/133/1 5/131/1
f 4/134/1 138/135/1 137/133/1
f 4/134/1 139/136/1 138/135/1
f 3/137/1 139/136/1 4/134/1
f 3/137/1 140/138/1 139/136/1
f 3/137/1 141/139/1 140/138/1
f 3/137/1 142/140/1 141/139/1
f 2/141/1 142/140/1 3/137/1
f 2/141/1 143/142/1 142/140/1
f 2/141/1 144/143/1 143/142/1
f 1/144/1 144/143/1 2/141/1
f 1/144/1 145/145/1 144/143/1
f 1/144/1 146/146/1 145/145/1
f 374/147/1 376/148/1 375/149/1
f 374/147/1 377/150/1 376/148/1
f 373/151/1 377/150/1 374/147/1
f 373/151/1 378/152/1 377/150/1
f 372/153/1 378/152/1 373/151/1
f 372/153/1 379/154/1 378/152/1
f 371/155/1 379/154/1 372/153/1
f 371/155/1 380/156/1 379/154/1
f 370/157/1 380/156/1 371/155/1
f 370/157/1 381/158/1 380/156/1
f 369/159/1 381/158/1 370/157/1
f 369/159/1 382/160/1 381/158/1
f 368/161/1 382/160/1 369/159/1
f 368/161/1 383/162/1 382/160/1
f 367/163/1 383/162/1 368/161/1
f 367/163/1 384/164/1 383/162/1
f 366/165/1 384/164/1 367/163/1
f 366/165/1 385/166/1 384/164/1
f 366/165/1 386/167/1 385/166/1
f 365/168/1 386/167/1 366/165/1
f 365/168/1 387/169/1 386/167/1
f 364/170/1 387/169/1 365/168/1
f 364/170/1 388/171/1 387/169/1
f 363/172/1 388/171/1 364/170/1
f 363/172/1 389/173/1 388/171/1
f 362/174/1 389/173/1 363/172/1
f 362/174/1 390/175/1 389/173/1
f 361/176/1 390/175/1 362/174/1
f 361/176/1 391/177/1 390/175/1
f 360/178/1 391/177/1 361/176/1
f 360/178/1 392/179/1 391/177/1
f 360/178/1 393/180/1 392/179/1
f 359/181/1 393/180/1 360/178/1
f 359/181/1 394/182/1 393/180/1
f 358/183/1 394/182/1 359/181/1
f 358/183/1 395/184/1 394/182/1
f 357/185/1 395/184/1 358/183/1
f 357/185/1 396/186/1 395/184/1
f 356/187/1 396/186/1 357/185/1
f 356/187/1 397/188/1 396/186/1
f 355/189/1 397/188/1 356/187/1
f 355/189/1 398/190/1 397/188/1
f 355/189/1 399/191/1 398/190/1
f 354/192/1 399/191/1 355/189/1
f 354/192/1 400/193/1 399/191/1
f 353/194/1 400/193/1 354/192/1
f 352/195/1 400/193/1 353/194/1
f 352/195/1 401/196/1 400/193/1
f 351/197/1 401/196/1 352/195/1
f 350/198/1 401/196/1 351/197/1
f 350/198/1 402/199/1 401/196/1
f 350/198/1 403/200/1 402/199/1
f 349/201/1 403/200/1 350/198/1
f 349/201/1 404/202/1 403/200/1
f 348/203/1 404/202/1 349/201/1
f 348/203/1 405/204/1 404/202/1
f 347/205/1 405/204/1 348/203/1
f 347/205/1 406/206/1 405/204/1
f 347/205/1 407/207/1 406/206/1
f 346/208/1 407/207/1 347/205/1
f 346/208/1 408/209/1 407/207/1
f 345/210/1 408/209/1 346/208/1
f 345/210/1 409/211/1 408/209/1
f 344/212/1 409/211/1 345/210/1
f 344/212/1 410/213/1 409/211/1
f 343/214/1 410/213/1 344/212/1
f 343/214/1 411/215/1 410/213/1
f 342/216/1 411/215/1 343/214/1
f 342/216/1 412/217/1 411/215/1
f 342/216/1 413/218/1 412/217/1
f 341/219/1 413/218/1 342/216/1
f 341/219/1 414/220/1 413/218/1
f 341/219/1 415/221/1 414/220/1
f 340/222/1 415/221/1 341/219/1
f 340/222/1 416/223/1 415/221/1
f 340/222/1 417/224/1 416/223/1
f 339/225/1 417/224/1 340/222/1
f 339/225/1 418/226/1 417/224/1
f 339/225/1 419/227/1 418/226/1
f 338/228/1 419/227/1 339/225/1
f 338/228/1 420/229/1 419/227/1
f 337/230/1 420/229/1 338/228/1
f 337/230/1 421/231/1 420/229/1
f 336/232/1 421/231/1 337/230/1
f 336/232/1 422/233/1 421/231/1
f 335/234/1 422/233/1 336/232/1
f 334/235/1 422/233/1 335/234/1
f 334/235/1 423/236/1 422/233/1
f 333/237/1 423/236/1 334/235/1
f 333/237/1 424/238/1 423/236/1
f 332/239/1 424/238/1 333/237/1
f 332/239/1 425/240/1 424/238/1
f 331/241/1 425/240/1 332/239/1
f 330/242/1 425/240/1 331/241/1
f 330/242/1 426/243/1 425/240/1
f 329/244/1 426/243/1 330/242/1
f 329/244/1 427/245/1 426/243/1
f 328/246/1 427/245/1 329/244/1
f 328/246/1 428/247/1 427/245/1
f 327/248/1 428/247/1 328/246/1
f 326/249/1 428/247/1 327/248/1
f 326/249/1 429/250/1 428/247/1
f 325/251/1 429/250/1 326/249/1
f 325/251/1 430/252/1 429/250/1
f 324/253/1 430/252/1 325/251/1
f 324/253/1 431/254/1 430/252/1
f 323/255/1 431/254/1 324/253/1
f 323/255/1 432/256/1 431/254/1
f 322/257/1 432/256/1 323/255/1
f 321/258/1 432/256/1 322/257/1
f 321/258/1 433/259/1 432/256/1
f 320/260/1 433/259/1 321/258/1
f 320/260/1 434/261/1 433/259/1
f 319/262/1 434/261/1 320/260/1
f 319/262/1 435/263/1 434/261/1
f 318/264/1 435/263/1 319/262/1
f 318/264/1 436/265/1 435/263/1
f 317/266/1 436/265/1 318/264/1
f 317/266/1 437/267/1 436/265/1
f 316/268/1 437/267/1 317/266/1
f 316/268/1 438/269/1 437/267/1
f 315/270/1 438/269/1 316/268/1
f 314/271/1 438/269/1 315/270/1
f 314/271/1 439/272/1 438/269/1
f 314/271/1 440/273/1 439/272/1
f 313/274/1 440/273/1 314/271/1
f 313/274/1 441/275/1 440/273/1
f 313/274/1 442/276/1 441/275/1
f 312/277/1 442/276/1 313/274/1
f 312/277/1 443/278/1 442/276/1
f 312/277/1 444/279/1 443/278/1
f 311/280/1 444/279/1 312/277/1
f 311/280/1 445/281/1 444/279/1
f 310/282/1 445/281/1 311/280/1
f 310/282/1 446/283/1 445/281/1
f 310/282/1 447/284/1 446/283/1
f 309/285/1 447/284/1 310/282/1
f 309/285/1 448/286/1 447/284/1
f 309/285/1 449/287/1 448/286/1
f 308/288/1 449/287/1 309/285/1
f 308/288/1 450/289/1 449/287/1
f 308/288/1 451/290/1 450/289/1
f 307/291/1 451/290/1 308/288/1
f 307/291/1 452/292/1 451/290/1
f 306/293/1 452/292/1 307/291/1
f 306/293/1 453/294/1 452/292/1
f 306/293/1 454/295/1 453/294/1
f 305/296/1 454/295/1 306/293/1
f 305/296/1 455/297/1 454/295/1
f 305/296/1 456/298/1 455/297/1
f 304/299/1 456/298/1 305/296/1
f 304/299/1 457/300/1 456/298/1
f 304/299/1 458/146/1 457/300/1
f 303/301/1 458/146/1 304/299/1
f 230/302/1 232/303/1 231/304/1
f 230/302/1 233/305/1 232/303/1
f 229/306/1 233/305/1 230/302/1
f 229/306/1 234/307/1 233/305/1
f 228/308/1 234/307/1 229/306/1
f 228/308/1 235/309/1 234/307/1
f 227/310/1 235/309/1 228/308/1
f 227/310/1 236/311/1 235/309/1
f 227/310/1 237/312/1 236/311/1
f 226/313/1 237/312/1 227/310/1
f 226/313/1 238/314/1 237/312/1
f 225/315/1 238/314/1 226/313/1
f 225/315/1 239/316/1 238/314/1
f 224/317/1 239/316/1 225/315/1
f 224/317/1 240/318/1 239/316/1
f 223/319/1 240/318/1 224/317/1
f 223/319/1 241/320/1 240/318/1
f 223/319/1 242/321/1 241/320/1
f 222/322/1 242/321/1 223/319/1
f 222/322/1 243/323/1 242/321/1
f 221/324/1 243/323/1 222/322/1
f 221/324/1 244/325/1 243/323/1
f 220/326/1 244/325/1 221/324/1
f 220/326/1 245/327/1 244/325/1
f 219/328/1 245/327/1 220/326/1
f 219/328/1 246/329/1 245/327/1
f 219/328/1 247/330/1 246/329/1
f 218/331/1 247/330/1 219/328/1
f 218/331/1 248/332/1 247/330/1
f 217/333/1 248/332/1 218/331/1
f 217/333/1 249/334/1 248/332/1
f 216/335/1 249/334/1 217/333/1
f 216/335/1 250/336/1 249/334/1
f 215/337/1 250/336/1 216/335/1
f 215/337/1 251/338/1 250/336/1
f 214/339/1 251/338/1 215/337/1
f 214/339/1 252/340/1 251/338/1
f 213/341/1 252/340/1 214/339/1
f 213/341/1 253/342/1 252/340/1
f 212/343/1 253/342/1 213/341/1
f 212/343/1 254/344/1 253/342/1
f 211/345/1 254/344/1 212/343/1
f 211/345/1 255/346/1 254/344/1
f 210/347/1 255/346/1 211/345/1
f 210/347/1 256/348/1 255/346/1
f 209/349/1 256/348/1 210/347/1
f 209/349/1 257/350/1 256/348/1
f 208/351/1 257/350/1 209/349/1
f 208/351/1 258/352/1 257/350/1
f 207/353/1 258/352/1 208/351/1
f 207/353/1 259/354/1 258/352/1
f 206/355/1 259/354/1 207/353/1
f 206/355/1 260/356/1 259/354/1
f 206/355/1 261/357/1 260/356/1
f 205/358/1 261/357/1 206/355/1
f 205/358/1 262/359/1 261/357/1
f 204/360/1 262/359/1 205/358/1
f 204/360/1 263/361/1 262/359/1
f 204/360/1 264/362/1 263/361/1
f 203/363/1 264/362/1 204/360/1
f 203/363/1 265/364/1 264/362/1
f 202/365/1 265/364/1 203/363/1
f 202/365/1 266/366/1 265/364/1
f 201/367/1 266/366/1 202/365/1
f 201/367/1 267/368/1 266/366/1
f 201/367/1 268/369/1 267/368/1
f 200/370/1 268/369/1 201/367/1
f 200/370/1 269/371/1 268/369/1
f 199/372/1 269/371/1 200/370/1
f 199/372/1 270/373/1 269/371/1
f 198/374/1 270/373/1 199/372/1
f 198/374/1 271/375/1 270/373/1
f 197/376/1 271/375/1 198/374/1
f 197/376/1 272/377/1 271/375/1
f 197/376/1 273/378/1 272/377/1
f 196/379/1 273/378/1 197/376/1
f 196/379/1 274/380/1 273/378/1
f 195/381/1 274/380/1 196/379/1
f 195/381/1 275/382/1 274/380/1
f 194/383/1 275/382/1 195/381/1
f 194/383/1 276/384/1 275/382/1
f 193/385/1 276/384/1 194/383/1
f 193/385/1 277/386/1 276/384/1
f 192/387/1 277/386/1 193/385/1
f 192/387/1 278/388/1 277/386/1
f 191/389/1 278/388/1 192/387/1
f 191/389/1 279/390/1 278/388/1
f 190/391/1 279/390/1 191/389/1
f 190/391/1 280/392/1 279/390/1
f 189/393/1 280/392/1 190/391/1
f 188/394/1 280/392/1 189/393/1
f 188/394/1 281/395/1 280/392/1
f 187/396/1 281/395/1 188/394/1
f 186/397/1 281/395/1 187/396/1
f 186/397/1 282/398/1 281/395/1
f 185/399/1 282/398/1 186/397/1
f 184/400/1 282/398/1 185/399/1
f 184/400/1 283/401/1 282/398/1
f 183/402/1 283/401/1 184/400/1
f 182/403/1 283/401/1 183/402/1
f 182/403/1 284/404/1 283/401/1
f 181/405/1 284/404/1 182/403/1
f 180/406/1 284/404/1 181/405/1
f 180/406/1 285/407/1 284/404/1
f 179/408/1 285/407/1 180/406/1
f 178/409/1 285/407/1 179/408/1
f 177/410/1 285/407/1 178/409/1
f 177/410/1 286/411/1 285/407/1
f 176/412/1 286/411/1 177/410/1
f 175/413/1 286/411/1 176/412/1
f 174/414/1 286/411/1 175/413/1
f 174/414/1 287/415/1 286/411/1
f 173/416/1 287/415/1 174/414/1
f 172/417/1 287/415/1 173/416/1
f 172/417/1 288/418/1 287/415/1
f 171/419/1 288/418/1 172/417/1
f 170/420/1 288/418/1 171/419/1
f 169/421/1 288/418/1 170/420/1
f 169/421/1 289/422/1 288/418/1
f 168/423/1 289/422/1 169/421/1
f 167/424/1 289/422/1 168/423/1
f 167/424/1 290/425/1 289/422/1
f 166/426/1 290/425/1 167/424/1
f 165/427/1 290/425/1 166/426/1
f 165/427/1 291/428/1 290/425/1
f 164/429/1 291/428/1 165/427/1
f 163/430/1 291/428/1 164/429/1
f 162/431/1 291/428/1 163/430/1
f 162/431/1 292/432/1 291/428/1
f 161/433/1 292/432/1 162/431/1
f 160/434/1 292/432/1 161/433/1
f 159/435/1 292/432/1 160/434/1
f 159/435/1 293/436/1 292/432/1
f 158/437/1 293/436/1 159/435/1
f 158/437/1 294/438/1 293/436/1
f 157/439/1 294/438/1 158/437/1
f 157/439/1 295/440/1 294/438/1
f 156/441/1 295/440/1 157/439/1
f 156/441/1 296/442/1 295/440/1
f 155/443/1 296/442/1 156/441/1
f 154/444/1 296/442/1 155/443/1
f 154/444/1 297/445/1 296/442/1
f 153/446/1 297/445/1 154/444/1
f 153/446/1 298/447/1 297/445/1
f 152/448/1 298/447/1 153/446/1
f 152/448/1 299/449/1 298/447/1
f 151/450/1 299/449/1 152/448/1
f 151/450/1 300/451/1 299/449/1
f 150/452/1 300/451/1 151/450/1
f 150/452/1 301/453/1 300/451/1
f 149/454/1 301/453/1 150/452/1
f 149/454/1 302/455/1 301/453/1
f 148/456/1 302/455/1 149/454/1
f 148/456/1 147/144/1 302/455/1
f 484/457/1 486/458/1 485/459/1
f 483/460/1 486/458/1 484/457/1
f 483/460/1 487/461/1 486/458/1
f 482/462/1 487/461/1 483/460/1
f 482/462/1 488/463/1 487/461/1
f 481/464/1 488/463/1 482/462/1
f 481/464/1 489/465/1 488/463/1
f 480/466/1 489/465/1 481/464/1
f 480/466/1 490/467/1 489/465/1
f 479/468/1 490/467/1 480/466/1
f 479/468/1 491/469/1 490/467/1
f 478/470/1 491/469/1 479/468/1
f 478/470/1 492/471/1 491/469/1
f 477/472/1 492/471/1 478/470/1
f 477/472/1 493/473/1 492/471/1
f 536/146/1 460/474/1 459/144/1
f 536/146/1 461/475/1 460/474/1
f 476/476/1 493/473/1 477/472/1
f 476/476/1 494/477/1 493/473/1
f 475/478/1 494/477/1 476/476/1
f 475/478/1 495/479/1 494/477/1
f 474/480/1 495/479/1 475/478/1
f 474/480/1 496/481/1 495/479/1
f 473/482/1 496/481/1 474/480/1
f 473/482/1 497/483/1 496/481/1
f 472/484/1 497/483/1 473/482/1
f 472/484/1 504/485/1 497/483/1
f 504/485/1 503/486/1 497/483/1
f 503/486/1 502/487/1 497/483/1
f 502/487/1 501/488/1 497/483/1
f 501/488/1 500/489/1 497/483/1
f 500/489/1 499/490/1 497/483/1
f 499/490/1 498/491/1 497/483/1
f 471/492/1 505/493/1 472/484/1
f 505/493/1 504/485/1 472/484/1
f 470/494/1 506/495/1 471/492/1
f 506/495/1 505/493/1 471/492/1
f 469/496/1 507/497/1 470/494/1
f 507/497/1 506/495/1 470/494/1
f 468/498/1 507/497/1 469/496/1
f 467/499/1 508/500/1 468/498/1
f 508/500/1 507/497/1 468/498/1
f 466/501/1 509/502/1 467/499/1
f 509/502/1 508/500/1 467/499/1
f 465/503/1 510/504/1 466/501/1
f 510/504/1 509/502/1 466/501/1
f 465/503/1 511/505/1 510/504/1
f 465/503/1 512/506/1 511/505/1
f 464/507/1 512/506/1 465/503/1
f 464/507/1 513/508/1 512/506/1
f 464/507/1 514/509/1 513/508/1
f 464/507/1 515/510/1 514/509/1
f 464/507/1 516/511/1 515/510/1
f 463/512/1 516/511/1 464/507/1
f 463/512/1 517/513/1 516/511/1
f 462/514/1 517/513/1 463/512/1
f 462/514/1 518/515/1 517/513/1
f 462/514/1 519/516/1 518/515/1
f 461/475/1 519/516/1 462/514/1
f 461/475/1 520/517/1 519/516/1
f 536/146/1 528/518/1 461/475/1
f 528/518/1 527/519/1 461/475/1
f 527/519/1 526/520/1 461/475/1
f 526/520/1 525/521/1 461/475/1
f 525/521/1 524/522/1 461/475/1
f 524/522/1 523/523/1 461/475/1
f 523/523/1 522/524/1 461/475/1
f 522/524/1 521/525/1 461/475/1
f 521/525/1 520/517/1 461/475/1
f 536/146/1 529/526/1 528/518/1
f 536/146/1 530/527/1 529/526/1
f 536/146/1 531/528/1 530/527/1
f 536/146/1 532/529/1 531/528/1
f 536/146/1 533/530/1 532/529/1
f 536/146/1 534/531/1 533/530/1
f 536/146/1 535/532/1 534/531/1
f 608/533/1 610/534/1 609/535/1
f 607/536/1 610/534/1 608/533/1
f 607/536/1 611/537/1 610/534/1
f 606/538/1 611/537/1 607/536/1
f 606/538/1 612/539/1 611/537/1
f 605/540/1 612/539/1 606/538/1
f 604/541/1 612/539/1 605/540/1
f 604/541/1 613/542/1 612/539/1
f 603/543/1 613/542/1 604/541/1
f 603/543/1 614/544/1 613/542/1
f 602/545/1 614/544/1 603/543/1
f 602/545/1 615/546/1 614/544/1
f 601/547/1 615/546/1 602/545/1
f 600/548/1 615/546/1 601/547/1
f 600/548/1 616/549/1 615/546/1
f 599/550/1 616/549/1 600/548/1
f 599/550/1 617/551/1 616/549/1
f 598/552/1 617/551/1 599/550/1
f 597/553/1 617/551/1 598/552/1
f 597/553/1 618/554/1 617/551/1
f 596/555/1 618/554/1 597/553/1
f 596/555/1 619/556/1 618/554/1
f 595/557/1 619/556/1 596/555/1
f 595/557/1 620/558/1 619/556/1
f 594/559/1 620/558/1 595/557/1
f 593/560/1 620/558/1 594/559/1
f 593/560/1 621/561/1 620/558/1
f 592/562/1 621/561/1 593/560/1
f 592/562/1 622/563/1 621/561/1
f 591/564/1 622/563/1 592/562/1
f 590/565/1 622/563/1 591/564/1
f 590/565/1 623/566/1 622/563/1
f 589/567/1 623/566/1 590/565/1
f 589/567/1 743/568/1 623/566/1
f 743/568/1 742/569/1 623/566/1
f 742/569/1 624/570/1 623/566/1
f 588/571/1 744/572/1 589/567/1
f 744/572/1 743/568/1 589/567/1
f 741/573/1 624/570/1 742/569/1
f 588/571/1 745/574/1 744/572/1
f 740/575/1 624/570/1 741/573/1
f 588/571/1 746/576/1 745/574/1
f 739/577/1 624/570/1 740/575/1
f 588/571/1 747/578/1 746/576/1
f 738/579/1 624/570/1 739/577/1
f 588/571/1 748/580/1 747/578/1
f 737/581/1 624/570/1 738/579/1
f 587/582/1 748/580/1 588/571/1
f 587/582/1 749/583/1 748/580/1
f 736/584/1 624/570/1 737/581/1
f 736/584/1 625/585/1 624/570/1
f 735/586/1 625/585/1 736/584/1
f 587/582/1 750/587/1 749/583/1
f 734/588/1 625/585/1 735/586/1
f 586/589/1 750/587/1 587/582/1
f 586/589/1 751/590/1 750/587/1
f 733/591/1 625/585/1 734/588/1
f 586/589/1 752/592/1 751/590/1
f 733/591/1 626/593/1 625/585/1
f 585/594/1 752/592/1 586/589/1
f 732/595/1 626/593/1 733/591/1
f 585/594/1 753/596/1 752/592/1
f 731/597/1 626/593/1 732/595/1
f 584/598/1 753/596/1 585/594/1
f 584/598/1 754/599/1 753/596/1
f 730/600/1 626/593/1 731/597/1
f 730/600/1 627/601/1 626/593/1
f 584/598/1 755/602/1 754/599/1
f 729/603/1 627/601/1 730/600/1
f 583/66/1 755/602/1 584/598/1
f 728/604/1 627/601/1 729/603/1
f 583/66/1 756/605/1 755/602/1
f 728/604/1 628/606/1 627/601/1
f 582/607/1 756/605/1 583/66/1
f 727/608/1 628/606/1 728/604/1
f 582/607/1 757/609/1 756/605/1
f 726/610/1 628/606/1 727/608/1
f 581/611/1 757/609/1 582/607/1
f 726/610/1 629/6/1 628/606/1
f 581/611/1 758/612/1 757/609/1
f 725/613/1 629/6/1 726/610/1
f 580/614/1 758/612/1 581/611/1
f 580/614/1 759/615/1 758/612/1
f 724/616/1 629/6/1 725/613/1
f 724/616/1 630/617/1 629/6/1
f 579/618/1 759/615/1 580/614/1
f 579/618/1 760/619/1 759/615/1
f 723/620/1 630/617/1 724/616/1
f 578/621/1 760/619/1 579/618/1
f 723/620/1 631/622/1 630/617/1
f 722/623/1 631/622/1 723/620/1
f 578/621/1 761/624/1 760/619/1
f 721/104/1 631/622/1 722/623/1
f 577/625/1 761/624/1 578/621/1
f 577/625/1 762/626/1 761/624/1
f 721/104/1 632/627/1 631/622/1
f 720/628/1 632/627/1 721/104/1
f 576/629/1 762/626/1 577/625/1
f 576/629/1 763/630/1 762/626/1
f 719/631/1 632/627/1 720/628/1
f 719/631/1 633/632/1 632/627/1
f 575/633/1 763/630/1 576/629/1
f 575/633/1 764/634/1 763/630/1
f 718/635/1 633/632/1 719/631/1
f 717/636/1 633/632/1 718/635/1
f 574/637/1 764/634/1 575/633/1
f 716/638/1 633/632/1 717/636/1
f 574/637/1 765/639/1 764/634/1
f 716/638/1 634/640/1 633/632/1
f 715/641/1 634/640/1 716/638/1
f 714/642/1 634/640/1 715/641/1
f 573/643/1 765/639/1 574/637/1
f 714/642/1 635/644/1 634/640/1
f 713/645/1 635/644/1 714/642/1
f 573/643/1 766/646/1 765/639/1
f 712/647/1 635/644/1 713/645/1
f 712/647/1 636/648/1 635/644/1
f 711/649/1 636/648/1 712/647/1
f 572/650/1 766/646/1 573/643/1
f 710/651/1 636/648/1 711/649/1
f 572/650/1 767/146/1 766/646/1
f 709/652/1 636/648/1 710/651/1
f 709/652/1 637/653/1 636/648/1
f 708/654/1 637/653/1 709/652/1
f 571/655/1 767/146/1 572/650/1
f 707/656/1 637/653/1 708/654/1
f 707/656/1 638/657/1 637/653/1
f 571/655/1 707/656/1 767/146/1
f 571/655/1 638/657/1 707/656/1
f 571/655/1 639/658/1 638/657/1
f 570/659/1 639/658/1 571/655/1
f 570/659/1 640/660/1 639/658/1
f 569/661/1 640/660/1 570/659/1
f 569/661/1 641/662/1 640/660/1
f 568/663/1 641/662/1 569/661/1
f 568/663/1 642/664/1 641/662/1
f 567/665/1 642/664/1 568/663/1
f 567/665/1 643/666/1 642/664/1
f 567/665/1 644/667/1 643/666/1
f 566/668/1 644/667/1 567/665/1
f 566/668/1 645/669/1 644/667/1
f 565/670/1 646/671/1 566/668/1
f 646/671/1 645/669/1 566/668/1
f 565/670/1 647/672/1 646/671/1
f 564/673/1 647/672/1 565/670/1
f 564/673/1 648/674/1 647/672/1
f 564/673/1 649/675/1 648/674/1
f 564/673/1 650/676/1 649/675/1
f 563/677/1 650/676/1 564/673/1
f 563/677/1 651/678/1 650/676/1
f 563/677/1 652/679/1 651/678/1
f 562/680/1 652/679/1 563/677/1
f 562/680/1 653/681/1 652/679/1
f 562/680/1 654/682/1 653/681/1
f 562/680/1 655/683/1 654/682/1
f 561/684/1 655/683/1 562/680/1
f 561/684/1 656/685/1 655/683/1
f 561/684/1 657/686/1 656/685/1
f 561/684/1 658/687/1 657/686/1
f 560/688/1 658/687/1 561/684/1
f 560/688/1 659/689/1 658/687/1
f 560/688/1 660/690/1 659/689/1
f 559/691/1 660/690/1 560/688/1
f 559/691/1 661/692/1 660/690/1
f 559/691/1 662/693/1 661/692/1
f 558/694/1 662/693/1 559/691/1
f 558/694/1 663/695/1 662/693/1
f 557/696/1 663/695/1 558/694/1
f 557/696/1 664/697/1 663/695/1
f 557/696/1 665/698/1 664/697/1
f 556/699/1 665/698/1 557/696/1
f 556/699/1 666/700/1 665/698/1
f 556/699/1 667/701/1 666/700/1
f 555/702/1 667/701/1 556/699/1
f 693/703/1 695/704/1 694/705/1
f 555/702/1 668/706/1 667/701/1
f 555/702/1 669/707/1 668/706/1
f 692/708/1 695/704/1 693/703/1
f 554/709/1 669/707/1 555/702/1
f 554/709/1 670/710/1 669/707/1
f 691/711/1 695/704/1 692/708/1
f 554/709/1 671/712/1 670/710/1
f 553/713/1 671/712/1 554/709/1
f 690/714/1 695/704/1 691/711/1
f 553/713/1 672/715/1 671/712/1
f 553/713/1 673/716/1 672/715/1
f 689/717/1 695/704/1 690/714/1
f 552/718/1 673/716/1 553/713/1
f 552/718/1 674/719/1 673/716/1
f 688/720/1 695/704/1 689/717/1
f 552/718/1 675/44/1 674/719/1
f 687/721/1 695/704/1 688/720/1
f 552/718/1 676/722/1 675/44/1
f 686/723/1 695/704/1 687/721/1
f 552/718/1 677/724/1 676/722/1
f 551/725/1 677/724/1 552/718/1
f 551/725/1 678/726/1 677/724/1
f 685/727/1 695/704/1 686/723/1
f 551/725/1 679/728/1 678/726/1
f 684/729/1 695/704/1 685/727/1
f 551/725/1 680/730/1 679/728/1
f 683/731/1 695/704/1 684/729/1
f 551/725/1 681/732/1 680/730/1
f 682/733/1 695/704/1 683/731/1
f 551/725/1 682/733/1 681/732/1
f 551/725/1 695/704/1 682/733/1
f 550/734/1 695/704/1 551/725/1
f 549/735/1 695/704/1 550/734/1
f 548/736/1 695/704/1 549/735/1
f 547/737/1 695/704/1 548/736/1
f 547/737/1 696/738/1 695/704/1
f 546/739/1 696/738/1 547/737/1
f 546/739/1 697/740/1 696/738/1
f 545/741/1 697/740/1 546/739/1
f 545/741/1 698/742/1 697/740/1
f 544/743/1 698/742/1 545/741/1
f 544/743/1 699/744/1 698/742/1
f 544/743/1 700/745/1 699/744/1
f 543/746/1 700/745/1 544/743/1
f 543/746/1 701/747/1 700/745/1
f 542/748/1 701/747/1 543/746/1
f 542/748/1 702/749/1 701/747/1
f 541/750/1 702/749/1 542/748/1
f 541/750/1 703/751/1 702/749/1
f 540/752/1 703/751/1 541/750/1
f 540/752/1 704/753/1 703/751/1
f 539/754/1 704/753/1 540/752/1
f 539/754/1 705/755/1 704/753/1
f 538/756/1 705/755/1 539/754/1
f 538/756/1 706/757/1 705/755/1
f 537/144/1 706/757/1 538/756/1
f 774/146/1 769/758/1 768/144/1
f 774/146/1 770/759/1 769/758/1
f 770/759/1 772/760/1 771/679/1
f 770/759/1 773/761/1 772/760/1
f 774/146/1 773/761/1 770/759/1
f 930/762/1 932/763/1 931/764/1
f 929/765/1 932/763/1 930/762/1
f 929/765/1 933/766/1 932/763/1
f 928/767/1 933/766/1 929/765/1
f 928/767/1 934/768/1 933/766/1
f 927/769/1 934/768/1 928/767/1
f 926/770/1 934/768/1 927/769/1
f 926/770/1 935/771/1 934/768/1
f 925/772/1 935/771/1 926/770/1
f 925/772/1 936/773/1 935/771/1
f 924/774/1 936/773/1 925/772/1
f 924/774/1 937/775/1 936/773/1
f 923/776/1 937/775/1 924/774/1
f 922/777/1 937/775/1 923/776/1
f 922/777/1 938/778/1 937/775/1
f 921/779/1 938/778/1 922/777/1
f 921/779/1 939/780/1 938/778/1
f 920/781/1 939/780/1 921/779/1
f 920/781/1 940/782/1 939/780/1
f 919/783/1 940/782/1 920/781/1
f 918/784/1 940/782/1 919/783/1
f 918/784/1 941/785/1 940/782/1
f 917/786/1 941/785/1 918/784/1
f 917/786/1 942/787/1 941/785/1
f 916/788/1 942/787/1 917/786/1
f 916/788/1 943/789/1 942/787/1
f 915/790/1 943/789/1 916/788/1
f 914/791/1 943/789/1 915/790/1
f 914/791/1 944/792/1 943/789/1
f 913/793/1 944/792/1 914/791/1
f 913/793/1 945/794/1 944/792/1
f 912/795/1 945/794/1 913/793/1
f 911/796/1 945/794/1 912/795/1
f 911/796/1 946/797/1 945/794/1
f 910/798/1 946/797/1 911/796/1
f 910/798/1 947/799/1 946/797/1
f 909/800/1 947/799/1 910/798/1
f 908/801/1 947/799/1 909/800/1
f 908/801/1 948/802/1 947/799/1
f 907/803/1 948/802/1 908/801/1
f 907/803/1 949/804/1 948/802/1
f 906/805/1 949/804/1 907/803/1
f 906/805/1 950/806/1 949/804/1
f 905/807/1 950/806/1 906/805/1
f 905/807/1 951/808/1 950/806/1
f 904/809/1 951/808/1 905/807/1
f 904/809/1 952/810/1 951/808/1
f 904/809/1 953/811/1 952/810/1
f 903/812/1 953/811/1 904/809/1
f 903/812/1 954/813/1 953/811/1
f 902/814/1 954/813/1 903/812/1
f 902/814/1 955/815/1 954/813/1
f 901/816/1 955/815/1 902/814/1
f 901/816/1 956/817/1 955/815/1
f 900/818/1 956/817/1 901/816/1
f 900/818/1 957/819/1 956/817/1
f 899/820/1 1183/821/1 900/818/1
f 1183/821/1 957/819/1 900/818/1
f 899/820/1 1184/822/1 1183/821/1
f 1182/823/1 957/819/1 1183/821/1
f 899/820/1 1185/824/1 1184/822/1
f 1181/825/1 957/819/1 1182/823/1
f 899/820/1 1186/826/1 1185/824/1
f 1180/827/1 957/819/1 1181/825/1
f 1180/827/1 958/828/1 957/819/1
f 899/820/1 1187/104/1 1186/826/1
f 1179/829/1 958/828/1 1180/827/1
f 899/820/1 1188/830/1 1187/104/1
f 1178/831/1 958/828/1 1179/829/1
f 898/832/1 1188/830/1 899/820/1
f 898/832/1 1189/833/1 1188/830/1
f 1177/834/1 958/828/1 1178/831/1
f 898/832/1 1190/835/1 1189/833/1
f 1176/836/1 958/828/1 1177/834/1
f 898/832/1 1191/837/1 1190/835/1
f 898/832/1 1192/838/1 1191/837/1
f 1175/839/1 958/828/1 1176/836/1
f 897/840/1 1192/838/1 898/832/1
f 1175/839/1 959/841/1 958/828/1
f 897/840/1 1193/842/1 1192/838/1
f 1174/843/1 959/841/1 1175/839/1
f 897/840/1 1194/844/1 1193/842/1
f 1173/845/1 959/841/1 1174/843/1
f 897/840/1 1195/846/1 1194/844/1
f 896/847/1 1195/846/1 897/840/1
f 1172/848/1 959/841/1 1173/845/1
f 896/847/1 1196/849/1 1195/846/1
f 1172/848/1 960/850/1 959/841/1
f 1171/851/1 960/850/1 1172/848/1
f 896/847/1 1197/852/1 1196/849/1
f 895/853/1 1197/852/1 896/847/1
f 1170/854/1 960/850/1 1171/851/1
f 895/853/1 1198/855/1 1197/852/1
f 1169/856/1 960/850/1 1170/854/1
f 1168/857/1 960/850/1 1169/856/1
f 895/853/1 1199/858/1 1198/855/1
f 1168/857/1 961/859/1 960/850/1
f 1167/860/1 961/859/1 1168/857/1
f 894/861/1 1199/858/1 895/853/1
f 893/862/1 1199/858/1 894/861/1
f 893/862/1 1200/863/1 1199/858/1
f 1166/864/1 961/859/1 1167/860/1
f 892/865/1 1200/863/1 893/862/1
f 1165/866/1 961/859/1 1166/864/1
f 891/867/1 1200/863/1 892/865/1
f 891/867/1 1201/868/1 1200/863/1
f 890/869/1 1201/868/1 891/867/1
f 1164/870/1 961/859/1 1165/866/1
f 889/871/1 1201/868/1 890/869/1
f 1163/872/1 961/859/1 1164/870/1
f 888/873/1 1201/868/1 889/871/1
f 888/873/1 1202/874/1 1201/868/1
f 1163/872/1 962/875/1 961/859/1
f 887/876/1 1202/874/1 888/873/1
f 1162/877/1 962/875/1 1163/872/1
f 886/878/1 1202/874/1 887/876/1
f 886/878/1 1203/879/1 1202/874/1
f 885/880/1 1203/879/1 886/878/1
f 1161/881/1 962/875/1 1162/877/1
f 884/882/1 1203/879/1 885/880/1
f 1160/883/1 962/875/1 1161/881/1
f 883/884/1 1203/879/1 884/882/1
f 883/884/1 1204/885/1 1203/879/1
f 882/886/1 1204/885/1 883/884/1
f 1159/887/1 962/875/1 1160/883/1
f 1159/887/1 963/888/1 962/875/1
f 881/889/1 1204/885/1 882/886/1
f 1158/890/1 963/888/1 1159/887/1
f 881/889/1 1205/891/1 1204/885/1
f 880/892/1 1205/891/1 881/889/1
f 879/893/1 1205/891/1 880/892/1
f 1157/894/1 963/888/1 1158/890/1
f 878/66/1 1205/891/1 879/893/1
f 878/66/1 1206/895/1 1205/891/1
f 877/896/1 1206/895/1 878/66/1
f 1156/897/1 963/888/1 1157/894/1
f 876/898/1 1206/895/1 877/896/1
f 1156/897/1 964/899/1 963/888/1
f 1155/900/1 964/899/1 1156/897/1
f 876/898/1 1207/901/1 1206/895/1
f 875/902/1 1207/901/1 876/898/1
f 874/903/1 1207/901/1 875/902/1
f 1154/904/1 964/899/1 1155/900/1
f 873/905/1 1207/901/1 874/903/1
f 873/905/1 1208/906/1 1207/901/1
f 1153/907/1 964/899/1 1154/904/1
f 872/908/1 1208/906/1 873/905/1
f 871/909/1 1208/906/1 872/908/1
f 1152/910/1 964/899/1 1153/907/1
f 1152/910/1 965/911/1 964/899/1
f 870/912/1 1208/906/1 871/909/1
f 870/912/1 1209/913/1 1208/906/1
f 869/914/1 1209/913/1 870/912/1
f 1151/915/1 965/911/1 1152/910/1
f 868/916/1 1209/913/1 869/914/1
f 867/917/1 1209/913/1 868/916/1
f 1150/918/1 965/911/1 1151/915/1
f 866/919/1 1209/913/1 867/917/1
f 866/919/1 1210/920/1 1209/913/1
f 865/921/1 1210/920/1 866/919/1
f 1149/922/1 965/911/1 1150/918/1
f 1149/922/1 966/923/1 965/911/1
f 864/924/1 1210/920/1 865/921/1
f 863/925/1 1210/920/1 864/924/1
f 1148/926/1 966/923/1 1149/922/1
f 862/927/1 1210/920/1 863/925/1
f 862/927/1 1211/928/1 1210/920/1
f 861/929/1 1211/928/1 862/927/1
f 1147/930/1 966/923/1 1148/926/1
f 860/931/1 1211/928/1 861/929/1
f 859/932/1 1211/928/1 860/931/1
f 1146/933/1 966/923/1 1147/930/1
f 1146/933/1 967/934/1 966/923/1
f 858/935/1 1211/928/1 859/932/1
f 858/935/1 1212/936/1 1211/928/1
f 857/937/1 1212/936/1 858/935/1
f 1145/938/1 967/934/1 1146/933/1
f 856/939/1 1212/936/1 857/937/1
f 855/940/1 1212/936/1 856/939/1
f 1144/941/1 967/934/1 1145/938/1
f 854/942/1 1212/936/1 855/940/1
f 854/942/1 1213/943/1 1212/936/1
f 853/944/1 1213/943/1 854/942/1
f 1143/945/1 967/934/1 1144/941/1
f 1143/945/1 968/946/1 967/934/1
f 852/947/1 1213/943/1 853/944/1
f 851/948/1 1213/943/1 852/947/1
f 1142/949/1 968/946/1 1143/945/1
f 850/950/1 1213/943/1 851/948/1
f 1142/949/1 969/951/1 968/946/1
f 850/950/1 1214/952/1 1213/943/1
f 849/953/1 1214/952/1 850/950/1
f 1141/954/1 969/951/1 1142/949/1
f 848/955/1 1214/952/1 849/953/1
f 1141/954/1 970/956/1 969/951/1
f 847/957/1 1214/952/1 848/955/1
f 1140/958/1 970/956/1 1141/954/1
f 846/959/1 1214/952/1 847/957/1
f 846/959/1 1215/960/1 1214/952/1
f 1139/961/1 970/956/1 1140/958/1
f 1139/961/1 971/962/1 970/956/1
f 845/963/1 1215/960/1 846/959/1
f 844/964/1 1215/960/1 845/963/1
f 1138/965/1 971/962/1 1139/961/1
f 1138/965/1 972/966/1 971/962/1
f 844/964/1 1216/967/1 1215/960/1
f 843/968/1 1216/967/1 844/964/1
f 1137/969/1 972/966/1 1138/965/1
f 842/970/1 1216/967/1 843/968/1
f 1137/969/1 973/971/1 972/966/1
f 1136/972/1 973/971/1 1137/969/1
f 841/973/1 1216/967/1 842/970/1
f 841/973/1 1217/974/1 1216/967/1
f 840/975/1 1217/974/1 841/973/1
f 1136/972/1 974/976/1 973/971/1
f 1135/977/1 974/976/1 1136/972/1
f 839/978/1 1217/974/1 840/975/1
f 1134/979/1 974/976/1 1135/977/1
f 1134/979/1 975/980/1 974/976/1
f 838/981/1 1217/974/1 839/978/1
f 838/981/1 1218/982/1 1217/974/1
f 837/983/1 1218/982/1 838/981/1
f 1133/984/1 975/980/1 1134/979/1
f 1133/984/1 976/985/1 975/980/1
f 836/986/1 1218/982/1 837/983/1
f 1132/987/1 976/985/1 1133/984/1
f 835/988/1 1218/982/1 836/986/1
f 1132/987/1 977/989/1 976/985/1
f 835/988/1 1219/990/1 1218/982/1
f 834/991/1 1219/990/1 835/988/1
f 1131/992/1 977/989/1 1132/987/1
f 833/993/1 1219/990/1 834/991/1
f 1131/992/1 978/994/1 977/989/1
f 832/995/1 1219/990/1 833/993/1
f 1130/996/1 978/994/1 1131/992/1
f 831/997/1 1219/990/1 832/995/1
f 831/997/1 1220/998/1 1219/990/1
f 1129/999/1 978/994/1 1130/996/1
f 1129/999/1 979/1000/1 978/994/1
f 830/1001/1 1220/998/1 831/997/1
f 830/1001/1 1221/1002/1 1220/998/1
f 829/1003/1 1221/1002/1 830/1001/1
f 1128/1004/1 979/1000/1 1129/999/1
f 1128/1004/1 980/1005/1 979/1000/1
f 828/1006/1 1221/1002/1 829/1003/1
f 828/1006/1 1222/1007/1 1221/1002/1
f 1127/1008/1 980/1005/1 1128/1004/1
f 827/1009/1 1222/1007/1 828/1006/1
f 1127/1008/1 981/6/1 980/1005/1
f 827/1009/1 1223/1010/1 1222/1007/1
f 826/1011/1 1223/1010/1 827/1009/1
f 1126/1012/1 981/6/1 1127/1008/1
f 825/1013/1 1223/1010/1 826/1011/1
f 825/1013/1 1224/1014/1 1223/1010/1
f 1126/1012/1 982/1015/1 981/6/1
f 1125/1016/1 982/1015/1 1126/1012/1
f 824/1017/1 1224/1014/1 825/1013/1
f 824/1017/1 1225/1018/1 1224/1014/1
f 823/1019/1 1225/1018/1 824/1017/1
f 1124/1020/1 982/1015/1 1125/1016/1
f 1124/1020/1 983/1021/1 982/1015/1
f 822/1022/1 1225/1018/1 823/1019/1
f 822/1022/1 1226/1023/1 1225/1018/1
f 821/1024/1 1226/1023/1 822/1022/1
f 1123/1025/1 983/1021/1 1124/1020/1
f 1123/1025/1 984/1026/1 983/1021/1
f 821/1024/1 1227/1027/1 1226/1023/1
f 820/1028/1 1227/1027/1 821/1024/1
f 1122/1029/1 984/1026/1 1123/1025/1
f 819/1030/1 1227/1027/1 820/1028/1
f 819/1030/1 1228/1031/1 1227/1027/1
f 1122/1029/1 985/1032/1 984/1026/1
f 818/1033/1 1228/1031/1 819/1030/1
f 1121/1034/1 985/1032/1 1122/1029/1
f 817/1035/1 1228/1031/1 818/1033/1
f 817/1035/1 1229/1036/1 1228/1031/1
f 1120/1037/1 985/1032/1 1121/1034/1
f 816/1038/1 1229/1036/1 817/1035/1
f 1120/1037/1 986/1039/1 985/1032/1
f 816/1038/1 1230/1040/1 1229/1036/1
f 815/1041/1 1230/1040/1 816/1038/1
f 1119/1042/1 986/1039/1 1120/1037/1
f 814/1043/1 1230/1040/1 815/1041/1
f 1119/1042/1 987/1044/1 986/1039/1
f 814/1043/1 1231/1045/1 1230/1040/1
f 1118/1046/1 987/1044/1 1119/1042/1
f 813/1047/1 1231/1045/1 814/1043/1
f 812/1048/1 1231/1045/1 813/1047/1
f 812/1048/1 1232/1049/1 1231/1045/1
f 1117/1050/1 987/1044/1 1118/1046/1
f 1117/1050/1 988/1051/1 987/1044/1
f 811/1052/1 1232/1049/1 812/1048/1
f 811/1052/1 1233/1053/1 1232/1049/1
f 1116/1054/1 988/1051/1 1117/1050/1
f 810/1055/1 1233/1053/1 811/1052/1
f 809/1056/1 1233/1053/1 810/1055/1
f 1116/1054/1 989/1057/1 988/1051/1
f 809/1056/1 1234/1058/1 1233/1053/1
f 1115/1059/1 989/1057/1 1116/1054/1
f 808/1060/1 1234/1058/1 809/1056/1
f 807/1061/1 1234/1058/1 808/1060/1
f 807/1061/1 1235/1062/1 1234/1058/1
f 1114/1063/1 989/1057/1 1115/1059/1
f 1114/1063/1 990/1064/1 989/1057/1
f 806/1065/1 1235/1062/1 807/1061/1
f 806/1065/1 1236/1066/1 1235/1062/1
f 1113/1067/1 990/1064/1 1114/1063/1
f 805/1068/1 1236/1066/1 806/1065/1
f 1113/1067/1 991/1069/1 990/1064/1
f 804/1070/1 1236/1066/1 805/1068/1
f 804/1070/1 1237/1071/1 1236/1066/1
f 1112/1072/1 991/1069/1 1113/1067/1
f 803/1073/1 1237/1071/1 804/1070/1
f 803/1073/1 1238/1074/1 1237/1071/1
f 1112/1072/1 992/1075/1 991/1069/1
f 1111/1076/1 992/1075/1 1112/1072/1
f 802/1077/1 1238/1074/1 803/1073/1
f 1111/1076/1 993/1078/1 992/1075/1
f 801/1079/1 1238/1074/1 802/1077/1
f 801/1079/1 1239/1080/1 1238/1074/1
f 1111/1076/1 994/1081/1 993/1078/1
f 1110/1082/1 994/1081/1 1111/1076/1
f 800/1083/1 1239/1080/1 801/1079/1
f 1110/1082/1 995/1084/1 994/1081/1
f 800/1083/1 1240/1085/1 1239/1080/1
f 1110/1082/1 996/1086/1 995/1084/1
f 799/1087/1 1240/1085/1 800/1083/1
f 1109/1088/1 996/1086/1 1110/1082/1
f 1109/1088/1 997/1089/1 996/1086/1
f 798/1090/1 1240/1085/1 799/1087/1
f 798/1090/1 1241/1091/1 1240/1085/1
f 1109/1088/1 998/1092/1 997/1089/1
f 1108/1093/1 998/1092/1 1109/1088/1
f 1108/1093/1 999/1094/1 998/1092/1
f 798/1090/1 1242/1095/1 1241/1091/1
f 1108/1093/1 1000/1096/1 999/1094/1
f 1107/1097/1 1000/1096/1 1108/1093/1
f 1107/1097/1 1001/1098/1 1000/1096/1
f 798/1090/1 1243/1099/1 1242/1095/1
f 1107/1097/1 1002/1100/1 1001/1098/1
f 1106/1101/1 1002/1100/1 1107/1097/1
f 1106/1101/1 1003/1102/1 1002/1100/1
f 797/1103/1 1243/1099/1 798/1090/1
f 797/1103/1 1244/1104/1 1243/1099/1
f 1106/1101/1 1004/1105/1 1003/1102/1
f 1105/1106/1 1004/1105/1 1106/1101/1
f 1105/1106/1 1005/1107/1 1004/1105/1
f 1105/1106/1 1006/1108/1 1005/1107/1
f 797/1103/1 1245/1109/1 1244/1104/1
f 1104/1110/1 1006/1108/1 1105/1106/1
f 1104/1110/1 1007/1111/1 1006/1108/1
f 1104/1110/1 1008/1112/1 1007/1111/1
f 797/1103/1 1246/1113/1 1245/1109/1
f 1104/1110/1 1009/1114/1 1008/1112/1
f 1103/1115/1 1009/1114/1 1104/1110/1
f 796/1116/1 1246/1113/1 797/1103/1
f 1103/1115/1 1010/1117/1 1009/1114/1
f 796/1116/1 1247/1118/1 1246/1113/1
f 1103/1115/1 1011/1119/1 1010/1117/1
f 1102/1120/1 1011/1119/1 1103/1115/1
f 1102/1120/1 1012/1121/1 1011/1119/1
f 796/1116/1 1248/1122/1 1247/1118/1
f 1102/1120/1 1013/1123/1 1012/1121/1
f 1101/1124/1 1013/1123/1 1102/1120/1
f 1101/1124/1 1014/1125/1 1013/1123/1
f 796/1116/1 1249/1126/1 1248/1122/1
f 1101/1124/1 1015/1127/1 1014/1125/1
f 1100/1128/1 1015/1127/1 1101/1124/1
f 795/1129/1 1249/1126/1 796/1116/1
f 1100/1128/1 1016/1130/1 1015/1127/1
f 795/1129/1 1250/1131/1 1249/1126/1
f 1100/1128/1 1017/1132/1 1016/1130/1
f 1099/1133/1 1017/1132/1 1100/1128/1
f 1099/1133/1 1018/1134/1 1017/1132/1
f 795/1129/1 1251/1135/1 1250/1131/1
f 1099/1133/1 1019/1136/1 1018/1134/1
f 1098/1137/1 1019/1136/1 1099/1133/1
f 1098/1137/1 1020/1138/1 1019/1136/1
f 795/1129/1 1252/1139/1 1251/1135/1
f 1098/1137/1 1021/1140/1 1020/1138/1
f 1097/1141/1 1021/1140/1 1098/1137/1
f 1097/1141/1 1022/1142/1 1021/1140/1
f 1096/1143/1 1022/1142/1 1097/1141/1
f 795/1129/1 1253/1144/1 1252/1139/1
f 794/1145/1 1253/1144/1 795/1129/1
f 1096/1143/1 1023/1146/1 1022/1142/1
f 1095/1147/1 1023/1146/1 1096/1143/1
f 1095/1147/1 1024/1148/1 1023/1146/1
f 794/1145/1 1254/1149/1 1253/1144/1
f 1094/1150/1 1024/1148/1 1095/1147/1
f 1094/1150/1 1025/1151/1 1024/1148/1
f 1094/1150/1 1026/1152/1 1025/1151/1
f 1093/1153/1 1026/1152/1 1094/1150/1
f 794/1145/1 1255/1154/1 1254/1149/1
f 1093/1153/1 1027/1155/1 1026/1152/1
f 1092/1156/1 1027/1155/1 1093/1153/1
f 794/1145/1 1256/1157/1 1255/1154/1
f 1092/1156/1 1028/1158/1 1027/1155/1
f 1091/1159/1 1028/1158/1 1092/1156/1
f 793/1160/1 1256/1157/1 794/1145/1
f 1091/1159/1 1029/1161/1 1028/1158/1
f 793/1160/1 1257/1162/1 1256/1157/1
f 1090/1163/1 1029/1161/1 1091/1159/1
f 1090/1163/1 1030/1164/1 1029/1161/1
f 1089/1165/1 1030/1164/1 1090/1163/1
f 793/1160/1 1258/1166/1 1257/1162/1
f 1089/1165/1 1031/1167/1 1030/1164/1
f 1088/1168/1 1031/1167/1 1089/1165/1
f 793/1160/1 1259/1169/1 1258/1166/1
f 1088/1168/1 1032/1170/1 1031/1167/1
f 1087/1171/1 1032/1170/1 1088/1168/1
f 1087/1171/1 1033/1172/1 1032/1170/1
f 793/1160/1 1260/1173/1 1259/1169/1
f 1086/1174/1 1033/1172/1 1087/1171/1
f 1086/1174/1 1034/1175/1 1033/1172/1
f 792/1176/1 1260/1173/1 793/1160/1
f 792/1176/1 1261/1177/1 1260/1173/1
f 1085/1178/1 1034/1175/1 1086/1174/1
f 1085/1178/1 1035/1179/1 1034/1175/1
f 792/1176/1 1262/1180/1 1261/1177/1
f 1085/1178/1 1036/1181/1 1035/1179/1
f 1084/44/1 1036/1181/1 1085/1178/1
f 1084/44/1 1037/1182/1 1036/1181/1
f 1083/1183/1 1037/1182/1 1084/44/1
f 792/1176/1 1263/1184/1 1262/1180/1
f 1083/1183/1 1038/1185/1 1037/1182/1
f 1082/1186/1 1038/1185/1 1083/1183/1
f 792/1176/1 1264/1187/1 1263/1184/1
f 1082/1186/1 1039/1188/1 1038/1185/1
f 1081/1189/1 1039/1188/1 1082/1186/1
f 792/1176/1 1265/1190/1 1264/1187/1
f 1081/1189/1 1040/1191/1 1039/1188/1
f 791/1192/1 1265/1190/1 792/1176/1
f 1080/1193/1 1040/1191/1 1081/1189/1
f 791/1192/1 1266/1194/1 1265/1190/1
f 1079/1195/1 1040/1191/1 1080/1193/1
f 791/1192/1 1267/1196/1 1266/1194/1
f 1078/1197/1 1040/1191/1 1079/1195/1
f 791/1192/1 1268/1198/1 1267/1196/1
f 1077/1199/1 1040/1191/1 1078/1197/1
f 1077/1199/1 1041/1200/1 1040/1191/1
f 791/1192/1 1269/1201/1 1268/1198/1
f 1076/1202/1 1041/1200/1 1077/1199/1
f 791/1192/1 1270/1203/1 1269/1201/1
f 1075/1204/1 1041/1200/1 1076/1202/1
f 790/1205/1 1270/1203/1 791/1192/1
f 790/1205/1 1271/1206/1 1270/1203/1
f 1074/1207/1 1041/1200/1 1075/1204/1
f 790/1205/1 1272/1208/1 1271/1206/1
f 1074/1207/1 1042/1209/1 1041/1200/1
f 1073/1210/1 1042/1209/1 1074/1207/1
f 790/1205/1 1273/1211/1 1272/1208/1
f 790/1205/1 1274/1212/1 1273/1211/1
f 1072/1213/1 1042/1209/1 1073/1210/1
f 790/1205/1 1275/1214/1 1274/1212/1
f 790/1205/1 1276/1215/1 1275/1214/1
f 1071/1216/1 1042/1209/1 1072/1213/1
f 789/1217/1 1276/1215/1 790/1205/1
f 1071/1216/1 1043/1218/1 1042/1209/1
f 789/1217/1 1277/1219/1 1276/1215/1
f 1070/1220/1 1043/1218/1 1071/1216/1
f 789/1217/1 1278/1221/1 1277/1219/1
f 789/1217/1 1279/1222/1 1278/1221/1
f 1069/1223/1 1043/1218/1 1070/1220/1
f 789/1217/1 1280/1224/1 1279/1222/1
f 789/1217/1 1281/1225/1 1280/1224/1
f 1068/1226/1 1043/1218/1 1069/1223/1
f 789/1217/1 1282/1227/1 1281/1225/1
f 1068/1226/1 1044/1228/1 1043/1218/1
f 789/1217/1 1283/1229/1 1282/1227/1
f 1067/1230/1 1044/1228/1 1068/1226/1
f 789/1217/1 1284/1231/1 1283/1229/1
f 1066/1232/1 1044/1228/1 1067/1230/1
f 789/1217/1 1285/1233/1 1284/1231/1
f 789/1217/1 1286/1234/1 1285/1233/1
f 1065/1235/1 1044/1228/1 1066/1232/1
f 788/1236/1 1286/1234/1 789/1217/1
f 788/1236/1 1287/1237/1 1286/1234/1
f 788/1236/1 1288/1238/1 1287/1237/1
f 1064/1239/1 1044/1228/1 1065/1235/1
f 788/1236/1 1289/1240/1 1288/1238/1
f 788/1236/1 1290/146/1 1289/1240/1
f 1063/1241/1 1044/1228/1 1064/1239/1
f 788/1236/1 1063/1241/1 1290/146/1
f 788/1236/1 1044/1228/1 1063/1241/1
f 788/1236/1 1045/1242/1 1044/1228/1
f 787/1243/1 1045/1242/1 788/1236/1
f 787/1243/1 1046/1244/1 1045/1242/1
f 787/1243/1 1047/1245/1 1046/1244/1
f 786/1246/1 1047/1245/1 787/1243/1
f 786/1246/1 1048/1247/1 1047/1245/1
f 785/1248/1 1048/1247/1 786/1246/1
f 785/1248/1 1049/1249/1 1048/1247/1
f 784/1250/1 1049/1249/1 785/1248/1
f 784/1250/1 1050/1251/1 1049/1249/1
f 784/1250/1 1051/1252/1 1050/1251/1
f 783/1253/1 1051/1252/1 784/1250/1
f 783/1253/1 1052/1254/1 1051/1252/1
f 782/1255/1 1052/1254/1 783/1253/1
f 782/1255/1 1053/1256/1 1052/1254/1
f 782/1255/1 1054/1257/1 1053/1256/1
f 781/1258/1 1054/1257/1 782/1255/1
f 781/1258/1 1055/1259/1 1054/1257/1
f 780/1260/1 1055/1259/1 781/1258/1
f 780/1260/1 1056/1261/1 1055/1259/1
f 779/1262/1 1056/1261/1 780/1260/1
f 779/1262/1 1057/1263/1 1056/1261/1
f 779/1262/1 1058/1264/1 1057/1263/1
f 778/1265/1 1058/1264/1 779/1262/1
f 778/1265/1 1059/1266/1 1058/1264/1
f 777/1267/1 1059/1266/1 778/1265/1
f 777/1267/1 1060/1268/1 1059/1266/1
f 777/1267/1 1061/1269/1 1060/1268/1
f 776/1270/1 1061/1269/1 777/1267/1
f 776/1270/1 1062/1271/1 1061/1269/1
f 775/144/1 1062/1271/1 776/1270/1
f 1362/533/1 1364/534/1 1363/535/1
f 1361/536/1 1364/534/1 1362/533/1
f 1361/536/1 1365/537/1 1364/534/1
f 1360/538/1 1365/537/1 1361/536/1
f 1360/538/1 1366/539/1 1365/537/1
f 1359/540/1 1366/539/1 1360/538/1
f 1358/541/1 1366/539/1 1359/540/1
f 1358/541/1 1367/542/1 1366/539/1
f 1357/543/1 1367/542/1 1358/541/1
f 1357/543/1 1368/544/1 1367/542/1
f 1356/545/1 1368/544/1 1357/543/1
f 1356/545/1 1369/546/1 1368/544/1
f 1355/547/1 1369/546/1 1356/545/1
f 1354/548/1 1369/546/1 1355/547/1
f 1354/548/1 1370/549/1 1369/546/1
f 1353/550/1 1370/549/1 1354/548/1
f 1353/550/1 1371/551/1 1370/549/1
f 1352/552/1 1371/551/1 1353/550/1
f 1351/553/1 1371/551/1 1352/552/1
f 1351/553/1 1372/554/1 1371/551/1
f 1350/555/1 1372/554/1 1351/553/1
f 1350/555/1 1373/556/1 1372/554/1
f 1349/557/1 1373/556/1 1350/555/1
f 1349/557/1 1374/558/1 1373/556/1
f 1348/559/1 1374/558/1 1349/557/1
f 1347/560/1 1374/558/1 1348/559/1
f 1347/560/1 1375/561/1 1374/558/1
f 1346/562/1 1375/561/1 1347/560/1
f 1346/562/1 1376/563/1 1375/561/1
f 1345/564/1 1376/563/1 1346/562/1
f 1344/565/1 1376/563/1 1345/564/1
f 1344/565/1 1377/566/1 1376/563/1
f 1343/567/1 1377/566/1 1344/565/1
f 1343/567/1 1497/568/1 1377/566/1
f 1497/568/1 1496/569/1 1377/566/1
f 1496/569/1 1378/570/1 1377/566/1
f 1342/571/1 1498/572/1 1343/567/1
f 1498/572/1 1497/568/1 1343/567/1
f 1495/573/1 1378/570/1 1496/569/1
f 1342/571/1 1499/574/1 1498/572/1
f 1494/575/1 1378/570/1 1495/573/1
f 1342/571/1 1500/576/1 1499/574/1
f 1493/577/1 1378/570/1 1494/575/1
f 1342/571/1 1501/578/1 1500/576/1
f 1492/579/1 1378/570/1 1493/577/1
f 1342/571/1 1502/580/1 1501/578/1
f 1491/581/1 1378/570/1 1492/579/1
f 1341/582/1 1502/580/1 1342/571/1
f 1341/582/1 1503/583/1 1502/580/1
f 1490/584/1 1378/570/1 1491/581/1
f 1490/584/1 1379/585/1 1378/570/1
f 1489/586/1 1379/585/1 1490/584/1
f 1341/582/1 1504/587/1 1503/583/1
f 1488/588/1 1379/585/1 1489/586/1
f 1340/589/1 1504/587/1 1341/582/1
f 1340/589/1 1505/590/1 1504/587/1
f 1487/591/1 1379/585/1 1488/588/1
f 1340/589/1 1506/592/1 1505/590/1
f 1487/591/1 1380/593/1 1379/585/1
f 1339/594/1 1506/592/1 1340/589/1
f 1486/595/1 1380/593/1 1487/591/1
f 1339/594/1 1507/596/1 1506/592/1
f 1485/597/1 1380/593/1 1486/595/1
f 1338/598/1 1507/596/1 1339/594/1
f 1338/598/1 1508/599/1 1507/596/1
f 1484/600/1 1380/593/1 1485/597/1
f 1484/600/1 1381/601/1 1380/593/1
f 1338/598/1 1509/602/1 1508/599/1
f 1483/603/1 1381/601/1 1484/600/1
f 1337/66/1 1509/602/1 1338/598/1
f 1482/604/1 1381/601/1 1483/603/1
f 1337/66/1 1510/605/1 1509/602/1
f 1482/604/1 1382/606/1 1381/601/1
f 1336/607/1 1510/605/1 1337/66/1
f 1481/608/1 1382/606/1 1482/604/1
f 1336/607/1 1511/609/1 1510/605/1
f 1480/610/1 1382/606/1 1481/608/1
f 1335/611/1 1511/609/1 1336/607/1
f 1480/610/1 1383/6/1 1382/606/1
f 1335/611/1 1512/612/1 1511/609/1
f 1479/613/1 1383/6/1 1480/610/1
f 1334/614/1 1512/612/1 1335/611/1
f 1334/614/1 1513/615/1 1512/612/1
f 1478/616/1 1383/6/1 1479/613/1
f 1478/616/1 1384/617/1 1383/6/1
f 1333/618/1 1513/615/1 1334/614/1
f 1333/618/1 1514/619/1 1513/615/1
f 1477/620/1 1384/617/1 1478/616/1
f 1332/621/1 1514/619/1 1333/618/1
f 1477/620/1 1385/622/1 1384/617/1
f 1476/623/1 1385/622/1 1477/620/1
f 1332/621/1 1515/624/1 1514/619/1
f 1475/104/1 1385/622/1 1476/623/1
f 1331/625/1 1515/624/1 1332/621/1
f 1331/625/1 1516/626/1 1515/624/1
f 1475/104/1 1386/627/1 1385/622/1
f 1474/628/1 1386/627/1 1475/104/1
f 1330/629/1 1516/626/1 1331/625/1
f 1330/629/1 1517/630/1 1516/626/1
f 1473/631/1 1386/627/1 1474/628/1
f 1473/631/1 1387/632/1 1386/627/1
f 1329/633/1 1517/630/1 1330/629/1
f 1329/633/1 1518/634/1 1517/630/1
f 1472/635/1 1387/632/1 1473/631/1
f 1471/636/1 1387/632/1 1472/635/1
f 1328/637/1 1518/634/1 1329/633/1
f 1470/638/1 1387/632/1 1471/636/1
f 1328/637/1 1519/639/1 1518/634/1
f 1470/638/1 1388/640/1 1387/632/1
f 1469/641/1 1388/640/1 1470/638/1
f 1468/642/1 1388/640/1 1469/641/1
f 1327/643/1 1519/639/1 1328/637/1
f 1468/642/1 1389/644/1 1388/640/1
f 1467/645/1 1389/644/1 1468/642/1
f 1327/643/1 1520/646/1 1519/639/1
f 1466/647/1 1389/644/1 1467/645/1
f 1466/647/1 1390/648/1 1389/644/1
f 1465/649/1 1390/648/1 1466/647/1
f 1326/650/1 1520/646/1 1327/643/1
f 1464/651/1 1390/648/1 1465/649/1
f 1326/650/1 1521/146/1 1520/646/1
f 1463/652/1 1390/648/1 1464/651/1
f 1463/652/1 1391/653/1 1390/648/1
f 1462/654/1 1391/653/1 1463/652/1
f 1325/655/1 1521/146/1 1326/650/1
f 1461/656/1 1391/653/1 1462/654/1
f 1461/656/1 1392/657/1 1391/653/1
f 1325/655/1 1461/656/1 1521/146/1
f 1325/655/1 1392/657/1 1461/656/1
f 1325/655/1 1393/658/1 1392/657/1
f 1324/659/1 1393/658/1 1325/655/1
f 1324/659/1 1394/660/1 1393/658/1
f 1323/661/1 1394/660/1 1324/659/1
f 1323/661/1 1395/662/1 1394/660/1
f 1322/663/1 1395/662/1 1323/661/1
f 1322/663/1 1396/664/1 1395/662/1
f 1321/665/1 1396/664/1 1322/663/1
f 1321/665/1 1397/666/1 1396/664/1
f 1321/665/1 1398/667/1 1397/666/1
f 1320/668/1 1398/667/1 1321/665/1
f 1320/668/1 1399/669/1 1398/667/1
f 1319/670/1 1400/671/1 1320/668/1
f 1400/671/1 1399/669/1 1320/668/1
f 1319/670/1 1401/672/1 1400/671/1
f 1318/673/1 1401/672/1 1319/670/1
f 1318/673/1 1402/674/1 1401/672/1
f 1318/673/1 1403/675/1 1402/674/1
f 1318/673/1 1404/676/1 1403/675/1
f 1317/677/1 1404/676/1 1318/673/1
f 1317/677/1 1405/678/1 1404/676/1
f 1317/677/1 1406/679/1 1405/678/1
f 1316/680/1 1406/679/1 1317/677/1
f 1316/680/1 1407/681/1 1406/679/1
f 1316/680/1 1408/682/1 1407/681/1
f 1316/680/1 1409/683/1 1408/682/1
f 1315/684/1 1409/683/1 1316/680/1
f 1315/684/1 1410/685/1 1409/683/1
f 1315/684/1 1411/686/1 1410/685/1
f 1315/684/1 1412/687/1 1411/686/1
f 1314/688/1 1412/687/1 1315/684/1
f 1314/688/1 1413/689/1 1412/687/1
f 1314/688/1 1414/690/1 1413/689/1
f 1313/691/1 1414/690/1 1314/688/1
f 1313/691/1 1415/692/1 1414/690/1
f 1313/691/1 1416/693/1 1415/692/1
f 1312/694/1 1416/693/1 1313/691/1
f 1312/694/1 1417/695/1 1416/693/1
f 1311/696/1 1417/695/1 1312/694/1
f 1311/696/1 1418/697/1 1417/695/1
f 1311/696/1 1419/698/1 1418/697/1
f 1310/699/1 1419/698/1 1311/696/1
f 1310/699/1 1420/700/1 1419/698/1
f 1310/699/1 1421/701/1 1420/700/1
f 1309/702/1 1421/701/1 1310/699/1
f 1447/703/1 1449/704/1 1448/705/1
f 1309/702/1 1422/706/1 1421/701/1
f 1309/702/1 1423/707/1 1422/706/1
f 1446/708/1 1449/704/1 1447/703/1
f 1308/709/1 1423/707/1 1309/702/1
f 1308/709/1 1424/710/1 1423/707/1
f 1445/711/1 1449/704/1 1446/708/1
f 1308/709/1 1425/712/1 1424/710/1
f 1307/713/1 1425/712/1 1308/709/1
f 1444/714/1 1449/704/1 1445/711/1
f 1307/713/1 1426/715/1 1425/712/1
f 1307/713/1 1427/716/1 1426/715/1
f 1443/717/1 1449/704/1 1444/714/1
f 1306/718/1 1427/716/1 1307/713/1
f 1306/718/1 1428/719/1 1427/716/1
f 1442/720/1 1449/704/1 1443/717/1
f 1306/718/1 1429/44/1 1428/719/1
f 1441/721/1 1449/704/1 1442/720/1
f 1306/718/1 1430/722/1 1429/44/1
f 1440/723/1 1449/704/1 1441/721/1
f 1306/718/1 1431/724/1 1430/722/1
f 1305/725/1 1431/724/1 1306/718/1
f 1305/725/1 1432/726/1 1431/724/1
f 1439/727/1 1449/704/1 1440/723/1
f 1305/725/1 1433/728/1 1432/726/1
f 1438/729/1 1449/704/1 1439/727/1
f 1305/725/1 1434/730/1 1433/728/1
f 1437/731/1 1449/704/1 1438/729/1
f 1305/725/1 1435/732/1 1434/730/1
f 1436/733/1 1449/704/1 1437/731/1
f 1305/725/1 1436/733/1 1435/732/1
f 1305/725/1 1449/704/1 1436/733/1
f 1304/734/1 1449/704/1 1305/725/1
f 1303/735/1 1449/704/1 1304/734/1
f 1302/736/1 1449/704/1 1303/735/1
f 1301/737/1 1449/704/1 1302/736/1
f 1301/737/1 1450/738/1 1449/704/1
f 1300/739/1 1450/738/1 1301/737/1
f 1300/739/1 1451/740/1 1450/738/1
f 1299/741/1 1451/740/1 1300/739/1
f 1299/741/1 1452/742/1 1451/740/1
f 1298/743/1 1452/742/1 1299/741/1
f 1298/743/1 1453/744/1 1452/742/1
f 1298/743/1 1454/745/1 1453/744/1
f 1297/746/1 1454/745/1 1298/743/1
f 1297/746/1 1455/747/1 1454/745/1
f 1296/748/1 1455/747/1 1297/746/1
f 1296/748/1 1456/749/1 1455/747/1
f 1295/750/1 1456/749/1 1296/748/1
f 1295/750/1 1457/751/1 1456/749/1
f 1294/752/1 1457/751/1 1295/750/1
f 1294/752/1 1458/753/1 1457/751/1
f 1293/754/1 1458/753/1 1294/752/1
f 1293/754/1 1459/755/1 1458/753/1
f 1292/756/1 1459/755/1 1293/754/1
f 1292/756/1 1460/757/1 1459/755/1
f 1291/144/1 1460/757/1 1292/756/1
f 1535/1272/1 1537/1273/1 1536/1274/1
f 1571/1275/1 1573/1276/1 1572/1277/1
f 1535/1272/1 1538/1278/1 1537/1273/1
f 1571/1275/1 1574/1279/1 1573/1276/1
f 1534/1280/1 1538/1278/1 1535/1272/1
f 1570/1281/1 1574/1279/1 1571/1275/1
f 1534/1280/1 1539/1282/1 1538/1278/1
f 1570/1281/1 1575/1283/1 1574/1279/1
f 1534/1280/1 1540/1284/1 1539/1282/1
f 1570/1281/1 1576/1285/1 1575/1283/1
f 1533/1286/1 1540/1284/1 1534/1280/1
f 1569/1287/1 1576/1285/1 1570/1281/1
f 1533/1286/1 1541/1288/1 1540/1284/1
f 1569/1287/1 1577/1289/1 1576/1285/1
f 1533/1286/1 1542/1290/1 1541/1288/1
f 1532/1291/1 1542/1290/1 1533/1286/1
f 1568/1292/1 1577/1289/1 1569/1287/1
f 1532/1291/1 1543/1293/1 1542/1290/1
f 1568/1292/1 1578/1294/1 1577/1289/1
f 1532/1291/1 1544/1295/1 1543/1293/1
f 1568/1292/1 1579/1296/1 1578/1294/1
f 1531/1297/1 1544/1295/1 1532/1291/1
f 1567/1298/1 1579/1296/1 1568/1292/1
f 1531/1297/1 1545/1299/1 1544/1295/1
f 1567/1298/1 1580/1300/1 1579/1296/1
f 1531/1297/1 1546/1301/1 1545/1299/1
f 1530/1302/1 1546/1301/1 1531/1297/1
f 1567/1298/1 1581/1303/1 1580/1300/1
f 1566/1304/1 1581/1303/1 1567/1298/1
f 1530/1302/1 1547/1305/1 1546/1301/1
f 1796/146/1 1523/1306/1 1522/144/1
f 1796/146/1 1524/1307/1 1523/1306/1
f 1566/1304/1 1582/1308/1 1581/1303/1
f 1529/1309/1 1547/1305/1 1530/1302/1
f 1529/1309/1 1548/1310/1 1547/1305/1
f 1565/1311/1 1582/1308/1 1566/1304/1
f 1529/1309/1 1549/1312/1 1548/1310/1
f 1565/1311/1 1583/1313/1 1582/1308/1
f 1528/1314/1 1549/1312/1 1529/1309/1
f 1528/1314/1 1550/1315/1 1549/1312/1
f 1565/1311/1 1584/1316/1 1583/1313/1
f 1564/1317/1 1584/1316/1 1565/1311/1
f 1528/1314/1 1551/1318/1 1550/1315/1
f 1564/1317/1 1585/1319/1 1584/1316/1
f 1527/1320/1 1551/1318/1 1528/1314/1
f 1527/1320/1 1552/1321/1 1551/1318/1
f 1563/1322/1 1585/1319/1 1564/1317/1
f 1563/1322/1 1586/1323/1 1585/1319/1
f 1527/1320/1 1553/1324/1 1552/1321/1
f 1526/1325/1 1553/1324/1 1527/1320/1
f 1526/1325/1 1554/1326/1 1553/1324/1
f 1563/1322/1 1587/1327/1 1586/1323/1
f 1562/1328/1 1587/1327/1 1563/1322/1
f 1526/1325/1 1555/1329/1 1554/1326/1
f 1562/1328/1 1588/1330/1 1587/1327/1
f 1525/1331/1 1555/1329/1 1526/1325/1
f 1525/1331/1 1556/1332/1 1555/1329/1
f 1562/1328/1 1589/1333/1 1588/1330/1
f 1561/1334/1 1589/1333/1 1562/1328/1
f 1525/1331/1 1557/1335/1 1556/1332/1
f 1524/1307/1 1557/1335/1 1525/1331/1
f 1561/1334/1 1590/1336/1 1589/1333/1
f 1524/1307/1 1558/1337/1 1557/1335/1
f 1560/1338/1 1590/1336/1 1561/1334/1
f 1524/1307/1 1559/1339/1 1558/1337/1
f 1560/1338/1 1591/1340/1 1590/1336/1
f 1796/146/1 1777/1341/1 1524/1307/1
f 1777/1341/1 1776/1342/1 1524/1307/1
f 1776/1342/1 1775/1343/1 1524/1307/1
f 1775/1343/1 1774/1344/1 1524/1307/1
f 1774/1344/1 1773/1345/1 1524/1307/1
f 1773/1345/1 1772/1346/1 1524/1307/1
f 1772/1346/1 1771/1347/1 1524/1307/1
f 1771/1347/1 1770/1348/1 1524/1307/1
f 1770/1348/1 1769/1349/1 1524/1307/1
f 1769/1349/1 1768/1350/1 1524/1307/1
f 1768/1350/1 1767/1351/1 1524/1307/1
f 1767/1351/1 1766/1352/1 1524/1307/1
f 1766/1352/1 1765/1353/1 1524/1307/1
f 1765/1353/1 1764/1354/1 1524/1307/1
f 1764/1354/1 1763/1355/1 1524/1307/1
f 1763/1355/1 1762/1356/1 1524/1307/1
f 1762/1356/1 1761/1357/1 1524/1307/1
f 1761/1357/1 1760/1358/1 1524/1307/1
f 1760/1358/1 1759/1359/1 1524/1307/1
f 1759/1359/1 1559/1339/1 1524/1307/1
f 1759/1359/1 1560/1338/1 1559/1339/1
f 1560/1338/1 1592/1360/1 1591/1340/1
f 1759/1359/1 1758/1361/1 1560/1338/1
f 1758/1361/1 1592/1360/1 1560/1338/1
f 1758/1361/1 1683/1362/1 1592/1360/1
f 1683/1362/1 1593/1363/1 1592/1360/1
f 1757/1364/1 1683/1362/1 1758/1361/1
f 1757/1364/1 1684/1365/1 1683/1362/1
f 1682/1366/1 1593/1363/1 1683/1362/1
f 1757/1364/1 1685/1367/1 1684/1365/1
f 1681/1368/1 1593/1363/1 1682/1366/1
f 1756/1369/1 1685/1367/1 1757/1364/1
f 1756/1369/1 1686/1370/1 1685/1367/1
f 1680/1371/1 1593/1363/1 1681/1368/1
f 1755/1372/1 1686/1370/1 1756/1369/1
f 1755/1372/1 1687/1373/1 1686/1370/1
f 1679/1374/1 1593/1363/1 1680/1371/1
f 1755/1372/1 1688/1375/1 1687/1373/1
f 1754/1376/1 1688/1375/1 1755/1372/1
f 1679/1374/1 1594/1377/1 1593/1363/1
f 1754/1376/1 1689/1378/1 1688/1375/1
f 1678/1379/1 1594/1377/1 1679/1374/1
f 1753/1380/1 1689/1378/1 1754/1376/1
f 1753/1380/1 1690/1381/1 1689/1378/1
f 1677/1382/1 1594/1377/1 1678/1379/1
f 1752/1383/1 1690/1381/1 1753/1380/1
f 1752/1383/1 1691/1384/1 1690/1381/1
f 1677/1382/1 1595/1385/1 1594/1377/1
f 1676/1386/1 1595/1385/1 1677/1382/1
f 1752/1383/1 1692/1387/1 1691/1384/1
f 1751/1388/1 1692/1387/1 1752/1383/1
f 1751/1388/1 1693/1389/1 1692/1387/1
f 1676/1386/1 1596/1390/1 1595/1385/1
f 1675/1391/1 1596/1390/1 1676/1386/1
f 1750/1392/1 1693/1389/1 1751/1388/1
f 1750/1392/1 1694/1393/1 1693/1389/1
f 1674/1394/1 1596/1390/1 1675/1391/1
f 1749/1395/1 1694/1393/1 1750/1392/1
f 1749/1395/1 1695/1396/1 1694/1393/1
f 1674/1394/1 1597/1397/1 1596/1390/1
f 1673/1398/1 1597/1397/1 1674/1394/1
f 1749/1395/1 1696/1399/1 1695/1396/1
f 1673/1398/1 1598/1400/1 1597/1397/1
f 1748/1401/1 1696/1399/1 1749/1395/1
f 1748/1401/1 1697/1402/1 1696/1399/1
f 1673/1398/1 1599/1403/1 1598/1400/1
f 1748/1401/1 1698/1404/1 1697/1402/1
f 1672/1405/1 1599/1403/1 1673/1398/1
f 1747/1406/1 1698/1404/1 1748/1401/1
f 1747/1406/1 1699/1407/1 1698/1404/1
f 1672/1405/1 1600/1408/1 1599/1403/1
f 1747/1406/1 1700/1409/1 1699/1407/1
f 1671/1410/1 1600/1408/1 1672/1405/1
f 1746/1411/1 1700/1409/1 1747/1406/1
f 1671/1410/1 1601/1412/1 1600/1408/1
f 1746/1411/1 1701/1413/1 1700/1409/1
f 1746/1411/1 1702/1414/1 1701/1413/1
f 1671/1410/1 1602/1415/1 1601/1412/1
f 1796/146/1 1778/1416/1 1777/1341/1
f 1670/1417/1 1602/1415/1 1671/1410/1
f 1746/1411/1 1703/1418/1 1702/1414/1
f 1745/1419/1 1703/1418/1 1746/1411/1
f 1669/1420/1 1602/1415/1 1670/1417/1
f 1796/146/1 1779/1421/1 1778/1416/1
f 1669/1420/1 1603/1422/1 1602/1415/1
f 1744/1423/1 1703/1418/1 1745/1419/1
f 1744/1423/1 1704/1424/1 1703/1418/1
f 1668/1425/1 1603/1422/1 1669/1420/1
f 1743/1426/1 1704/1424/1 1744/1423/1
f 1796/146/1 1780/1427/1 1779/1421/1
f 1668/1425/1 1604/1428/1 1603/1422/1
f 1743/1426/1 1705/1429/1 1704/1424/1
f 1667/1430/1 1604/1428/1 1668/1425/1
f 1742/1431/1 1705/1429/1 1743/1426/1
f 1796/146/1 1781/1432/1 1780/1427/1
f 1666/1433/1 1604/1428/1 1667/1430/1
f 1666/1433/1 1605/1434/1 1604/1428/1
f 1742/1431/1 1706/1435/1 1705/1429/1
f 1741/1436/1 1706/1435/1 1742/1431/1
f 1665/1437/1 1605/1434/1 1666/1433/1
f 1796/146/1 1782/1438/1 1781/1432/1
f 1740/1439/1 1706/1435/1 1741/1436/1
f 1665/1437/1 1606/1440/1 1605/1434/1
f 1740/1439/1 1707/1441/1 1706/1435/1
f 1664/1442/1 1606/1440/1 1665/1437/1
f 1739/1443/1 1707/1441/1 1740/1439/1
f 1796/146/1 1783/1444/1 1782/1438/1
f 1739/1443/1 1708/1445/1 1707/1441/1
f 1664/1442/1 1607/1446/1 1606/1440/1
f 1663/1447/1 1607/1446/1 1664/1442/1
f 1738/1448/1 1708/1445/1 1739/1443/1
f 1796/146/1 1784/1449/1 1783/1444/1
f 1662/1450/1 1607/1446/1 1663/1447/1
f 1738/1448/1 1709/1451/1 1708/1445/1
f 1662/1450/1 1608/1452/1 1607/1446/1
f 1737/1453/1 1709/1451/1 1738/1448/1
f 1661/1454/1 1608/1452/1 1662/1450/1
f 1736/1455/1 1709/1451/1 1737/1453/1
f 1796/146/1 1785/1456/1 1784/1449/1
f 1661/1454/1 1609/1457/1 1608/1452/1
f 1736/1455/1 1710/1458/1 1709/1451/1
f 1660/1459/1 1609/1457/1 1661/1454/1
f 1735/1460/1 1710/1458/1 1736/1455/1
f 1660/1459/1 1610/1461/1 1609/1457/1
f 1796/146/1 1786/1462/1 1785/1456/1
f 1735/1460/1 1711/1463/1 1710/1458/1
f 1659/679/1 1610/1461/1 1660/1459/1
f 1734/1464/1 1711/1463/1 1735/1460/1
f 1659/679/1 1611/1465/1 1610/1461/1
f 1658/1466/1 1611/1465/1 1659/679/1
f 1657/1467/1 1611/1465/1 1658/1466/1
f 1656/1468/1 1611/1465/1 1657/1467/1
f 1655/1469/1 1611/1465/1 1656/1468/1
f 1796/146/1 1787/1470/1 1786/1462/1
f 1733/1471/1 1711/1463/1 1734/1464/1
f 1733/1471/1 1712/1472/1 1711/1463/1
f 1654/1473/1 1611/1465/1 1655/1469/1
f 1653/1474/1 1611/1465/1 1654/1473/1
f 1652/1475/1 1611/1465/1 1653/1474/1
f 1652/1475/1 1612/1476/1 1611/1465/1
f 1651/1477/1 1612/1476/1 1652/1475/1
f 1732/1478/1 1712/1472/1 1733/1471/1
f 1650/1479/1 1612/1476/1 1651/1477/1
f 1649/1480/1 1612/1476/1 1650/1479/1
f 1796/146/1 1788/1481/1 1787/1470/1
f 1732/1478/1 1713/1482/1 1712/1472/1
f 1648/1483/1 1612/1476/1 1649/1480/1
f 1648/1483/1 1613/1484/1 1612/1476/1
f 1731/1485/1 1713/1482/1 1732/1478/1
f 1647/1486/1 1613/1484/1 1648/1483/1
f 1646/1487/1 1613/1484/1 1647/1486/1
f 1645/1488/1 1613/1484/1 1646/1487/1
f 1645/1488/1 1614/1489/1 1613/1484/1
f 1796/146/1 1789/1490/1 1788/1481/1
f 1731/1485/1 1714/1491/1 1713/1482/1
f 1730/1492/1 1714/1491/1 1731/1485/1
f 1644/1493/1 1614/1489/1 1645/1488/1
f 1643/1494/1 1614/1489/1 1644/1493/1
f 1643/1494/1 1615/1495/1 1614/1489/1
f 1729/1496/1 1714/1491/1 1730/1492/1
f 1642/1497/1 1615/1495/1 1643/1494/1
f 1729/1496/1 1715/1498/1 1714/1491/1
f 1796/146/1 1790/1499/1 1789/1490/1
f 1641/1500/1 1615/1495/1 1642/1497/1
f 1641/1500/1 1616/1501/1 1615/1495/1
f 1640/1502/1 1616/1501/1 1641/1500/1
f 1728/1503/1 1715/1498/1 1729/1496/1
f 1639/1504/1 1616/1501/1 1640/1502/1
f 1638/1505/1 1616/1501/1 1639/1504/1
f 1638/1505/1 1617/1506/1 1616/1501/1
f 1728/1503/1 1716/1507/1 1715/1498/1
f 1796/146/1 1791/1508/1 1790/1499/1
f 1727/1509/1 1716/1507/1 1728/1503/1
f 1637/1510/1 1617/1506/1 1638/1505/1
f 1636/1511/1 1617/1506/1 1637/1510/1
f 1636/1511/1 1618/1512/1 1617/1506/1
f 1726/1513/1 1716/1507/1 1727/1509/1
f 1635/1514/1 1618/1512/1 1636/1511/1
f 1726/1513/1 1717/1515/1 1716/1507/1
f 1796/146/1 1792/1516/1 1791/1508/1
f 1634/1517/1 1618/1512/1 1635/1514/1
f 1634/1517/1 1619/1518/1 1618/1512/1
f 1725/1519/1 1717/1515/1 1726/1513/1
f 1633/1520/1 1619/1518/1 1634/1517/1
f 1632/1521/1 1619/1518/1 1633/1520/1
f 1632/1521/1 1620/1522/1 1619/1518/1
f 1631/1523/1 1620/1522/1 1632/1521/1
f 1725/1519/1 1718/1524/1 1717/1515/1
f 1796/146/1 1793/1525/1 1792/1516/1
f 1724/1526/1 1718/1524/1 1725/1519/1
f 1630/1527/1 1620/1522/1 1631/1523/1
f 1630/1527/1 1621/1528/1 1620/1522/1
f 1629/1529/1 1621/1528/1 1630/1527/1
f 1723/1530/1 1718/1524/1 1724/1526/1
f 1628/1531/1 1621/1528/1 1629/1529/1
f 1627/1532/1 1621/1528/1 1628/1531/1
f 1723/1530/1 1719/1533/1 1718/1524/1
f 1796/146/1 1794/1534/1 1793/1525/1
f 1626/1535/1 1621/1528/1 1627/1532/1
f 1722/1536/1 1719/1533/1 1723/1530/1
f 1625/1537/1 1621/1528/1 1626/1535/1
f 1624/1538/1 1621/1528/1 1625/1537/1
f 1623/1539/1 1621/1528/1 1624/1538/1
f 1796/146/1 1795/1540/1 1794/1534/1
f 1721/1541/1 1719/1533/1 1722/1536/1
f 1721/1541/1 1720/1542/1 1719/1533/1
f 1622/1543/1 1621/1528/1 1623/1539/1
f 1907/1544/1 1909/1545/1 1908/471/1
f 1906/1546/1 1909/1545/1 1907/1544/1
f 1906/1546/1 1910/1547/1 1909/1545/1
f 1905/1548/1 1910/1547/1 1906/1546/1
f 1905/1548/1 1911/1549/1 1910/1547/1
f 1904/1550/1 1911/1549/1 1905/1548/1
f 1904/1550/1 1912/1551/1 1911/1549/1
f 1903/1552/1 1912/1551/1 1904/1550/1
f 1903/1552/1 1913/1553/1 1912/1551/1
f 1902/1554/1 1913/1553/1 1903/1552/1
f 1902/1554/1 1914/1555/1 1913/1553/1
f 1901/1556/1 1914/1555/1 1902/1554/1
f 1901/1556/1 1915/1557/1 1914/1555/1
f 1900/1558/1 1915/1557/1 1901/1556/1
f 1900/1558/1 1916/1559/1 1915/1557/1
f 1899/1560/1 1916/1559/1 1900/1558/1
f 1899/1560/1 1917/1561/1 1916/1559/1
f 1898/1562/1 1917/1561/1 1899/1560/1
f 1898/1562/1 1918/1563/1 1917/1561/1
f 1897/1564/1 1918/1563/1 1898/1562/1
f 1897/1564/1 1919/1565/1 1918/1563/1
f 1896/1566/1 1919/1565/1 1897/1564/1
f 1896/1566/1 1920/1567/1 1919/1565/1
f 1895/1568/1 1894/1569/1 1896/1566/1
f 1894/1569/1 1893/1570/1 1896/1566/1
f 1893/1570/1 1892/1571/1 1896/1566/1
f 1892/1571/1 1891/1572/1 1896/1566/1
f 1891/1572/1 1890/1573/1 1896/1566/1
f 1890/1573/1 1889/1574/1 1896/1566/1
f 1889/1574/1 1888/1575/1 1896/1566/1
f 1888/1575/1 1887/1576/1 1896/1566/1
f 1887/1576/1 1920/1567/1 1896/1566/1
f 1887/1576/1 1886/1577/1 1920/1567/1
f 1886/1577/1 1921/1578/1 1920/1567/1
f 1886/1577/1 1885/1579/1 1921/1578/1
f 1885/1579/1 1922/1580/1 1921/1578/1
f 1885/1579/1 1884/1581/1 1922/1580/1
f 1884/1581/1 1923/1582/1 1922/1580/1
f 1884/1581/1 1924/1583/1 1923/1582/1
f 1884/1581/1 1883/1584/1 1924/1583/1
f 1883/1584/1 1882/1585/1 1924/1583/1
f 1882/1585/1 1925/1586/1 1924/1583/1
f 1881/1587/1 1925/1586/1 1882/1585/1
f 1880/1588/1 1925/1586/1 1881/1587/1
f 1879/1589/1 1925/1586/1 1880/1588/1
f 1878/1590/1 1925/1586/1 1879/1589/1
f 1878/1590/1 1926/1591/1 1925/1586/1
f 1877/1592/1 1926/1591/1 1878/1590/1
f 1876/1593/1 1926/1591/1 1877/1592/1
f 1875/1594/1 1926/1591/1 1876/1593/1
f 1874/1595/1 1926/1591/1 1875/1594/1
f 1874/1595/1 1927/1596/1 1926/1591/1
f 1873/1597/1 1927/1596/1 1874/1595/1
f 1872/1598/1 1927/1596/1 1873/1597/1
f 1871/464/1 1927/1596/1 1872/1598/1
f 1871/464/1 1928/1599/1 1927/1596/1
f 1870/1600/1 1928/1599/1 1871/464/1
f 1869/1601/1 1928/1599/1 1870/1600/1
f 1869/1601/1 1929/1602/1 1928/1599/1
f 1868/1603/1 1929/1602/1 1869/1601/1
f 1867/1604/1 1929/1602/1 1868/1603/1
f 1867/1604/1 1930/1605/1 1929/1602/1
f 1866/1606/1 1930/1605/1 1867/1604/1
f 1865/1607/1 1930/1605/1 1866/1606/1
f 1865/1607/1 1931/1608/1 1930/1605/1
f 1864/1609/1 1931/1608/1 1865/1607/1
f 1863/1610/1 1931/1608/1 1864/1609/1
f 1863/1610/1 1932/1611/1 1931/1608/1
f 1862/1612/1 1932/1611/1 1863/1610/1
f 1861/1613/1 1932/1611/1 1862/1612/1
f 1861/1613/1 1933/1614/1 1932/1611/1
f 1860/1615/1 1933/1614/1 1861/1613/1
f 1860/1615/1 1934/1616/1 1933/1614/1
f 1860/1615/1 1935/1617/1 1934/1616/1
f 1859/1618/1 1935/1617/1 1860/1615/1
f 1859/1618/1 1936/1619/1 1935/1617/1
f 1858/1620/1 1936/1619/1 1859/1618/1
f 1858/1620/1 1937/1621/1 1936/1619/1
f 1858/1620/1 1938/1622/1 1937/1621/1
f 1858/1620/1 1939/1623/1 1938/1622/1
f 1858/1620/1 1940/1624/1 1939/1623/1
f 1858/1620/1 1941/1625/1 1940/1624/1
f 1856/1626/1 1858/1620/1 1857/1627/1
f 1856/1626/1 1941/1625/1 1858/1620/1
f 1855/1628/1 1941/1625/1 1856/1626/1
f 1854/1629/1 1941/1625/1 1855/1628/1
f 1853/1630/1 1941/1625/1 1854/1629/1
f 1852/1631/1 1941/1625/1 1853/1630/1
f 1852/1631/1 1942/1632/1 1941/1625/1
f 1851/1633/1 1942/1632/1 1852/1631/1
f 1850/1634/1 1942/1632/1 1851/1633/1
f 1849/1635/1 1942/1632/1 1850/1634/1
f 1848/1636/1 1942/1632/1 1849/1635/1
f 1848/1636/1 1943/1637/1 1942/1632/1
f 1847/1638/1 1943/1637/1 1848/1636/1
f 1846/1639/1 1943/1637/1 1847/1638/1
f 1845/1640/1 1943/1637/1 1846/1639/1
f 1845/1640/1 1944/1641/1 1943/1637/1
f 1844/1642/1 1944/1641/1 1845/1640/1
f 1843/1643/1 1944/1641/1 1844/1642/1
f 1843/1643/1 1984/1644/1 1944/1641/1
f 1984/1644/1 1945/486/1 1944/1641/1
f 1842/1645/1 1984/1644/1 1843/1643/1
f 1841/1646/1 1984/1644/1 1842/1645/1
f 1840/1647/1 1984/1644/1 1841/1646/1
f 1839/1648/1 1984/1644/1 1840/1647/1
f 1838/1649/1 1984/1644/1 1839/1648/1
f 1837/1650/1 1984/1644/1 1838/1649/1
f 1836/1651/1 1990/1652/1 1837/1650/1
f 1990/1652/1 1989/1653/1 1837/1650/1
f 1989/1653/1 1988/1654/1 1837/1650/1
f 1988/1654/1 1987/1655/1 1837/1650/1
f 1987/1655/1 1986/1656/1 1837/1650/1
f 1986/1656/1 1985/1657/1 1837/1650/1
f 1985/1657/1 1984/1644/1 1837/1650/1
f 1983/1658/1 1945/486/1 1984/1644/1
f 1836/1651/1 1991/1659/1 1990/1652/1
f 1836/1651/1 1992/1660/1 1991/1659/1
f 1836/1651/1 1993/1661/1 1992/1660/1
f 1836/1651/1 1994/1662/1 1993/1661/1
f 1836/1651/1 1995/1663/1 1994/1662/1
f 1836/1651/1 1996/1664/1 1995/1663/1
f 1836/1651/1 1997/1665/1 1996/1664/1
f 1836/1651/1 1998/1666/1 1997/1665/1
f 1836/1651/1 1999/1667/1 1998/1666/1
f 1836/1651/1 2000/1668/1 1999/1667/1
f 1836/1651/1 2001/1669/1 2000/1668/1
f 1836/1651/1 2002/1670/1 2001/1669/1
f 1835/1671/1 2002/1670/1 1836/1651/1
f 1835/1671/1 2003/1672/1 2002/1670/1
f 1835/1671/1 2004/1673/1 2003/1672/1
f 1835/1671/1 2005/1674/1 2004/1673/1
f 1835/1671/1 2006/1675/1 2005/1674/1
f 1835/1671/1 2007/1676/1 2006/1675/1
f 1835/1671/1 2008/1677/1 2007/1676/1
f 1834/494/1 2008/1677/1 1835/1671/1
f 1834/494/1 2009/1678/1 2008/1677/1
f 1834/494/1 2010/1679/1 2009/1678/1
f 1834/494/1 2011/1680/1 2010/1679/1
f 1833/1681/1 2011/1680/1 1834/494/1
f 1982/509/1 1945/486/1 1983/1658/1
f 1833/1681/1 2012/1682/1 2011/1680/1
f 1833/1681/1 2013/1683/1 2012/1682/1
f 1833/1681/1 2014/1684/1 2013/1683/1
f 1832/1685/1 2014/1684/1 1833/1681/1
f 1832/1685/1 2015/1686/1 2014/1684/1
f 1832/1685/1 2016/1687/1 2015/1686/1
f 1981/1688/1 1945/486/1 1982/509/1
f 1831/1689/1 2016/1687/1 1832/1685/1
f 1831/1689/1 2017/1690/1 2016/1687/1
f 1831/1689/1 2018/1691/1 2017/1690/1
f 1830/1692/1 2018/1691/1 1831/1689/1
f 1830/1692/1 2019/521/1 2018/1691/1
f 1980/1693/1 1945/486/1 1981/1688/1
f 1830/1692/1 2020/1694/1 2019/521/1
f 1829/1695/1 2020/1694/1 1830/1692/1
f 1829/1695/1 2021/1696/1 2020/1694/1
f 1829/1695/1 2022/1697/1 2021/1696/1
f 1828/1698/1 2022/1697/1 1829/1695/1
f 1979/1699/1 1945/486/1 1980/1693/1
f 1828/1698/1 2023/1700/1 2022/1697/1
f 1828/1698/1 2024/1701/1 2023/1700/1
f 1827/1702/1 2024/1701/1 1828/1698/1
f 1827/1702/1 2025/1703/1 2024/1701/1
f 1978/1704/1 1945/486/1 1979/1699/1
f 1826/1705/1 2025/1703/1 1827/1702/1
f 1826/1705/1 2026/1706/1 2025/1703/1
f 1826/1705/1 2027/1707/1 2026/1706/1
f 1977/1708/1 1945/486/1 1978/1704/1
f 1825/1709/1 2027/1707/1 1826/1705/1
f 1825/1709/1 2028/1710/1 2027/1707/1
f 1825/1709/1 2029/1711/1 2028/1710/1
f 1824/1712/1 2029/1711/1 1825/1709/1
f 1976/1713/1 1945/486/1 1977/1708/1
f 1824/1712/1 2030/1714/1 2029/1711/1
f 1823/1715/1 2030/1714/1 1824/1712/1
f 1823/1715/1 2031/1716/1 2030/1714/1
f 1975/1717/1 1945/486/1 1976/1713/1
f 1823/1715/1 2032/1718/1 2031/1716/1
f 1822/1719/1 2032/1718/1 1823/1715/1
f 1822/1719/1 2033/1720/1 2032/1718/1
f 1974/1721/1 1945/486/1 1975/1717/1
f 1822/1719/1 2034/1722/1 2033/1720/1
f 1821/1723/1 2034/1722/1 1822/1719/1
f 1821/1723/1 2035/1724/1 2034/1722/1
f 1973/1725/1 1945/486/1 1974/1721/1
f 1820/1726/1 2035/1724/1 1821/1723/1
f 1820/1726/1 2036/1727/1 2035/1724/1
f 1972/1728/1 1945/486/1 1973/1725/1
f 1820/1726/1 2037/1729/1 2036/1727/1
f 1819/1730/1 2037/1729/1 1820/1726/1
f 1819/1730/1 2038/1731/1 2037/1729/1
f 1971/1732/1 1947/1733/1 1972/1728/1
f 1947/1733/1 1945/486/1 1972/1728/1
f 1819/1730/1 2039/1734/1 2038/1731/1
f 1818/1735/1 2039/1734/1 1819/1730/1
f 1970/1736/1 1947/1733/1 1971/1732/1
f 1818/1735/1 2040/1737/1 2039/1734/1
f 1818/1735/1 2041/1738/1 2040/1737/1
f 1969/1739/1 1947/1733/1 1970/1736/1
f 1817/1740/1 2041/1738/1 1818/1735/1
f 1817/1740/1 2042/1741/1 2041/1738/1
f 1968/1742/1 1947/1733/1 1969/1739/1
f 1817/1740/1 2043/1743/1 2042/1741/1
f 1816/1744/1 2043/1743/1 1817/1740/1
f 1816/1744/1 2044/1745/1 2043/1743/1
f 1967/1746/1 1947/1733/1 1968/1742/1
f 1816/1744/1 2045/1747/1 2044/1745/1
f 1815/1748/1 2045/1747/1 1816/1744/1
f 1815/1748/1 2046/1749/1 2045/1747/1
f 1966/1750/1 1947/1733/1 1967/1746/1
f 1966/1750/1 1948/1751/1 1947/1733/1
f 1946/1752/1 1945/486/1 1947/1733/1
f 1815/1748/1 2047/1753/1 2046/1749/1
f 1965/1754/1 1948/1751/1 1966/1750/1
f 1815/1748/1 2048/1755/1 2047/1753/1
f 1814/1756/1 2048/1755/1 1815/1748/1
f 1814/1756/1 2049/1757/1 2048/1755/1
f 1964/1758/1 1948/1751/1 1965/1754/1
f 1814/1756/1 2050/1759/1 2049/1757/1
f 1963/1760/1 1948/1751/1 1964/1758/1
f 1814/1756/1 2051/1761/1 2050/1759/1
f 1814/1756/1 2052/1762/1 2051/1761/1
f 1962/1763/1 1948/1751/1 1963/1760/1
f 1813/1764/1 2052/1762/1 1814/1756/1
f 1962/1763/1 1949/1765/1 1948/1751/1
f 1813/1764/1 2053/1766/1 2052/1762/1
f 1961/1767/1 1949/1765/1 1962/1763/1
f 1813/1764/1 2054/1768/1 2053/1766/1
f 1813/1764/1 2055/1769/1 2054/1768/1
f 1960/1770/1 1949/1765/1 1961/1767/1
f 1813/1764/1 2056/146/1 2055/1769/1
f 1959/1771/1 1949/1765/1 1960/1770/1
f 1813/1764/1 1959/1771/1 2056/146/1
f 1813/1764/1 1949/1765/1 1959/1771/1
f 1812/1772/1 1949/1765/1 1813/1764/1
f 1812/1772/1 1950/1773/1 1949/1765/1
f 1811/1774/1 1950/1773/1 1812/1772/1
f 1810/1775/1 1950/1773/1 1811/1774/1
f 1810/1775/1 1951/1776/1 1950/1773/1
f 1809/1777/1 1951/1776/1 1810/1775/1
f 1809/1777/1 1952/1778/1 1951/1776/1
f 1808/1779/1 1952/1778/1 1809/1777/1
f 1807/1780/1 1952/1778/1 1808/1779/1
f 1807/1780/1 1953/1781/1 1952/1778/1
f 1806/1782/1 1953/1781/1 1807/1780/1
f 1806/1782/1 1954/1783/1 1953/1781/1
f 1805/1784/1 1954/1783/1 1806/1782/1
f 1804/1785/1 1954/1783/1 1805/1784/1
f 1804/1785/1 1955/1786/1 1954/1783/1
f 1803/1787/1 1955/1786/1 1804/1785/1
f 1803/1787/1 1956/1788/1 1955/1786/1
f 1802/1789/1 1956/1788/1 1803/1787/1
f 1801/1790/1 1956/1788/1 1802/1789/1
f 1801/1790/1 1957/1791/1 1956/1788/1
f 1800/1792/1 1957/1791/1 1801/1790/1
f 1800/1792/1 1958/1793/1 1957/1791/1
f 1799/1794/1 1958/1793/1 1800/1792/1
f 1798/1795/1 1958/1793/1 1799/1794/1
f 1798/1795/1 1797/144/1 1958/1793/1
f 2200/1796/1 2202/1797/1 2201/1798/1
f 2200/1796/1 2203/1799/1 2202/1797/1
f 2199/1800/1 2203/1799/1 2200/1796/1
f 2199/1800/1 2204/1801/1 2203/1799/1
f 2199/1800/1 2205/1802/1 2204/1801/1
f 2198/1803/1 2205/1802/1 2199/1800/1
f 2198/1803/1 2206/1804/1 2205/1802/1
f 2198/1803/1 2207/1805/1 2206/1804/1
f 2197/1806/1 2207/1805/1 2198/1803/1
f 2197/1806/1 2208/1807/1 2207/1805/1
f 2196/1808/1 2208/1807/1 2197/1806/1
f 2196/1808/1 2209/1809/1 2208/1807/1
f 2196/1808/1 2210/1810/1 2209/1809/1
f 2195/1811/1 2210/1810/1 2196/1808/1
f 2195/1811/1 2211/1812/1 2210/1810/1
f 2195/1811/1 2212/1813/1 2211/1812/1
f 2194/1814/1 2212/1813/1 2195/1811/1
f 2194/1814/1 2213/1815/1 2212/1813/1
f 2194/1814/1 2214/1816/1 2213/1815/1
f 2193/1817/1 2214/1816/1 2194/1814/1
f 2193/1817/1 2215/1818/1 2214/1816/1
f 2192/1819/1 2215/1818/1 2193/1817/1
f 2192/1819/1 2216/1820/1 2215/1818/1
f 2192/1819/1 2217/1821/1 2216/1820/1
f 2191/1822/1 2217/1821/1 2192/1819/1
f 2191/1822/1 2218/1823/1 2217/1821/1
f 2191/1822/1 2219/1824/1 2218/1823/1
f 2190/1825/1 2219/1824/1 2191/1822/1
f 2190/1825/1 2220/1826/1 2219/1824/1
f 2190/1825/1 2221/1827/1 2220/1826/1
f 2189/1828/1 2221/1827/1 2190/1825/1
f 2189/1828/1 2222/1829/1 2221/1827/1
f 2188/1830/1 2222/1829/1 2189/1828/1
f 2188/1830/1 2223/1831/1 2222/1829/1
f 2188/1830/1 2224/1832/1 2223/1831/1
f 2187/1833/1 2224/1832/1 2188/1830/1
f 2187/1833/1 2225/1834/1 2224/1832/1
f 2187/1833/1 2256/1835/1 2225/1834/1
f 2256/1835/1 2255/1836/1 2225/1834/1
f 2255/1836/1 2254/1837/1 2225/1834/1
f 2254/1837/1 2253/1838/1 2225/1834/1
f 2253/1838/1 2252/1839/1 2225/1834/1
f 2252/1839/1 2251/1840/1 2225/1834/1
f 2251/1840/1 2250/1841/1 2225/1834/1
f 2250/1841/1 2249/1842/1 2225/1834/1
f 2249/1842/1 2248/1843/1 2225/1834/1
f 2248/1843/1 2247/1844/1 2225/1834/1
f 2247/1844/1 2246/1845/1 2225/1834/1
f 2246/1845/1 2245/1846/1 2225/1834/1
f 2245/1846/1 2244/1847/1 2225/1834/1
f 2244/1847/1 2243/1848/1 2225/1834/1
f 2243/1848/1 2242/1849/1 2225/1834/1
f 2242/1849/1 2241/1850/1 2225/1834/1
f 2241/1850/1 2240/1851/1 2225/1834/1
f 2240/1851/1 2239/1852/1 2225/1834/1
f 2239/1852/1 2238/1853/1 2225/1834/1
f 2238/1853/1 2237/1854/1 2225/1834/1
f 2237/1854/1 2236/1855/1 2225/1834/1
f 2236/1855/1 2235/1856/1 2225/1834/1
f 2235/1856/1 2234/1857/1 2225/1834/1
f 2234/1857/1 2233/1858/1 2225/1834/1
f 2233/1858/1 2232/1859/1 2225/1834/1
f 2232/1859/1 2231/1860/1 2225/1834/1
f 2231/1860/1 2230/1861/1 2225/1834/1
f 2230/1861/1 2229/1862/1 2225/1834/1
f 2229/1862/1 2228/1863/1 2225/1834/1
f 2228/1863/1 2227/6/1 2225/1834/1
f 2227/6/1 2226/1864/1 2225/1834/1
f 2186/1865/1 2257/1866/1 2187/1833/1
f 2257/1866/1 2256/1835/1 2187/1833/1
f 2185/1867/1 2258/1868/1 2186/1865/1
f 2258/1868/1 2257/1866/1 2186/1865/1
f 2184/1869/1 2259/1870/1 2185/1867/1
f 2259/1870/1 2258/1868/1 2185/1867/1
f 2183/1871/1 2260/1872/1 2184/1869/1
f 2260/1872/1 2259/1870/1 2184/1869/1
f 2182/1873/1 2262/1874/1 2183/1871/1
f 2262/1874/1 2261/1875/1 2183/1871/1
f 2261/1875/1 2260/1872/1 2183/1871/1
f 2181/1876/1 2263/1877/1 2182/1873/1
f 2263/1877/1 2262/1874/1 2182/1873/1
f 2181/1876/1 2264/1878/1 2263/1877/1
f 2181/1876/1 2265/1879/1 2264/1878/1
f 2181/1876/1 2266/1880/1 2265/1879/1
f 2181/1876/1 2267/1881/1 2266/1880/1
f 2181/1876/1 2268/1882/1 2267/1881/1
f 2181/1876/1 2269/1883/1 2268/1882/1
f 2180/1884/1 2269/1883/1 2181/1876/1
f 2180/1884/1 2270/1885/1 2269/1883/1
f 2180/1884/1 2271/1886/1 2270/1885/1
f 2180/1884/1 2272/1887/1 2271/1886/1
f 2180/1884/1 2273/1888/1 2272/1887/1
f 2179/1889/1 2273/1888/1 2180/1884/1
f 2179/1889/1 2274/1890/1 2273/1888/1
f 2179/1889/1 2275/1891/1 2274/1890/1
f 2179/1889/1 2276/1892/1 2275/1891/1
f 2178/1893/1 2276/1892/1 2179/1889/1
f 2178/1893/1 2277/1894/1 2276/1892/1
f 2178/1893/1 2278/1895/1 2277/1894/1
f 2177/1896/1 2278/1895/1 2178/1893/1
f 2177/1896/1 2279/1897/1 2278/1895/1
f 2177/1896/1 2280/1898/1 2279/1897/1
f 2176/1899/1 2280/1898/1 2177/1896/1
f 2176/1899/1 2281/1900/1 2280/1898/1
f 2175/1901/1 2281/1900/1 2176/1899/1
f 2174/1902/1 2281/1900/1 2175/1901/1
f 2174/1902/1 2282/1903/1 2281/1900/1
f 2173/1904/1 2282/1903/1 2174/1902/1
f 2172/1905/1 2282/1903/1 2173/1904/1
f 2172/1905/1 2283/1906/1 2282/1903/1
f 2171/1907/1 2283/1906/1 2172/1905/1
f 2170/1908/1 2283/1906/1 2171/1907/1
f 2170/1908/1 2284/1909/1 2283/1906/1
f 2169/1910/1 2284/1909/1 2170/1908/1
f 2168/1911/1 2284/1909/1 2169/1910/1
f 2168/1911/1 2285/1912/1 2284/1909/1
f 2167/1913/1 2285/1912/1 2168/1911/1
f 2166/1914/1 2285/1912/1 2167/1913/1
f 2166/1914/1 2286/1915/1 2285/1912/1
f 2165/1916/1 2286/1915/1 2166/1914/1
f 2164/1917/1 2286/1915/1 2165/1916/1
f 2164/1917/1 2287/1918/1 2286/1915/1
f 2163/1919/1 2287/1918/1 2164/1917/1
f 2163/1919/1 2288/1920/1 2287/1918/1
f 2162/1921/1 2288/1920/1 2163/1919/1
f 2161/1922/1 2288/1920/1 2162/1921/1
f 2161/1922/1 2289/1923/1 2288/1920/1
f 2160/1924/1 2289/1923/1 2161/1922/1
f 2160/1924/1 2290/1925/1 2289/1923/1
f 2159/1926/1 2290/1925/1 2160/1924/1
f 2159/1926/1 2291/1927/1 2290/1925/1
f 2158/1928/1 2291/1927/1 2159/1926/1
f 2157/1929/1 2291/1927/1 2158/1928/1
f 2157/1929/1 2292/1930/1 2291/1927/1
f 2156/1931/1 2292/1930/1 2157/1929/1
f 2156/1931/1 2293/1932/1 2292/1930/1
f 2155/1933/1 2293/1932/1 2156/1931/1
f 2154/1934/1 2293/1932/1 2155/1933/1
f 2154/1934/1 2294/1935/1 2293/1932/1
f 2153/1936/1 2294/1935/1 2154/1934/1
f 2153/1936/1 2295/1937/1 2294/1935/1
f 2152/1938/1 2295/1937/1 2153/1936/1
f 2152/1938/1 2296/1939/1 2295/1937/1
f 2151/1940/1 2296/1939/1 2152/1938/1
f 2151/1940/1 2297/1941/1 2296/1939/1
f 2151/1940/1 2298/1942/1 2297/1941/1
f 2150/1943/1 2298/1942/1 2151/1940/1
f 2150/1943/1 2299/1944/1 2298/1942/1
f 2149/1945/1 2299/1944/1 2150/1943/1
f 2149/1945/1 2300/1946/1 2299/1944/1
f 2149/1945/1 2301/1947/1 2300/1946/1
f 2149/1945/1 2302/1948/1 2301/1947/1
f 2148/1949/1 2302/1948/1 2149/1945/1
f 2148/1949/1 2303/1950/1 2302/1948/1
f 2148/1949/1 2304/1951/1 2303/1950/1
f 2147/1952/1 2304/1951/1 2148/1949/1
f 2147/1952/1 2305/1953/1 2304/1951/1
f 2147/1952/1 2306/1954/1 2305/1953/1
f 2147/1952/1 2307/1955/1 2306/1954/1
f 2146/1956/1 2307/1955/1 2147/1952/1
f 2146/1956/1 2308/1957/1 2307/1955/1
f 2146/1956/1 2309/1958/1 2308/1957/1
f 2145/1959/1 2309/1958/1 2146/1956/1
f 2145/1959/1 2310/1960/1 2309/1958/1
f 2145/1959/1 2311/1961/1 2310/1960/1
f 2145/1959/1 2312/44/1 2311/1961/1
f 2144/1962/1 2312/44/1 2145/1959/1
f 2144/1962/1 2313/1963/1 2312/44/1
f 2144/1962/1 2314/1964/1 2313/1963/1
f 2143/1965/1 2314/1964/1 2144/1962/1
f 2143/1965/1 2315/1966/1 2314/1964/1
f 2143/1965/1 2316/1967/1 2315/1966/1
f 2143/1965/1 2317/1968/1 2316/1967/1
f 2142/66/1 2317/1968/1 2143/1965/1
f 2142/66/1 2318/1969/1 2317/1968/1
f 2142/66/1 2319/1970/1 2318/1969/1
f 2141/1971/1 2319/1970/1 2142/66/1
f 2141/1971/1 2320/1972/1 2319/1970/1
f 2141/1971/1 2321/1973/1 2320/1972/1
f 2141/1971/1 2322/1974/1 2321/1973/1
f 2140/1975/1 2322/1974/1 2141/1971/1
f 2140/1975/1 2323/1976/1 2322/1974/1
f 2139/1977/1 2323/1976/1 2140/1975/1
f 2139/1977/1 2324/1978/1 2323/1976/1
f 2138/1979/1 2324/1978/1 2139/1977/1
f 2138/1979/1 2325/1980/1 2324/1978/1
f 2137/1981/1 2325/1980/1 2138/1979/1
f 2137/1981/1 2326/1982/1 2325/1980/1
f 2136/1983/1 2326/1982/1 2137/1981/1
f 2136/1983/1 2327/1984/1 2326/1982/1
f 2135/1985/1 2327/1984/1 2136/1983/1
f 2135/1985/1 2328/1986/1 2327/1984/1
f 2134/1987/1 2328/1986/1 2135/1985/1
f 2134/1987/1 2329/1988/1 2328/1986/1
f 2133/1989/1 2329/1988/1 2134/1987/1
f 2133/1989/1 2330/1990/1 2329/1988/1
f 2132/1991/1 2330/1990/1 2133/1989/1
f 2132/1991/1 2331/1992/1 2330/1990/1
f 2131/1993/1 2331/1992/1 2132/1991/1
f 2131/1993/1 2332/1994/1 2331/1992/1
f 2130/1995/1 2332/1994/1 2131/1993/1
f 2130/1995/1 2333/1996/1 2332/1994/1
f 2129/1997/1 2333/1996/1 2130/1995/1
f 2129/1997/1 2334/1998/1 2333/1996/1
f 2128/1999/1 2334/1998/1 2129/1997/1
f 2128/1999/1 2335/2000/1 2334/1998/1
f 2127/2001/1 2335/2000/1 2128/1999/1
f 2127/2001/1 2336/2002/1 2335/2000/1
f 2444/2003/1 2446/2004/1 2445/2005/1
f 2444/2003/1 2443/2006/1 2446/2004/1
f 2443/2006/1 2447/2007/1 2446/2004/1
f 2126/2008/1 2336/2002/1 2127/2001/1
f 2126/2008/1 2337/2009/1 2336/2002/1
f 2125/2010/1 2337/2009/1 2126/2008/1
f 2125/2010/1 2338/2011/1 2337/2009/1
f 2124/2012/1 2338/2011/1 2125/2010/1
f 2124/2012/1 2339/2013/1 2338/2011/1
f 2123/2014/1 2339/2013/1 2124/2012/1
f 2123/2014/1 2340/2015/1 2339/2013/1
f 2122/2016/1 2340/2015/1 2123/2014/1
f 2122/2016/1 2341/2017/1 2340/2015/1
f 2121/2018/1 2341/2017/1 2122/2016/1
f 2121/2018/1 2342/2019/1 2341/2017/1
f 2120/2020/1 2342/2019/1 2121/2018/1
f 2120/2020/1 2343/2021/1 2342/2019/1
f 2119/2022/1 2343/2021/1 2120/2020/1
f 2119/2022/1 2344/2023/1 2343/2021/1
f 2118/2024/1 2344/2023/1 2119/2022/1
f 2118/2024/1 2345/2025/1 2344/2023/1
f 2117/2026/1 2345/2025/1 2118/2024/1
f 2117/2026/1 2346/2027/1 2345/2025/1
f 2116/2028/1 2346/2027/1 2117/2026/1
f 2116/2028/1 2347/2029/1 2346/2027/1
f 2115/2030/1 2347/2029/1 2116/2028/1
f 2115/2030/1 2348/2031/1 2347/2029/1
f 2114/2032/1 2348/2031/1 2115/2030/1
f 2114/2032/1 2349/2033/1 2348/2031/1
f 2113/2034/1 2349/2033/1 2114/2032/1
f 2113/2034/1 2350/2035/1 2349/2033/1
f 2112/2036/1 2350/2035/1 2113/2034/1
f 2112/2036/1 2351/2037/1 2350/2035/1
f 2111/2038/1 2351/2037/1 2112/2036/1
f 2111/2038/1 2352/2039/1 2351/2037/1
f 2110/2040/1 2352/2039/1 2111/2038/1
f 2110/2040/1 2353/2041/1 2352/2039/1
f 2109/2042/1 2353/2041/1 2110/2040/1
f 2109/2042/1 2354/2043/1 2353/2041/1
f 2108/2044/1 2354/2043/1 2109/2042/1
f 2108/2044/1 2355/2045/1 2354/2043/1
f 2107/2046/1 2355/2045/1 2108/2044/1
f 2107/2046/1 2356/2047/1 2355/2045/1
f 2442/2048/1 2447/2007/1 2443/2006/1
f 2106/2049/1 2356/2047/1 2107/2046/1
f 2106/2049/1 2357/2050/1 2356/2047/1
f 2105/2051/1 2357/2050/1 2106/2049/1
f 2105/2051/1 2358/2052/1 2357/2050/1
f 2104/2053/1 2358/2052/1 2105/2051/1
f 2104/2053/1 2359/2054/1 2358/2052/1
f 2103/2055/1 2359/2054/1 2104/2053/1
f 2103/2055/1 2360/2056/1 2359/2054/1
f 2102/2057/1 2360/2056/1 2103/2055/1
f 2102/2057/1 2361/2058/1 2360/2056/1
f 2101/2059/1 2361/2058/1 2102/2057/1
f 2101/2059/1 2362/2060/1 2361/2058/1
f 2100/2061/1 2362/2060/1 2101/2059/1
f 2100/2061/1 2363/2062/1 2362/2060/1
f 2100/2061/1 2364/2063/1 2363/2062/1
f 2099/2064/1 2364/2063/1 2100/2061/1
f 2099/2064/1 2365/2065/1 2364/2063/1
f 2098/2066/1 2365/2065/1 2099/2064/1
f 2098/2066/1 2366/2067/1 2365/2065/1
f 2097/2068/1 2366/2067/1 2098/2066/1
f 2097/2068/1 2367/2069/1 2366/2067/1
f 2096/2070/1 2367/2069/1 2097/2068/1
f 2096/2070/1 2368/2071/1 2367/2069/1
f 2095/2072/1 2368/2071/1 2096/2070/1
f 2095/2072/1 2369/2073/1 2368/2071/1
f 2094/2074/1 2369/2073/1 2095/2072/1
f 2094/2074/1 2370/2075/1 2369/2073/1
f 2093/2076/1 2370/2075/1 2094/2074/1
f 2093/2076/1 2371/2077/1 2370/2075/1
f 2092/2078/1 2371/2077/1 2093/2076/1
f 2092/2078/1 2372/2079/1 2371/2077/1
f 2091/2080/1 2372/2079/1 2092/2078/1
f 2091/2080/1 2373/2081/1 2372/2079/1
f 2091/2080/1 2374/2082/1 2373/2081/1
f 2090/2083/1 2374/2082/1 2091/2080/1
f 2090/2083/1 2375/2084/1 2374/2082/1
f 2089/2085/1 2375/2084/1 2090/2083/1
f 2089/2085/1 2376/2086/1 2375/2084/1
f 2089/2085/1 2377/2087/1 2376/2086/1
f 2088/2088/1 2377/2087/1 2089/2085/1
f 2088/2088/1 2378/2089/1 2377/2087/1
f 2087/2090/1 2378/2089/1 2088/2088/1
f 2087/2090/1 2379/2091/1 2378/2089/1
f 2087/2090/1 2380/2092/1 2379/2091/1
f 2086/2093/1 2380/2092/1 2087/2090/1
f 2086/2093/1 2381/2094/1 2380/2092/1
f 2086/2093/1 2382/2095/1 2381/2094/1
f 2085/2096/1 2382/2095/1 2086/2093/1
f 2085/2096/1 2383/2097/1 2382/2095/1
f 2085/2096/1 2384/2098/1 2383/2097/1
f 2084/2099/1 2384/2098/1 2085/2096/1
f 2441/2100/1 2447/2007/1 2442/2048/1
f 2440/2101/1 2447/2007/1 2441/2100/1
f 2439/2102/1 2447/2007/1 2440/2101/1
f 2084/2099/1 2385/2103/1 2384/2098/1
f 2438/2104/1 2447/2007/1 2439/2102/1
f 2437/2105/1 2447/2007/1 2438/2104/1
f 2436/2106/1 2447/2007/1 2437/2105/1
f 2435/2107/1 2447/2007/1 2436/2106/1
f 2434/2108/1 2447/2007/1 2435/2107/1
f 2084/2099/1 2386/2109/1 2385/2103/1
f 2433/2110/1 2447/2007/1 2434/2108/1
f 2432/2111/1 2447/2007/1 2433/2110/1
f 2431/2112/1 2447/2007/1 2432/2111/1
f 2083/2113/1 2386/2109/1 2084/2099/1
f 2430/2114/1 2447/2007/1 2431/2112/1
f 2429/2115/1 2447/2007/1 2430/2114/1
f 2083/2113/1 2387/2116/1 2386/2109/1
f 2428/2117/1 2447/2007/1 2429/2115/1
f 2427/2118/1 2447/2007/1 2428/2117/1
f 2426/2119/1 2447/2007/1 2427/2118/1
f 2425/2120/1 2447/2007/1 2426/2119/1
f 2424/2121/1 2447/2007/1 2425/2120/1
f 2083/2113/1 2388/2122/1 2387/2116/1
f 2423/2123/1 2447/2007/1 2424/2121/1
f 2422/2124/1 2447/2007/1 2423/2123/1
f 2421/2125/1 2447/2007/1 2422/2124/1
f 2420/2126/1 2447/2007/1 2421/2125/1
f 2083/2113/1 2389/2127/1 2388/2122/1
f 2419/2128/1 2447/2007/1 2420/2126/1
f 2418/2129/1 2447/2007/1 2419/2128/1
f 2082/2130/1 2389/2127/1 2083/2113/1
f 2417/2131/1 2447/2007/1 2418/2129/1
f 2416/2132/1 2447/2007/1 2417/2131/1
f 2082/2130/1 2390/2133/1 2389/2127/1
f 2415/2134/1 2447/2007/1 2416/2132/1
f 2414/2135/1 2447/2007/1 2415/2134/1
f 2413/2136/1 2447/2007/1 2414/2135/1
f 2412/2137/1 2447/2007/1 2413/2136/1
f 2411/2138/1 2447/2007/1 2412/2137/1
f 2082/2130/1 2391/2139/1 2390/2133/1
f 2410/2140/1 2447/2007/1 2411/2138/1
f 2409/2141/1 2447/2007/1 2410/2140/1
f 2408/2142/1 2447/2007/1 2409/2141/1
f 2407/2143/1 2447/2007/1 2408/2142/1
f 2406/2144/1 2447/2007/1 2407/2143/1
f 2082/2130/1 2392/2145/1 2391/2139/1
f 2405/2146/1 2447/2007/1 2406/2144/1
f 2404/2147/1 2447/2007/1 2405/2146/1
f 2403/2148/1 2447/2007/1 2404/2147/1
f 2402/2149/1 2447/2007/1 2403/2148/1
f 2082/2130/1 2393/2150/1 2392/2145/1
f 2401/2151/1 2447/2007/1 2402/2149/1
f 2400/2152/1 2447/2007/1 2401/2151/1
f 2399/2153/1 2447/2007/1 2400/2152/1
f 2398/2154/1 2447/2007/1 2399/2153/1
f 2082/2130/1 2394/2155/1 2393/2150/1
f 2397/104/1 2447/2007/1 2398/2154/1
f 2396/2156/1 2447/2007/1 2397/104/1
f 2395/2157/1 2447/2007/1 2396/2156/1
f 2394/2155/1 2447/2007/1 2395/2157/1
f 2082/2130/1 2447/2007/1 2394/2155/1
f 2081/2158/1 2447/2007/1 2082/2130/1
f 2080/2159/1 2447/2007/1 2081/2158/1
f 2080/2159/1 2448/2160/1 2447/2007/1
f 2079/2161/1 2448/2160/1 2080/2159/1
f 2079/2161/1 2449/2162/1 2448/2160/1
f 2078/2163/1 2449/2162/1 2079/2161/1
f 2078/2163/1 2450/2164/1 2449/2162/1
f 2077/2165/1 2450/2164/1 2078/2163/1
f 2077/2165/1 2451/2166/1 2450/2164/1
f 2076/2167/1 2451/2166/1 2077/2165/1
f 2076/2167/1 2452/2168/1 2451/2166/1
f 2075/2169/1 2452/2168/1 2076/2167/1
f 2075/2169/1 2453/2170/1 2452/2168/1
f 2074/2171/1 2453/2170/1 2075/2169/1
f 2074/2171/1 2454/2172/1 2453/2170/1
f 2073/2173/1 2454/2172/1 2074/2171/1
f 2073/2173/1 2455/2174/1 2454/2172/1
f 2072/2175/1 2455/2174/1 2073/2173/1
f 2072/2175/1 2456/2176/1 2455/2174/1
f 2071/2177/1 2456/2176/1 2072/2175/1
f 2071/2177/1 2457/2178/1 2456/2176/1
f 2070/2179/1 2457/2178/1 2071/2177/1
f 2070/2179/1 2458/2180/1 2457/2178/1
f 2069/2181/1 2458/2180/1 2070/2179/1
f 2069/2181/1 2459/2182/1 2458/2180/1
f 2068/2183/1 2459/2182/1 2069/2181/1
f 2068/2183/1 2460/2184/1 2459/2182/1
f 2068/2183/1 2461/2185/1 2460/2184/1
f 2067/2186/1 2461/2185/1 2068/2183/1
f 2067/2186/1 2462/2187/1 2461/2185/1
f 2067/2186/1 2463/2188/1 2462/2187/1
f 2066/2189/1 2463/2188/1 2067/2186/1
f 2066/2189/1 2464/2190/1 2463/2188/1
f 2066/2189/1 2465/2191/1 2464/2190/1
f 2065/2192/1 2465/2191/1 2066/2189/1
f 2065/2192/1 2466/2193/1 2465/2191/1
f 2065/2192/1 2467/2194/1 2466/2193/1
f 2064/2195/1 2467/2194/1 2065/2192/1
f 2064/2195/1 2468/2196/1 2467/2194/1
f 2064/2195/1 2469/2197/1 2468/2196/1
f 2063/2198/1 2469/2197/1 2064/2195/1
f 2063/2198/1 2470/2199/1 2469/2197/1
f 2063/2198/1 2471/2200/1 2470/2199/1
f 2062/2201/1 2471/2200/1 2063/2198/1
f 2062/2201/1 2472/2202/1 2471/2200/1
f 2062/2201/1 2473/2203/1 2472/2202/1
f 2061/2204/1 2473/2203/1 2062/2201/1
f 2061/2204/1 2474/2205/1 2473/2203/1
f 2061/2204/1 2475/2206/1 2474/2205/1
f 2060/2207/1 2475/2206/1 2061/2204/1
f 2060/2207/1 2476/2208/1 2475/2206/1
f 2060/2207/1 2477/2209/1 2476/2208/1
f 2059/2210/1 2477/2209/1 2060/2207/1
f 2059/2210/1 2478/2211/1 2477/2209/1
f 2059/2210/1 2479/2212/1 2478/2211/1
f 2058/2213/1 2479/2212/1 2059/2210/1
f 2058/2213/1 2480/2214/1 2479/2212/1
f 2058/2213/1 2481/2215/1 2480/2214/1
f 2057/144/1 2481/2215/1 2058/2213/1
f 2057/144/1 2482/146/1 2481/2215/1
