# Blender 4.5.2 LTS
# www.blender.org
mtllib ShootToPlay.mtl
o Text
v -0.000000 -0.098266 -5.352601
v -0.000000 -0.098266 -5.391618
v -0.000000 -0.098168 -5.396249
v -0.000000 -0.097874 -5.400750
v -0.000000 -0.097385 -5.405120
v -0.000000 -0.096700 -5.409360
v -0.000000 -0.095820 -5.413470
v -0.000000 -0.094743 -5.417449
v -0.000000 -0.093471 -5.421298
v -0.000000 -0.092004 -5.425015
v -0.000000 -0.090340 -5.428603
v -0.000000 -0.088481 -5.432060
v -0.000000 -0.086426 -5.435387
v -0.000000 -0.084176 -5.438584
v -0.000000 -0.081776 -5.441675
v -0.000000 -0.079274 -5.444685
v -0.000000 -0.076668 -5.447616
v -0.000000 -0.073960 -5.450466
v -0.000000 -0.071149 -5.453236
v -0.000000 -0.068235 -5.455925
v -0.000000 -0.065218 -5.458534
v -0.000000 -0.062098 -5.461063
v -0.000000 -0.058876 -5.463512
v -0.000000 -0.055550 -5.465880
v -0.000000 -0.052122 -5.468168
v -0.000000 -0.048591 -5.470376
v -0.000000 -0.045004 -5.472530
v -0.000000 -0.041411 -5.474660
v -0.000000 -0.037809 -5.476765
v -0.000000 -0.034200 -5.478845
v -0.000000 -0.030584 -5.480900
v -0.000000 -0.026960 -5.482929
v -0.000000 -0.023328 -5.484934
v -0.000000 -0.019689 -5.486913
v -0.000000 -0.016042 -5.488868
v -0.000000 -0.012388 -5.490797
v -0.000000 -0.008727 -5.492701
v -0.000000 -0.005058 -5.494581
v -0.000000 -0.003763 -5.495228
v -0.000000 -0.002529 -5.495845
v -0.000000 -0.001355 -5.496432
v -0.000000 -0.000241 -5.496989
v -0.000000 0.000813 -5.497516
v -0.000000 0.001807 -5.498013
v -0.000000 0.002740 -5.498479
v -0.000000 0.003613 -5.498916
v -0.000000 0.004426 -5.499322
v -0.000000 0.005178 -5.499698
v -0.000000 0.005871 -5.500044
v -0.000000 0.006503 -5.500361
v -0.000000 0.404625 -5.421965
v -0.000000 0.404625 -5.488078
v -0.000000 0.093208 -5.550217
v -0.000000 0.404625 -5.724711
v -0.000000 0.404625 -5.798771
v -0.000000 0.400289 -5.796244
v -0.000000 0.395954 -5.793718
v -0.000000 0.391619 -5.791196
v -0.000000 0.387284 -5.788676
v -0.000000 0.382948 -5.786158
v -0.000000 0.378613 -5.783643
v -0.000000 0.374278 -5.781130
v -0.000000 0.369942 -5.778620
v -0.000000 0.365607 -5.776113
v -0.000000 0.361272 -5.773607
v -0.000000 0.356937 -5.771105
v -0.000000 0.352601 -5.768605
v -0.000000 0.348266 -5.766105
v -0.000000 0.343931 -5.763603
v -0.000000 0.339596 -5.761098
v -0.000000 0.335260 -5.758590
v -0.000000 0.330925 -5.756080
v -0.000000 0.326590 -5.753568
v -0.000000 0.322255 -5.751052
v -0.000000 0.317919 -5.748535
v -0.000000 0.313584 -5.746015
v -0.000000 0.309249 -5.743492
v -0.000000 0.304914 -5.740967
v -0.000000 0.300578 -5.738439
v -0.000000 0.289153 -5.731826
v -0.000000 0.277758 -5.725233
v -0.000000 0.266393 -5.718659
v -0.000000 0.255058 -5.712106
v -0.000000 0.243753 -5.705573
v -0.000000 0.232479 -5.699060
v -0.000000 0.221234 -5.692567
v -0.000000 0.210020 -5.686094
v -0.000000 0.198835 -5.679642
v -0.000000 0.187681 -5.673209
v -0.000000 0.176557 -5.666797
v -0.000000 0.165463 -5.660404
v -0.000000 0.154454 -5.654064
v -0.000000 0.143586 -5.647810
v -0.000000 0.132858 -5.641640
v -0.000000 0.122271 -5.635556
v -0.000000 0.111824 -5.629558
v -0.000000 0.101518 -5.623644
v -0.000000 0.091352 -5.617816
v -0.000000 0.081327 -5.612074
v -0.000000 0.071442 -5.606417
v -0.000000 0.061697 -5.600844
v -0.000000 0.052094 -5.595357
v -0.000000 0.042630 -5.589956
v -0.000000 0.039509 -5.588190
v -0.000000 0.036529 -5.586504
v -0.000000 0.033689 -5.584898
v -0.000000 0.030989 -5.583373
v -0.000000 0.028430 -5.581928
v -0.000000 0.026012 -5.580563
v -0.000000 0.023734 -5.579278
v -0.000000 0.021596 -5.578074
v -0.000000 0.019599 -5.576950
v -0.000000 0.017743 -5.575906
v -0.000000 0.016027 -5.574943
v -0.000000 0.014451 -5.574060
v -0.000000 0.012958 -5.573225
v -0.000000 0.011491 -5.572405
v -0.000000 0.010048 -5.571599
v -0.000000 0.008631 -5.570809
v -0.000000 0.007238 -5.570034
v -0.000000 0.005871 -5.569274
v -0.000000 0.004529 -5.568529
v -0.000000 0.003212 -5.567799
v -0.000000 0.001919 -5.567083
v -0.000000 0.000653 -5.566383
v -0.000000 -0.000589 -5.565699
v -0.000000 -0.001806 -5.565029
v -0.000000 -0.008066 -5.561594
v -0.000000 -0.014079 -5.558275
v -0.000000 -0.019847 -5.555071
v -0.000000 -0.025369 -5.551982
v -0.000000 -0.030645 -5.549009
v -0.000000 -0.035675 -5.546152
v -0.000000 -0.040460 -5.543409
v -0.000000 -0.044998 -5.540782
v -0.000000 -0.049291 -5.538271
v -0.000000 -0.053338 -5.535875
v -0.000000 -0.057138 -5.533594
v -0.000000 -0.060693 -5.531430
v -0.000000 -0.064080 -5.529338
v -0.000000 -0.067377 -5.527276
v -0.000000 -0.070583 -5.525243
v -0.000000 -0.073699 -5.523241
v -0.000000 -0.076725 -5.521269
v -0.000000 -0.079660 -5.519328
v -0.000000 -0.082505 -5.517416
v -0.000000 -0.085260 -5.515534
v -0.000000 -0.087924 -5.513683
v -0.000000 -0.090498 -5.511861
v -0.000000 -0.092982 -5.510070
v -0.000000 -0.095375 -5.508309
v -0.000000 -0.100433 -5.504260
v -0.000000 -0.105250 -5.500180
v -0.000000 -0.109826 -5.496071
v -0.000000 -0.114162 -5.491931
v -0.000000 -0.118256 -5.487762
v -0.000000 -0.122110 -5.483562
v -0.000000 -0.125722 -5.479332
v -0.000000 -0.129094 -5.475072
v -0.000000 -0.132225 -5.470782
v -0.000000 -0.135115 -5.466462
v -0.000000 -0.137765 -5.462111
v -0.000000 -0.140173 -5.457731
v -0.000000 -0.142366 -5.453270
v -0.000000 -0.144368 -5.448679
v -0.000000 -0.146179 -5.443958
v -0.000000 -0.147800 -5.439106
v -0.000000 -0.149230 -5.434123
v -0.000000 -0.150469 -5.429010
v -0.000000 -0.151518 -5.423767
v -0.000000 -0.152376 -5.418393
v -0.000000 -0.153043 -5.412888
v -0.000000 -0.153520 -5.407253
v -0.000000 -0.153806 -5.401488
v -0.000000 -0.153901 -5.395592
v -0.000000 -0.153901 -5.342124
v -0.000000 -0.010477 -5.044797
v -0.000000 -0.010263 -5.035861
v -0.000000 -0.009624 -5.027236
v -0.000000 -0.008557 -5.018921
v -0.000000 -0.007065 -5.010918
v -0.000000 -0.005145 -5.003226
v -0.000000 -0.002800 -4.995845
v -0.000000 -0.000027 -4.988775
v -0.000000 0.003171 -4.982017
v -0.000000 0.006797 -4.975569
v -0.000000 0.010848 -4.969432
v -0.000000 0.015327 -4.963607
v -0.000000 0.020231 -4.958092
v -0.000000 0.025495 -4.952957
v -0.000000 0.031050 -4.948268
v -0.000000 0.036895 -4.944026
v -0.000000 0.043032 -4.940230
v -0.000000 0.049459 -4.936881
v -0.000000 0.056178 -4.933978
v -0.000000 0.063188 -4.931522
v -0.000000 0.070488 -4.929513
v -0.000000 0.078080 -4.927949
v -0.000000 0.085963 -4.926833
v -0.000000 0.094137 -4.926163
v -0.000000 0.102601 -4.925939
v -0.000000 0.110169 -4.926118
v -0.000000 0.117579 -4.926657
v -0.000000 0.124831 -4.927554
v -0.000000 0.131925 -4.928809
v -0.000000 0.138860 -4.930424
v -0.000000 0.145638 -4.932397
v -0.000000 0.152257 -4.934729
v -0.000000 0.158719 -4.937420
v -0.000000 0.165022 -4.940469
v -0.000000 0.171168 -4.943878
v -0.000000 0.177155 -4.947645
v -0.000000 0.182984 -4.951770
v -0.000000 0.188627 -4.956218
v -0.000000 0.194053 -4.960952
v -0.000000 0.199264 -4.965972
v -0.000000 0.204259 -4.971279
v -0.000000 0.209039 -4.976871
v -0.000000 0.213602 -4.982749
v -0.000000 0.217950 -4.988913
v -0.000000 0.222082 -4.995363
v -0.000000 0.225998 -5.002100
v -0.000000 0.229699 -5.009122
v -0.000000 0.233184 -5.016430
v -0.000000 0.236453 -5.024024
v -0.000000 0.239482 -5.031873
v -0.000000 0.242248 -5.039946
v -0.000000 0.244750 -5.048241
v -0.000000 0.246990 -5.056760
v -0.000000 0.248965 -5.065502
v -0.000000 0.250678 -5.074467
v -0.000000 0.252126 -5.083656
v -0.000000 0.253312 -5.093068
v -0.000000 0.254234 -5.102703
v -0.000000 0.254892 -5.112561
v -0.000000 0.255288 -5.122643
v -0.000000 0.255419 -5.132948
v -0.000000 0.255419 -5.221821
v -0.000000 0.285044 -5.226517
v -0.000000 0.290829 -5.226358
v -0.000000 0.296384 -5.225880
v -0.000000 0.301707 -5.225083
v -0.000000 0.306800 -5.223968
v -0.000000 0.311662 -5.222534
v -0.000000 0.316294 -5.220782
v -0.000000 0.320694 -5.218711
v -0.000000 0.324864 -5.216321
v -0.000000 0.328803 -5.213613
v -0.000000 0.332511 -5.210586
v -0.000000 0.335988 -5.207241
v -0.000000 0.339234 -5.203577
v -0.000000 0.342235 -5.199611
v -0.000000 0.344975 -5.195363
v -0.000000 0.347453 -5.190830
v -0.000000 0.349671 -5.186015
v -0.000000 0.351628 -5.180915
v -0.000000 0.353324 -5.175533
v -0.000000 0.354759 -5.169867
v -0.000000 0.355933 -5.163917
v -0.000000 0.356846 -5.157684
v -0.000000 0.357499 -5.151167
v -0.000000 0.357890 -5.144367
v -0.000000 0.358020 -5.137283
v -0.000000 0.357765 -5.126925
v -0.000000 0.356997 -5.116320
v -0.000000 0.355717 -5.105469
v -0.000000 0.353926 -5.094372
v -0.000000 0.351623 -5.083030
v -0.000000 0.348808 -5.071442
v -0.000000 0.345481 -5.059608
v -0.000000 0.341643 -5.047527
v -0.000000 0.337292 -5.035202
v -0.000000 0.332430 -5.022630
v -0.000000 0.327056 -5.009812
v -0.000000 0.321171 -4.996748
v -0.000000 0.386200 -5.009393
v -0.000000 0.390700 -5.021962
v -0.000000 0.394810 -5.034381
v -0.000000 0.398528 -5.046649
v -0.000000 0.401855 -5.058767
v -0.000000 0.404790 -5.070734
v -0.000000 0.407334 -5.082551
v -0.000000 0.409487 -5.094217
v -0.000000 0.411248 -5.105732
v -0.000000 0.412618 -5.117097
v -0.000000 0.413596 -5.128312
v -0.000000 0.414183 -5.139376
v -0.000000 0.414379 -5.150289
v -0.000000 0.414171 -5.161339
v -0.000000 0.413546 -5.171970
v -0.000000 0.412505 -5.182182
v -0.000000 0.411047 -5.191976
v -0.000000 0.409173 -5.201350
v -0.000000 0.406882 -5.210305
v -0.000000 0.404175 -5.218842
v -0.000000 0.401052 -5.226959
v -0.000000 0.397512 -5.234657
v -0.000000 0.393556 -5.241937
v -0.000000 0.389183 -5.248797
v -0.000000 0.384393 -5.255239
v -0.000000 0.379228 -5.261211
v -0.000000 0.373726 -5.266664
v -0.000000 0.367888 -5.271597
v -0.000000 0.361713 -5.276011
v -0.000000 0.355203 -5.279906
v -0.000000 0.348356 -5.283282
v -0.000000 0.341174 -5.286138
v -0.000000 0.333655 -5.288475
v -0.000000 0.325800 -5.290293
v -0.000000 0.317608 -5.291591
v -0.000000 0.309081 -5.292370
v -0.000000 0.300217 -5.292630
v -0.000000 0.296148 -5.292570
v -0.000000 0.291767 -5.292389
v -0.000000 0.287076 -5.292088
v -0.000000 0.282073 -5.291667
v -0.000000 0.276759 -5.291125
v -0.000000 0.271135 -5.290462
v -0.000000 0.265199 -5.289680
v -0.000000 0.258952 -5.288776
v -0.000000 0.252394 -5.287753
v -0.000000 0.245524 -5.286609
v -0.000000 0.238344 -5.285344
v -0.000000 0.230853 -5.283959
v -0.000000 0.000000 -5.238801
v -0.000000 0.000000 -5.179552
v -0.000000 0.059971 -5.183887
v -0.000000 0.048719 -5.174697
v -0.000000 0.038446 -5.165071
v -0.000000 0.029150 -5.155008
v -0.000000 0.020834 -5.144509
v -0.000000 0.013495 -5.133573
v -0.000000 0.007135 -5.122200
v -0.000000 0.001754 -5.110392
v -0.000000 -0.002649 -5.098146
v -0.000000 -0.006074 -5.085464
v -0.000000 -0.008520 -5.072345
v -0.000000 -0.009987 -5.058790
v -0.000000 0.045159 -5.067196
v -0.000000 0.045431 -5.075660
v -0.000000 0.046248 -5.083950
v -0.000000 0.047609 -5.092067
v -0.000000 0.049515 -5.100011
v -0.000000 0.051964 -5.107782
v -0.000000 0.054959 -5.115380
v -0.000000 0.058497 -5.122805
v -0.000000 0.062581 -5.130057
v -0.000000 0.067208 -5.137136
v -0.000000 0.072380 -5.144041
v -0.000000 0.078096 -5.150774
v -0.000000 0.084357 -5.157334
v -0.000000 0.091070 -5.163627
v -0.000000 0.098141 -5.169562
v -0.000000 0.105571 -5.175138
v -0.000000 0.113359 -5.180355
v -0.000000 0.121507 -5.185213
v -0.000000 0.130013 -5.189713
v -0.000000 0.138878 -5.193853
v -0.000000 0.148102 -5.197636
v -0.000000 0.157684 -5.201059
v -0.000000 0.167625 -5.204123
v -0.000000 0.177925 -5.206829
v -0.000000 0.188584 -5.209176
v -0.000000 0.203396 -5.212066
v -0.000000 0.203396 -5.149928
v -0.000000 0.203381 -5.143208
v -0.000000 0.203336 -5.136776
v -0.000000 0.203261 -5.130633
v -0.000000 0.203155 -5.124779
v -0.000000 0.203020 -5.119213
v -0.000000 0.202854 -5.113936
v -0.000000 0.202659 -5.108947
v -0.000000 0.202433 -5.104247
v -0.000000 0.202177 -5.099835
v -0.000000 0.201891 -5.095712
v -0.000000 0.201575 -5.091877
v -0.000000 0.201229 -5.088331
v -0.000000 0.200837 -5.084963
v -0.000000 0.200386 -5.081663
v -0.000000 0.199874 -5.078430
v -0.000000 0.199302 -5.075265
v -0.000000 0.198670 -5.072168
v -0.000000 0.197977 -5.069139
v -0.000000 0.197224 -5.066177
v -0.000000 0.196412 -5.063283
v -0.000000 0.195539 -5.060457
v -0.000000 0.194605 -5.057699
v -0.000000 0.193612 -5.055008
v -0.000000 0.192558 -5.052384
v -0.000000 0.190619 -5.047840
v -0.000000 0.188534 -5.043478
v -0.000000 0.186304 -5.039299
v -0.000000 0.183928 -5.035304
v -0.000000 0.181406 -5.031492
v -0.000000 0.178739 -5.027863
v -0.000000 0.175927 -5.024416
v -0.000000 0.172969 -5.021154
v -0.000000 0.169866 -5.018075
v -0.000000 0.166617 -5.015178
v -0.000000 0.163222 -5.012465
v -0.000000 0.159682 -5.009935
v -0.000000 0.156032 -5.007598
v -0.000000 0.152306 -5.005464
v -0.000000 0.148505 -5.003533
v -0.000000 0.144629 -5.001806
v -0.000000 0.140678 -5.000282
v -0.000000 0.136651 -4.998961
v -0.000000 0.132549 -4.997843
v -0.000000 0.128372 -4.996929
v -0.000000 0.124120 -4.996217
v -0.000000 0.119792 -4.995709
v -0.000000 0.115389 -4.995405
v -0.000000 0.110911 -4.995303
v -0.000000 0.105884 -4.995436
v -0.000000 0.101041 -4.995835
v -0.000000 0.096381 -4.996500
v -0.000000 0.091904 -4.997431
v -0.000000 0.087610 -4.998628
v -0.000000 0.083499 -5.000090
v -0.000000 0.079572 -5.001819
v -0.000000 0.075827 -5.003813
v -0.000000 0.072266 -5.006074
v -0.000000 0.068888 -5.008600
v -0.000000 0.065693 -5.011393
v -0.000000 0.062681 -5.014451
v -0.000000 0.059882 -5.017742
v -0.000000 0.057327 -5.021235
v -0.000000 0.055015 -5.024928
v -0.000000 0.052947 -5.028821
v -0.000000 0.051121 -5.032916
v -0.000000 0.049540 -5.037211
v -0.000000 0.048201 -5.041707
v -0.000000 0.047106 -5.046403
v -0.000000 0.046254 -5.051301
v -0.000000 0.045646 -5.056398
v -0.000000 0.045281 -5.061697
v -0.000000 -0.002890 -4.721459
v -0.000000 -0.002225 -4.701725
v -0.000000 -0.000231 -4.683707
v -0.000000 0.003094 -4.667404
v -0.000000 0.007747 -4.652818
v -0.000000 0.013731 -4.639947
v -0.000000 0.021044 -4.628793
v -0.000000 0.029687 -4.619355
v -0.000000 0.039660 -4.611633
v -0.000000 0.050962 -4.605627
v -0.000000 0.063594 -4.601336
v -0.000000 0.077556 -4.598763
v -0.000000 0.092847 -4.597905
v -0.000000 0.094376 -4.597915
v -0.000000 0.095953 -4.597945
v -0.000000 0.097577 -4.597995
v -0.000000 0.099250 -4.598065
v -0.000000 0.100969 -4.598155
v -0.000000 0.102737 -4.598265
v -0.000000 0.104552 -4.598396
v -0.000000 0.106415 -4.598547
v -0.000000 0.108325 -4.598717
v -0.000000 0.110283 -4.598908
v -0.000000 0.112289 -4.599119
v -0.000000 0.114343 -4.599349
v -0.000000 0.116466 -4.599608
v -0.000000 0.118683 -4.599902
v -0.000000 0.120992 -4.600230
v -0.000000 0.123395 -4.600594
v -0.000000 0.125890 -4.600993
v -0.000000 0.128477 -4.601427
v -0.000000 0.131158 -4.601896
v -0.000000 0.133932 -4.602401
v -0.000000 0.136798 -4.602940
v -0.000000 0.139757 -4.603515
v -0.000000 0.142809 -4.604125
v -0.000000 0.145954 -4.604769
v -0.000000 0.510116 -4.680997
v -0.000000 0.510116 -4.566835
v -0.000000 0.562139 -4.577312
v -0.000000 0.562139 -4.757948
v -0.000000 0.144509 -4.671243
v -0.000000 0.143593 -4.671056
v -0.000000 0.142532 -4.670856
v -0.000000 0.141325 -4.670644
v -0.000000 0.139973 -4.670420
v -0.000000 0.138475 -4.670183
v -0.000000 0.136832 -4.669933
v -0.000000 0.135043 -4.669671
v -0.000000 0.133109 -4.669396
v -0.000000 0.131029 -4.669109
v -0.000000 0.128804 -4.668809
v -0.000000 0.126433 -4.668497
v -0.000000 0.123916 -4.668172
v -0.000000 0.121375 -4.667854
v -0.000000 0.118929 -4.667564
v -0.000000 0.116578 -4.667302
v -0.000000 0.114323 -4.667068
v -0.000000 0.112163 -4.666861
v -0.000000 0.110098 -4.666681
v -0.000000 0.108128 -4.666530
v -0.000000 0.106254 -4.666406
v -0.000000 0.104475 -4.666309
v -0.000000 0.102792 -4.666240
v -0.000000 0.101204 -4.666198
v -0.000000 0.099711 -4.666185
v -0.000000 0.096164 -4.666296
v -0.000000 0.092747 -4.666631
v -0.000000 0.089460 -4.667190
v -0.000000 0.086304 -4.667971
v -0.000000 0.083278 -4.668976
v -0.000000 0.080383 -4.670204
v -0.000000 0.077618 -4.671655
v -0.000000 0.074984 -4.673330
v -0.000000 0.072480 -4.675228
v -0.000000 0.070107 -4.677349
v -0.000000 0.067864 -4.679694
v -0.000000 0.065752 -4.682261
v -0.000000 0.063790 -4.685058
v -0.000000 0.061998 -4.688087
v -0.000000 0.060378 -4.691350
v -0.000000 0.058928 -4.694846
v -0.000000 0.057648 -4.698575
v -0.000000 0.056539 -4.702538
v -0.000000 0.055601 -4.706734
v -0.000000 0.054833 -4.711163
v -0.000000 0.054236 -4.715826
v -0.000000 0.053810 -4.720722
v -0.000000 0.053554 -4.725851
v -0.000000 0.053468 -4.731214
v -0.000000 0.053468 -4.807442
v -0.000000 -0.002890 -4.796243
v -0.000000 0.404624 -4.117052
v -0.000000 0.404624 -4.176301
v -0.000000 0.352963 -4.173410
v -0.000000 0.362772 -4.181215
v -0.000000 0.371729 -4.189457
v -0.000000 0.379832 -4.198135
v -0.000000 0.387083 -4.207250
v -0.000000 0.393480 -4.216801
v -0.000000 0.399025 -4.226789
v -0.000000 0.403716 -4.237213
v -0.000000 0.407555 -4.248074
v -0.000000 0.410540 -4.259371
v -0.000000 0.412673 -4.271105
v -0.000000 0.413952 -4.283275
v -0.000000 0.414379 -4.295881
v -0.000000 0.414109 -4.305275
v -0.000000 0.413300 -4.314311
v -0.000000 0.411951 -4.322988
v -0.000000 0.410064 -4.331306
v -0.000000 0.407636 -4.339265
v -0.000000 0.404670 -4.346866
v -0.000000 0.401163 -4.354107
v -0.000000 0.397118 -4.360991
v -0.000000 0.392533 -4.367515
v -0.000000 0.387409 -4.373680
v -0.000000 0.381745 -4.379487
v -0.000000 0.375542 -4.384935
v -0.000000 0.368805 -4.389984
v -0.000000 0.361538 -4.394594
v -0.000000 0.353742 -4.398765
v -0.000000 0.345416 -4.402497
v -0.000000 0.336561 -4.405790
v -0.000000 0.327177 -4.408644
v -0.000000 0.317263 -4.411058
v -0.000000 0.306820 -4.413034
v -0.000000 0.295848 -4.414571
v -0.000000 0.284346 -4.415668
v -0.000000 0.272315 -4.416327
v -0.000000 0.259755 -4.416546
v -0.000000 0.250703 -4.416439
v -0.000000 0.241731 -4.416115
v -0.000000 0.232840 -4.415576
v -0.000000 0.224029 -4.414820
v -0.000000 0.215298 -4.413849
v -0.000000 0.206648 -4.412663
v -0.000000 0.198077 -4.411260
v -0.000000 0.189588 -4.409642
v -0.000000 0.181178 -4.407808
v -0.000000 0.172849 -4.405758
v -0.000000 0.164600 -4.403492
v -0.000000 0.156431 -4.401011
v -0.000000 0.148380 -4.398340
v -0.000000 0.140485 -4.395502
v -0.000000 0.132745 -4.392499
v -0.000000 0.125161 -4.389330
v -0.000000 0.117732 -4.385996
v -0.000000 0.110459 -4.382496
v -0.000000 0.103341 -4.378831
v -0.000000 0.096379 -4.375000
v -0.000000 0.089573 -4.371004
v -0.000000 0.082922 -4.366841
v -0.000000 0.076427 -4.362514
v -0.000000 0.070087 -4.358020
v -0.000000 0.063936 -4.353382
v -0.000000 0.058009 -4.348618
v -0.000000 0.052306 -4.343728
v -0.000000 0.046825 -4.338713
v -0.000000 0.041568 -4.333572
v -0.000000 0.036534 -4.328306
v -0.000000 0.031723 -4.322914
v -0.000000 0.027136 -4.317397
v -0.000000 0.022772 -4.311755
v -0.000000 0.018631 -4.305987
v -0.000000 0.014713 -4.300094
v -0.000000 0.011019 -4.294075
v -0.000000 0.007586 -4.287953
v -0.000000 0.004451 -4.281752
v -0.000000 0.001615 -4.275469
v -0.000000 -0.000923 -4.269107
v -0.000000 -0.003162 -4.262664
v -0.000000 -0.005103 -4.256141
v -0.000000 -0.006745 -4.249538
v -0.000000 -0.008088 -4.242855
v -0.000000 -0.009133 -4.236091
v -0.000000 -0.009880 -4.229247
v -0.000000 -0.010327 -4.222322
v -0.000000 -0.010477 -4.215318
v -0.000000 -0.010050 -4.204023
v -0.000000 -0.008771 -4.193260
v -0.000000 -0.006638 -4.183029
v -0.000000 -0.003653 -4.173330
v -0.000000 0.000186 -4.164163
v -0.000000 0.004877 -4.155527
v -0.000000 0.010422 -4.147424
v -0.000000 0.016819 -4.139852
v -0.000000 0.024070 -4.132812
v -0.000000 0.032173 -4.126305
v -0.000000 0.041130 -4.120328
v -0.000000 0.050939 -4.114884
v -0.000000 -0.153902 -4.074783
v -0.000000 -0.153902 -4.008309
v -0.000000 0.045882 -4.209538
v -0.000000 0.046084 -4.215984
v -0.000000 0.046690 -4.222317
v -0.000000 0.047699 -4.228538
v -0.000000 0.049113 -4.234646
v -0.000000 0.050931 -4.240641
v -0.000000 0.053152 -4.246522
v -0.000000 0.055778 -4.252292
v -0.000000 0.058807 -4.257948
v -0.000000 0.062241 -4.263491
v -0.000000 0.066078 -4.268921
v -0.000000 0.070319 -4.274239
v -0.000000 0.074964 -4.279444
v -0.000000 0.079940 -4.284503
v -0.000000 0.085175 -4.289383
v -0.000000 0.090668 -4.294086
v -0.000000 0.096420 -4.298611
v -0.000000 0.102429 -4.302957
v -0.000000 0.108698 -4.307126
v -0.000000 0.115225 -4.311116
v -0.000000 0.122010 -4.314928
v -0.000000 0.129053 -4.318562
v -0.000000 0.136355 -4.322018
v -0.000000 0.143916 -4.325296
v -0.000000 0.151734 -4.328396
v -0.000000 0.159742 -4.331281
v -0.000000 0.167871 -4.333916
v -0.000000 0.176120 -4.336299
v -0.000000 0.184490 -4.338431
v -0.000000 0.192979 -4.340313
v -0.000000 0.201590 -4.341944
v -0.000000 0.210321 -4.343324
v -0.000000 0.219172 -4.344453
v -0.000000 0.228143 -4.345331
v -0.000000 0.237235 -4.345958
v -0.000000 0.246448 -4.346334
v -0.000000 0.255781 -4.346459
v -0.000000 0.264546 -4.346336
v -0.000000 0.272901 -4.345968
v -0.000000 0.280844 -4.345353
v -0.000000 0.288375 -4.344492
v -0.000000 0.295495 -4.343386
v -0.000000 0.302204 -4.342034
v -0.000000 0.308501 -4.340436
v -0.000000 0.314387 -4.338592
v -0.000000 0.319861 -4.336502
v -0.000000 0.324924 -4.334167
v -0.000000 0.329575 -4.331585
v -0.000000 0.333815 -4.328757
v -0.000000 0.337681 -4.325696
v -0.000000 0.341211 -4.322415
v -0.000000 0.344405 -4.318913
v -0.000000 0.347263 -4.315189
v -0.000000 0.349784 -4.311245
v -0.000000 0.351969 -4.307081
v -0.000000 0.353818 -4.302695
v -0.000000 0.355331 -4.298089
v -0.000000 0.356508 -4.293262
v -0.000000 0.357348 -4.288214
v -0.000000 0.357852 -4.282946
v -0.000000 0.358020 -4.277457
v -0.000000 0.357905 -4.272489
v -0.000000 0.357559 -4.267582
v -0.000000 0.356982 -4.262735
v -0.000000 0.356174 -4.257948
v -0.000000 0.355135 -4.253222
v -0.000000 0.353866 -4.248555
v -0.000000 0.352366 -4.243949
v -0.000000 0.350634 -4.239403
v -0.000000 0.348673 -4.234917
v -0.000000 0.346480 -4.230492
v -0.000000 0.344056 -4.226126
v -0.000000 0.341402 -4.221821
v -0.000000 0.338547 -4.217592
v -0.000000 0.335521 -4.213457
v -0.000000 0.332325 -4.209414
v -0.000000 0.328958 -4.205463
v -0.000000 0.325421 -4.201606
v -0.000000 0.321713 -4.197842
v -0.000000 0.317834 -4.194170
v -0.000000 0.313785 -4.190591
v -0.000000 0.309565 -4.187105
v -0.000000 0.305174 -4.183712
v -0.000000 0.300613 -4.180412
v -0.000000 0.295882 -4.177204
v -0.000000 0.291010 -4.174100
v -0.000000 0.286027 -4.171113
v -0.000000 0.280934 -4.168240
v -0.000000 0.275731 -4.165483
v -0.000000 0.270417 -4.162841
v -0.000000 0.264993 -4.160315
v -0.000000 0.259459 -4.157904
v -0.000000 0.253814 -4.155609
v -0.000000 0.248058 -4.153429
v -0.000000 0.242193 -4.151364
v -0.000000 0.236217 -4.149415
v -0.000000 0.230130 -4.147580
v -0.000000 0.223961 -4.145877
v -0.000000 0.217737 -4.144323
v -0.000000 0.211457 -4.142917
v -0.000000 0.205122 -4.141658
v -0.000000 0.198732 -4.140548
v -0.000000 0.192287 -4.139586
v -0.000000 0.185787 -4.138772
v -0.000000 0.179231 -4.138106
v -0.000000 0.172620 -4.137588
v -0.000000 0.165954 -4.137218
v -0.000000 0.159233 -4.136996
v -0.000000 0.152457 -4.136922
v -0.000000 0.143563 -4.137056
v -0.000000 0.135066 -4.137458
v -0.000000 0.126965 -4.138129
v -0.000000 0.119260 -4.139069
v -0.000000 0.111952 -4.140276
v -0.000000 0.105040 -4.141753
v -0.000000 0.098524 -4.143497
v -0.000000 0.092405 -4.145511
v -0.000000 0.086683 -4.147792
v -0.000000 0.081357 -4.150342
v -0.000000 0.076427 -4.153161
v -0.000000 0.071893 -4.156250
v -0.000000 0.067739 -4.159573
v -0.000000 0.063945 -4.163099
v -0.000000 0.060513 -4.166829
v -0.000000 0.057442 -4.170761
v -0.000000 0.054733 -4.174897
v -0.000000 0.052385 -4.179236
v -0.000000 0.050398 -4.183778
v -0.000000 0.048772 -4.188524
v -0.000000 0.047507 -4.193472
v -0.000000 0.046604 -4.198624
v -0.000000 0.046062 -4.203979
v -0.000000 -0.010477 -3.303829
v -0.000000 -0.010203 -3.292380
v -0.000000 -0.009383 -3.281395
v -0.000000 -0.008016 -3.270875
v -0.000000 -0.006101 -3.260818
v -0.000000 -0.003640 -3.251225
v -0.000000 -0.000632 -3.242097
v -0.000000 0.002923 -3.233433
v -0.000000 0.007025 -3.225233
v -0.000000 0.011674 -3.217497
v -0.000000 0.016870 -3.210225
v -0.000000 0.022612 -3.203417
v -0.000000 0.028902 -3.197073
v -0.000000 0.035713 -3.191217
v -0.000000 0.043022 -3.185869
v -0.000000 0.050827 -3.181031
v -0.000000 0.059128 -3.176702
v -0.000000 0.067927 -3.172882
v -0.000000 0.077222 -3.169572
v -0.000000 0.087014 -3.166771
v -0.000000 0.097303 -3.164479
v -0.000000 0.108088 -3.162696
v -0.000000 0.119370 -3.161423
v -0.000000 0.131149 -3.160659
v -0.000000 0.143425 -3.160404
v -0.000000 0.152082 -3.160519
v -0.000000 0.160711 -3.160861
v -0.000000 0.169312 -3.161432
v -0.000000 0.177886 -3.162231
v -0.000000 0.186433 -3.163258
v -0.000000 0.194951 -3.164514
v -0.000000 0.203443 -3.165998
v -0.000000 0.211906 -3.167710
v -0.000000 0.220342 -3.169651
v -0.000000 0.228750 -3.171820
v -0.000000 0.237131 -3.174217
v -0.000000 0.245484 -3.176842
v -0.000000 0.253750 -3.179669
v -0.000000 0.261867 -3.182668
v -0.000000 0.269836 -3.185840
v -0.000000 0.277657 -3.189186
v -0.000000 0.285331 -3.192704
v -0.000000 0.292856 -3.196396
v -0.000000 0.300233 -3.200261
v -0.000000 0.307462 -3.204299
v -0.000000 0.314544 -3.208510
v -0.000000 0.321477 -3.212894
v -0.000000 0.328262 -3.217452
v -0.000000 0.334899 -3.222182
v -0.000000 0.341324 -3.227054
v -0.000000 0.347473 -3.232037
v -0.000000 0.353346 -3.237129
v -0.000000 0.358944 -3.242333
v -0.000000 0.364265 -3.247646
v -0.000000 0.369310 -3.253070
v -0.000000 0.374079 -3.258605
v -0.000000 0.378573 -3.264250
v -0.000000 0.382790 -3.270005
v -0.000000 0.386731 -3.275870
v -0.000000 0.390397 -3.281846
v -0.000000 0.393786 -3.287933
v -0.000000 0.397075 -3.294406
v -0.000000 0.400078 -3.301059
v -0.000000 0.402795 -3.307894
v -0.000000 0.405227 -3.314908
v -0.000000 0.407372 -3.322104
v -0.000000 0.409231 -3.329479
v -0.000000 0.410804 -3.337036
v -0.000000 0.412091 -3.344773
v -0.000000 0.413092 -3.352691
v -0.000000 0.413807 -3.360790
v -0.000000 0.414236 -3.369069
v -0.000000 0.414379 -3.377529
v -0.000000 0.414108 -3.388920
v -0.000000 0.413295 -3.399852
v -0.000000 0.411940 -3.410325
v -0.000000 0.410043 -3.420339
v -0.000000 0.407605 -3.429894
v -0.000000 0.404624 -3.438990
v -0.000000 0.401102 -3.447627
v -0.000000 0.397038 -3.455804
v -0.000000 0.392431 -3.463522
v -0.000000 0.387283 -3.470782
v -0.000000 0.381593 -3.477582
v -0.000000 0.375361 -3.483923
v -0.000000 0.368610 -3.489780
v -0.000000 0.361362 -3.495127
v -0.000000 0.353617 -3.499966
v -0.000000 0.345376 -3.504295
v -0.000000 0.336638 -3.508114
v -0.000000 0.327403 -3.511425
v -0.000000 0.317671 -3.514226
v -0.000000 0.307442 -3.516518
v -0.000000 0.296717 -3.518300
v -0.000000 0.285495 -3.519573
v -0.000000 0.273776 -3.520337
v -0.000000 0.261561 -3.520592
v -0.000000 0.253482 -3.520488
v -0.000000 0.245384 -3.520176
v -0.000000 0.237265 -3.519655
v -0.000000 0.229127 -3.518926
v -0.000000 0.220968 -3.517989
v -0.000000 0.212789 -3.516844
v -0.000000 0.204590 -3.515491
v -0.000000 0.196371 -3.513929
v -0.000000 0.188132 -3.512159
v -0.000000 0.179873 -3.510181
v -0.000000 0.171594 -3.507994
v -0.000000 0.163295 -3.505599
v -0.000000 0.155063 -3.503022
v -0.000000 0.146988 -3.500286
v -0.000000 0.139067 -3.497392
v -0.000000 0.131302 -3.494340
v -0.000000 0.123693 -3.491130
v -0.000000 0.116239 -3.487762
v -0.000000 0.108941 -3.484236
v -0.000000 0.101798 -3.480551
v -0.000000 0.094811 -3.476709
v -0.000000 0.087980 -3.472708
v -0.000000 0.081304 -3.468550
v -0.000000 0.074783 -3.464234
v -0.000000 0.061165 -3.454123
v -0.000000 0.048732 -3.443421
v -0.000000 0.037482 -3.432126
v -0.000000 0.027417 -3.420239
v -0.000000 0.018535 -3.407760
v -0.000000 0.010838 -3.394689
v -0.000000 0.004325 -3.381026
v -0.000000 -0.001003 -3.366771
v -0.000000 -0.005148 -3.351923
v -0.000000 -0.008108 -3.336484
v -0.000000 -0.009885 -3.320453
v -0.000000 0.045882 -3.305997
v -0.000000 0.046076 -3.312917
v -0.000000 0.046659 -3.319710
v -0.000000 0.047632 -3.326375
v -0.000000 0.048993 -3.332912
v -0.000000 0.050743 -3.339321
v -0.000000 0.052881 -3.345602
v -0.000000 0.055409 -3.351754
v -0.000000 0.058325 -3.357780
v -0.000000 0.061631 -3.363677
v -0.000000 0.065325 -3.369446
v -0.000000 0.069408 -3.375087
v -0.000000 0.073880 -3.380599
v -0.000000 0.078677 -3.385951
v -0.000000 0.083735 -3.391106
v -0.000000 0.089054 -3.396066
v -0.000000 0.094633 -3.400831
v -0.000000 0.100474 -3.405399
v -0.000000 0.106575 -3.409772
v -0.000000 0.112938 -3.413949
v -0.000000 0.119561 -3.417931
v -0.000000 0.126445 -3.421717
v -0.000000 0.133590 -3.425307
v -0.000000 0.140996 -3.428701
v -0.000000 0.148663 -3.431900
v -0.000000 0.156530 -3.434872
v -0.000000 0.164534 -3.437585
v -0.000000 0.172677 -3.440040
v -0.000000 0.180957 -3.442236
v -0.000000 0.189376 -3.444175
v -0.000000 0.197932 -3.445854
v -0.000000 0.206626 -3.447275
v -0.000000 0.215459 -3.448438
v -0.000000 0.224429 -3.449343
v -0.000000 0.233537 -3.449989
v -0.000000 0.242783 -3.450377
v -0.000000 0.252168 -3.450506
v -0.000000 0.261172 -3.450374
v -0.000000 0.269760 -3.449979
v -0.000000 0.277931 -3.449321
v -0.000000 0.285686 -3.448399
v -0.000000 0.293024 -3.447213
v -0.000000 0.299946 -3.445764
v -0.000000 0.306451 -3.444052
v -0.000000 0.312540 -3.442076
v -0.000000 0.318213 -3.439837
v -0.000000 0.323469 -3.437334
v -0.000000 0.328308 -3.434568
v -0.000000 0.332731 -3.431539
v -0.000000 0.336771 -3.428256
v -0.000000 0.340459 -3.424730
v -0.000000 0.343795 -3.420960
v -0.000000 0.346781 -3.416947
v -0.000000 0.349415 -3.412691
v -0.000000 0.351698 -3.408191
v -0.000000 0.353630 -3.403449
v -0.000000 0.355210 -3.398462
v -0.000000 0.356440 -3.393233
v -0.000000 0.357318 -3.387760
v -0.000000 0.357845 -3.382043
v -0.000000 0.358020 -3.376084
v -0.000000 0.357826 -3.369163
v -0.000000 0.357243 -3.362370
v -0.000000 0.356270 -3.355706
v -0.000000 0.354909 -3.349169
v -0.000000 0.353160 -3.342760
v -0.000000 0.351021 -3.336479
v -0.000000 0.348493 -3.330326
v -0.000000 0.345577 -3.324301
v -0.000000 0.342271 -3.318404
v -0.000000 0.338577 -3.312635
v -0.000000 0.334494 -3.306994
v -0.000000 0.330022 -3.301481
v -0.000000 0.325224 -3.296129
v -0.000000 0.320162 -3.290969
v -0.000000 0.314837 -3.286003
v -0.000000 0.309249 -3.281230
v -0.000000 0.303397 -3.276650
v -0.000000 0.297282 -3.272263
v -0.000000 0.290903 -3.268070
v -0.000000 0.284261 -3.264069
v -0.000000 0.277355 -3.260262
v -0.000000 0.270186 -3.256648
v -0.000000 0.262754 -3.253227
v -0.000000 0.255058 -3.250000
v -0.000000 0.247163 -3.246999
v -0.000000 0.239132 -3.244260
v -0.000000 0.230966 -3.241781
v -0.000000 0.222664 -3.239563
v -0.000000 0.214227 -3.237606
v -0.000000 0.205654 -3.235910
v -0.000000 0.196946 -3.234475
v -0.000000 0.188102 -3.233301
v -0.000000 0.179123 -3.232388
v -0.000000 0.170009 -3.231736
v -0.000000 0.160758 -3.231344
v -0.000000 0.151373 -3.231214
v -0.000000 0.142426 -3.231345
v -0.000000 0.133891 -3.231740
v -0.000000 0.125768 -3.232399
v -0.000000 0.118056 -3.233321
v -0.000000 0.110755 -3.234506
v -0.000000 0.103866 -3.235955
v -0.000000 0.097388 -3.237668
v -0.000000 0.091322 -3.239643
v -0.000000 0.085667 -3.241883
v -0.000000 0.080423 -3.244385
v -0.000000 0.075591 -3.247151
v -0.000000 0.071171 -3.250180
v -0.000000 0.067131 -3.253466
v -0.000000 0.063443 -3.256999
v -0.000000 0.060107 -3.260782
v -0.000000 0.057121 -3.264812
v -0.000000 0.054487 -3.269091
v -0.000000 0.052204 -3.273618
v -0.000000 0.050272 -3.278394
v -0.000000 0.048692 -3.283417
v -0.000000 0.047462 -3.288690
v -0.000000 0.046584 -3.294210
v -0.000000 0.046057 -3.299979
v -0.000000 -0.001445 -2.919075
v -0.000000 -0.001400 -2.914273
v -0.000000 -0.001264 -2.909501
v -0.000000 -0.001039 -2.904760
v -0.000000 -0.000722 -2.900048
v -0.000000 -0.000316 -2.895366
v -0.000000 0.000181 -2.890715
v -0.000000 0.000768 -2.886094
v -0.000000 0.001445 -2.881503
v -0.000000 0.002213 -2.876942
v -0.000000 0.003071 -2.872411
v -0.000000 0.004019 -2.867910
v -0.000000 0.005058 -2.863439
v -0.000000 0.006223 -2.859049
v -0.000000 0.007552 -2.854789
v -0.000000 0.009043 -2.850659
v -0.000000 0.010698 -2.846660
v -0.000000 0.012515 -2.842792
v -0.000000 0.014496 -2.839053
v -0.000000 0.016640 -2.835446
v -0.000000 0.018947 -2.831968
v -0.000000 0.021417 -2.828622
v -0.000000 0.024050 -2.825405
v -0.000000 0.026846 -2.822320
v -0.000000 0.029805 -2.819364
v -0.000000 0.032962 -2.816594
v -0.000000 0.036353 -2.814065
v -0.000000 0.039977 -2.811777
v -0.000000 0.043834 -2.809730
v -0.000000 0.047925 -2.807924
v -0.000000 0.052249 -2.806358
v -0.000000 0.056806 -2.805034
v -0.000000 0.061597 -2.803950
v -0.000000 0.066621 -2.803107
v -0.000000 0.071878 -2.802505
v -0.000000 0.077369 -2.802143
v -0.000000 0.083093 -2.802023
v -0.000000 0.085026 -2.802036
v -0.000000 0.086971 -2.802073
v -0.000000 0.088929 -2.802136
v -0.000000 0.090900 -2.802224
v -0.000000 0.092883 -2.802337
v -0.000000 0.094879 -2.802475
v -0.000000 0.096887 -2.802638
v -0.000000 0.098908 -2.802826
v -0.000000 0.100942 -2.803039
v -0.000000 0.102988 -2.803277
v -0.000000 0.105046 -2.803541
v -0.000000 0.107117 -2.803829
v -0.000000 0.109193 -2.804136
v -0.000000 0.111267 -2.804452
v -0.000000 0.113338 -2.804778
v -0.000000 0.115406 -2.805114
v -0.000000 0.117472 -2.805460
v -0.000000 0.119536 -2.805816
v -0.000000 0.121597 -2.806183
v -0.000000 0.123655 -2.806559
v -0.000000 0.125711 -2.806945
v -0.000000 0.127765 -2.807342
v -0.000000 0.129816 -2.807748
v -0.000000 0.131864 -2.808165
v -0.000000 0.352963 -2.851156
v -0.000000 0.352963 -2.743136
v -0.000000 0.404624 -2.753251
v -0.000000 0.404624 -2.861272
v -0.000000 0.519509 -2.883670
v -0.000000 0.519509 -2.950144
v -0.000000 0.404624 -2.928107
v -0.000000 0.404624 -3.078757
v -0.000000 0.352963 -3.068641
v -0.000000 0.352963 -2.917630
v -0.000000 0.131864 -2.874639
v -0.000000 0.130360 -2.874341
v -0.000000 0.128859 -2.874052
v -0.000000 0.127360 -2.873769
v -0.000000 0.125863 -2.873495
v -0.000000 0.124369 -2.873227
v -0.000000 0.122878 -2.872968
v -0.000000 0.121389 -2.872715
v -0.000000 0.119902 -2.872471
v -0.000000 0.118418 -2.872234
v -0.000000 0.116937 -2.872004
v -0.000000 0.115458 -2.871782
v -0.000000 0.113981 -2.871568
v -0.000000 0.112512 -2.871366
v -0.000000 0.111056 -2.871181
v -0.000000 0.109612 -2.871015
v -0.000000 0.108181 -2.870865
v -0.000000 0.106762 -2.870734
v -0.000000 0.105356 -2.870620
v -0.000000 0.103962 -2.870523
v -0.000000 0.102581 -2.870444
v -0.000000 0.101213 -2.870383
v -0.000000 0.099857 -2.870339
v -0.000000 0.098513 -2.870312
v -0.000000 0.097182 -2.870303
v -0.000000 0.093769 -2.870369
v -0.000000 0.090514 -2.870564
v -0.000000 0.087417 -2.870891
v -0.000000 0.084477 -2.871347
v -0.000000 0.081696 -2.871934
v -0.000000 0.079073 -2.872652
v -0.000000 0.076609 -2.873500
v -0.000000 0.074302 -2.874478
v -0.000000 0.072153 -2.875587
v -0.000000 0.070162 -2.876826
v -0.000000 0.068329 -2.878196
v -0.000000 0.066655 -2.879696
v -0.000000 0.065107 -2.881299
v -0.000000 0.063654 -2.882978
v -0.000000 0.062297 -2.884732
v -0.000000 0.061035 -2.886560
v -0.000000 0.059868 -2.888465
v -0.000000 0.058797 -2.890444
v -0.000000 0.057821 -2.892499
v -0.000000 0.056941 -2.894629
v -0.000000 0.056155 -2.896834
v -0.000000 0.055465 -2.899115
v -0.000000 0.054871 -2.901470
v -0.000000 0.054372 -2.903902
v -0.000000 0.053939 -2.906383
v -0.000000 0.053544 -2.908889
v -0.000000 0.053186 -2.911421
v -0.000000 0.052866 -2.913977
v -0.000000 0.052584 -2.916559
v -0.000000 0.052339 -2.919165
v -0.000000 0.052132 -2.921797
v -0.000000 0.051963 -2.924454
v -0.000000 0.051831 -2.927136
v -0.000000 0.051737 -2.929843
v -0.000000 0.051681 -2.932575
v -0.000000 0.051662 -2.935332
v -0.000000 0.051662 -3.010116
v -0.000000 -0.001445 -2.999639
v -0.000000 -0.001445 -2.028179
v -0.000000 -0.001400 -2.023377
v -0.000000 -0.001264 -2.018605
v -0.000000 -0.001039 -2.013864
v -0.000000 -0.000722 -2.009152
v -0.000000 -0.000316 -2.004471
v -0.000000 0.000181 -1.999819
v -0.000000 0.000768 -1.995198
v -0.000000 0.001445 -1.990607
v -0.000000 0.002213 -1.986046
v -0.000000 0.003071 -1.981515
v -0.000000 0.004019 -1.977014
v -0.000000 0.005058 -1.972543
v -0.000000 0.006223 -1.968153
v -0.000000 0.007552 -1.963893
v -0.000000 0.009043 -1.959763
v -0.000000 0.010698 -1.955764
v -0.000000 0.012515 -1.951896
v -0.000000 0.014496 -1.948158
v -0.000000 0.016640 -1.944550
v -0.000000 0.018947 -1.941073
v -0.000000 0.021417 -1.937726
v -0.000000 0.024050 -1.934510
v -0.000000 0.026846 -1.931424
v -0.000000 0.029805 -1.928468
v -0.000000 0.032962 -1.925699
v -0.000000 0.036353 -1.923170
v -0.000000 0.039977 -1.920882
v -0.000000 0.043834 -1.918834
v -0.000000 0.047925 -1.917028
v -0.000000 0.052249 -1.915462
v -0.000000 0.056806 -1.914138
v -0.000000 0.061597 -1.913054
v -0.000000 0.066621 -1.912211
v -0.000000 0.071878 -1.911609
v -0.000000 0.077369 -1.911248
v -0.000000 0.083093 -1.911127
v -0.000000 0.085026 -1.911140
v -0.000000 0.086971 -1.911177
v -0.000000 0.088929 -1.911240
v -0.000000 0.090900 -1.911328
v -0.000000 0.092883 -1.911441
v -0.000000 0.094879 -1.911579
v -0.000000 0.096887 -1.911742
v -0.000000 0.098908 -1.911930
v -0.000000 0.100942 -1.912143
v -0.000000 0.102988 -1.912382
v -0.000000 0.105046 -1.912645
v -0.000000 0.107117 -1.912934
v -0.000000 0.109193 -1.913240
v -0.000000 0.111267 -1.913556
v -0.000000 0.113338 -1.913882
v -0.000000 0.115406 -1.914218
v -0.000000 0.117472 -1.914564
v -0.000000 0.119536 -1.914921
v -0.000000 0.121597 -1.915287
v -0.000000 0.123655 -1.915663
v -0.000000 0.125711 -1.916050
v -0.000000 0.127765 -1.916446
v -0.000000 0.129816 -1.916852
v -0.000000 0.131864 -1.917269
v -0.000000 0.352963 -1.960260
v -0.000000 0.352963 -1.852240
v -0.000000 0.404624 -1.862355
v -0.000000 0.404624 -1.970376
v -0.000000 0.519509 -1.992775
v -0.000000 0.519509 -2.059248
v -0.000000 0.404624 -2.037211
v -0.000000 0.404624 -2.187861
v -0.000000 0.352963 -2.177746
v -0.000000 0.352963 -2.026734
v -0.000000 0.131864 -1.983743
v -0.000000 0.130360 -1.983446
v -0.000000 0.128859 -1.983156
v -0.000000 0.127360 -1.982873
v -0.000000 0.125863 -1.982599
v -0.000000 0.124369 -1.982332
v -0.000000 0.122878 -1.982072
v -0.000000 0.121389 -1.981820
v -0.000000 0.119902 -1.981575
v -0.000000 0.118418 -1.981338
v -0.000000 0.116937 -1.981108
v -0.000000 0.115458 -1.980886
v -0.000000 0.113981 -1.980672
v -0.000000 0.112512 -1.980470
v -0.000000 0.111056 -1.980286
v -0.000000 0.109612 -1.980119
v -0.000000 0.108181 -1.979970
v -0.000000 0.106762 -1.979838
v -0.000000 0.105356 -1.979724
v -0.000000 0.103962 -1.979627
v -0.000000 0.102581 -1.979548
v -0.000000 0.101213 -1.979486
v -0.000000 0.099857 -1.979443
v -0.000000 0.098513 -1.979416
v -0.000000 0.097182 -1.979408
v -0.000000 0.093769 -1.979473
v -0.000000 0.090514 -1.979668
v -0.000000 0.087417 -1.979995
v -0.000000 0.084477 -1.980451
v -0.000000 0.081696 -1.981038
v -0.000000 0.079073 -1.981756
v -0.000000 0.076608 -1.982604
v -0.000000 0.074302 -1.983582
v -0.000000 0.072153 -1.984691
v -0.000000 0.070162 -1.985930
v -0.000000 0.068329 -1.987300
v -0.000000 0.066655 -1.988801
v -0.000000 0.065107 -1.990404
v -0.000000 0.063654 -1.992082
v -0.000000 0.062297 -1.993836
v -0.000000 0.061035 -1.995665
v -0.000000 0.059868 -1.997569
v -0.000000 0.058797 -1.999548
v -0.000000 0.057821 -2.001603
v -0.000000 0.056941 -2.003733
v -0.000000 0.056155 -2.005939
v -0.000000 0.055465 -2.008219
v -0.000000 0.054871 -2.010575
v -0.000000 0.054371 -2.013006
v -0.000000 0.053939 -2.015487
v -0.000000 0.053544 -2.017993
v -0.000000 0.053186 -2.020525
v -0.000000 0.052866 -2.023081
v -0.000000 0.052584 -2.025663
v -0.000000 0.052339 -2.028270
v -0.000000 0.052132 -2.030901
v -0.000000 0.051963 -2.033558
v -0.000000 0.051831 -2.036240
v -0.000000 0.051737 -2.038947
v -0.000000 0.051681 -2.041679
v -0.000000 0.051662 -2.044436
v -0.000000 0.051662 -2.119220
v -0.000000 -0.001445 -2.108743
v -0.000000 -0.010477 -1.522038
v -0.000000 -0.010203 -1.510589
v -0.000000 -0.009383 -1.499604
v -0.000000 -0.008016 -1.489083
v -0.000000 -0.006101 -1.479026
v -0.000000 -0.003640 -1.469434
v -0.000000 -0.000632 -1.460305
v -0.000000 0.002923 -1.451641
v -0.000000 0.007025 -1.443441
v -0.000000 0.011674 -1.435705
v -0.000000 0.016869 -1.428433
v -0.000000 0.022612 -1.421625
v -0.000000 0.028902 -1.415282
v -0.000000 0.035713 -1.409425
v -0.000000 0.043021 -1.404077
v -0.000000 0.050826 -1.399239
v -0.000000 0.059128 -1.394910
v -0.000000 0.067927 -1.391090
v -0.000000 0.077222 -1.387780
v -0.000000 0.087014 -1.384979
v -0.000000 0.097303 -1.382687
v -0.000000 0.108088 -1.380905
v -0.000000 0.119370 -1.379631
v -0.000000 0.131149 -1.378867
v -0.000000 0.143425 -1.378613
v -0.000000 0.152082 -1.378727
v -0.000000 0.160711 -1.379069
v -0.000000 0.169312 -1.379640
v -0.000000 0.177886 -1.380439
v -0.000000 0.186433 -1.381467
v -0.000000 0.194951 -1.382722
v -0.000000 0.203442 -1.384206
v -0.000000 0.211906 -1.385919
v -0.000000 0.220342 -1.387859
v -0.000000 0.228750 -1.390028
v -0.000000 0.237131 -1.392425
v -0.000000 0.245484 -1.395051
v -0.000000 0.253749 -1.397877
v -0.000000 0.261867 -1.400876
v -0.000000 0.269836 -1.404049
v -0.000000 0.277657 -1.407394
v -0.000000 0.285331 -1.410913
v -0.000000 0.292856 -1.414604
v -0.000000 0.300233 -1.418469
v -0.000000 0.307462 -1.422507
v -0.000000 0.314543 -1.426718
v -0.000000 0.321477 -1.431103
v -0.000000 0.328262 -1.435660
v -0.000000 0.334899 -1.440390
v -0.000000 0.341324 -1.445262
v -0.000000 0.347473 -1.450245
v -0.000000 0.353346 -1.455338
v -0.000000 0.358944 -1.460541
v -0.000000 0.364265 -1.465855
v -0.000000 0.369310 -1.471279
v -0.000000 0.374079 -1.476814
v -0.000000 0.378573 -1.482459
v -0.000000 0.382790 -1.488214
v -0.000000 0.386731 -1.494080
v -0.000000 0.390397 -1.500056
v -0.000000 0.393786 -1.506142
v -0.000000 0.397075 -1.512614
v -0.000000 0.400078 -1.519268
v -0.000000 0.402795 -1.526102
v -0.000000 0.405226 -1.533117
v -0.000000 0.407372 -1.540312
v -0.000000 0.409231 -1.547688
v -0.000000 0.410804 -1.555245
v -0.000000 0.412091 -1.562982
v -0.000000 0.413092 -1.570900
v -0.000000 0.413807 -1.578998
v -0.000000 0.414236 -1.587277
v -0.000000 0.414379 -1.595737
v -0.000000 0.414108 -1.607129
v -0.000000 0.413295 -1.618061
v -0.000000 0.411940 -1.628534
v -0.000000 0.410043 -1.638548
v -0.000000 0.407605 -1.648103
v -0.000000 0.404624 -1.657198
v -0.000000 0.401102 -1.665835
v -0.000000 0.397038 -1.674013
v -0.000000 0.392431 -1.681731
v -0.000000 0.387283 -1.688990
v -0.000000 0.381593 -1.695790
v -0.000000 0.375361 -1.702132
v -0.000000 0.368610 -1.707988
v -0.000000 0.361362 -1.713336
v -0.000000 0.353617 -1.718174
v -0.000000 0.345376 -1.722503
v -0.000000 0.336638 -1.726323
v -0.000000 0.327403 -1.729633
v -0.000000 0.317671 -1.732435
v -0.000000 0.307442 -1.734726
v -0.000000 0.296717 -1.736509
v -0.000000 0.285495 -1.737782
v -0.000000 0.273776 -1.738546
v -0.000000 0.261561 -1.738801
v -0.000000 0.253482 -1.738697
v -0.000000 0.245384 -1.738384
v -0.000000 0.237265 -1.737864
v -0.000000 0.229127 -1.737135
v -0.000000 0.220968 -1.736198
v -0.000000 0.212789 -1.735052
v -0.000000 0.204590 -1.733699
v -0.000000 0.196371 -1.732137
v -0.000000 0.188132 -1.730367
v -0.000000 0.179873 -1.728389
v -0.000000 0.171594 -1.726202
v -0.000000 0.163295 -1.723808
v -0.000000 0.155063 -1.721230
v -0.000000 0.146987 -1.718494
v -0.000000 0.139067 -1.715600
v -0.000000 0.131302 -1.712548
v -0.000000 0.123693 -1.709338
v -0.000000 0.116239 -1.705970
v -0.000000 0.108941 -1.702444
v -0.000000 0.101798 -1.698760
v -0.000000 0.094811 -1.694917
v -0.000000 0.087980 -1.690917
v -0.000000 0.081304 -1.686759
v -0.000000 0.074783 -1.682442
v -0.000000 0.061165 -1.672332
v -0.000000 0.048732 -1.661629
v -0.000000 0.037482 -1.650334
v -0.000000 0.027417 -1.638447
v -0.000000 0.018535 -1.625968
v -0.000000 0.010838 -1.612897
v -0.000000 0.004325 -1.599234
v -0.000000 -0.001003 -1.584979
v -0.000000 -0.005148 -1.570132
v -0.000000 -0.008108 -1.554693
v -0.000000 -0.009885 -1.538661
v -0.000000 0.045882 -1.524205
v -0.000000 0.046076 -1.531126
v -0.000000 0.046659 -1.537918
v -0.000000 0.047631 -1.544583
v -0.000000 0.048993 -1.551120
v -0.000000 0.050742 -1.557529
v -0.000000 0.052881 -1.563810
v -0.000000 0.055409 -1.569963
v -0.000000 0.058325 -1.575987
v -0.000000 0.061631 -1.581885
v -0.000000 0.065325 -1.587654
v -0.000000 0.069408 -1.593295
v -0.000000 0.073880 -1.598808
v -0.000000 0.078677 -1.604159
v -0.000000 0.083735 -1.609315
v -0.000000 0.089054 -1.614275
v -0.000000 0.094633 -1.619039
v -0.000000 0.100474 -1.623608
v -0.000000 0.106575 -1.627981
v -0.000000 0.112938 -1.632158
v -0.000000 0.119561 -1.636139
v -0.000000 0.126445 -1.639925
v -0.000000 0.133590 -1.643515
v -0.000000 0.140996 -1.646910
v -0.000000 0.148663 -1.650108
v -0.000000 0.156530 -1.653080
v -0.000000 0.164534 -1.655793
v -0.000000 0.172677 -1.658248
v -0.000000 0.180957 -1.660445
v -0.000000 0.189375 -1.662383
v -0.000000 0.197932 -1.664062
v -0.000000 0.206626 -1.665484
v -0.000000 0.215458 -1.666647
v -0.000000 0.224429 -1.667551
v -0.000000 0.233537 -1.668197
v -0.000000 0.242783 -1.668585
v -0.000000 0.252168 -1.668714
v -0.000000 0.261172 -1.668582
v -0.000000 0.269760 -1.668187
v -0.000000 0.277931 -1.667529
v -0.000000 0.285686 -1.666607
v -0.000000 0.293024 -1.665421
v -0.000000 0.299946 -1.663972
v -0.000000 0.306451 -1.662260
v -0.000000 0.312540 -1.660284
v -0.000000 0.318213 -1.658045
v -0.000000 0.323469 -1.655543
v -0.000000 0.328308 -1.652777
v -0.000000 0.332731 -1.649747
v -0.000000 0.336770 -1.646464
v -0.000000 0.340458 -1.642938
v -0.000000 0.343795 -1.639169
v -0.000000 0.346781 -1.635156
v -0.000000 0.349415 -1.630900
v -0.000000 0.351698 -1.626400
v -0.000000 0.353630 -1.621657
v -0.000000 0.355210 -1.616671
v -0.000000 0.356440 -1.611441
v -0.000000 0.357318 -1.605968
v -0.000000 0.357845 -1.600252
v -0.000000 0.358020 -1.594292
v -0.000000 0.357826 -1.587371
v -0.000000 0.357243 -1.580579
v -0.000000 0.356270 -1.573914
v -0.000000 0.354909 -1.567377
v -0.000000 0.353159 -1.560968
v -0.000000 0.351021 -1.554688
v -0.000000 0.348493 -1.548535
v -0.000000 0.345576 -1.542510
v -0.000000 0.342271 -1.536613
v -0.000000 0.338577 -1.530844
v -0.000000 0.334494 -1.525203
v -0.000000 0.330022 -1.519689
v -0.000000 0.325224 -1.514337
v -0.000000 0.320162 -1.509177
v -0.000000 0.314837 -1.504211
v -0.000000 0.309249 -1.499438
v -0.000000 0.303397 -1.494858
v -0.000000 0.297282 -1.490471
v -0.000000 0.290903 -1.486278
v -0.000000 0.284261 -1.482278
v -0.000000 0.277355 -1.478470
v -0.000000 0.270186 -1.474856
v -0.000000 0.262754 -1.471436
v -0.000000 0.255058 -1.468208
v -0.000000 0.247163 -1.465208
v -0.000000 0.239132 -1.462468
v -0.000000 0.230966 -1.459989
v -0.000000 0.222664 -1.457771
v -0.000000 0.214227 -1.455814
v -0.000000 0.205654 -1.454118
v -0.000000 0.196946 -1.452683
v -0.000000 0.188102 -1.451509
v -0.000000 0.179123 -1.450596
v -0.000000 0.170008 -1.449944
v -0.000000 0.160758 -1.449552
v -0.000000 0.151373 -1.449422
v -0.000000 0.142426 -1.449554
v -0.000000 0.133891 -1.449949
v -0.000000 0.125768 -1.450607
v -0.000000 0.118056 -1.451529
v -0.000000 0.110755 -1.452715
v -0.000000 0.103866 -1.454164
v -0.000000 0.097388 -1.455876
v -0.000000 0.091322 -1.457852
v -0.000000 0.085667 -1.460091
v -0.000000 0.080423 -1.462593
v -0.000000 0.075591 -1.465359
v -0.000000 0.071171 -1.468389
v -0.000000 0.067131 -1.471674
v -0.000000 0.063443 -1.475208
v -0.000000 0.060107 -1.478990
v -0.000000 0.057121 -1.483020
v -0.000000 0.054487 -1.487299
v -0.000000 0.052204 -1.491826
v -0.000000 0.050272 -1.496602
v -0.000000 0.048691 -1.501626
v -0.000000 0.047462 -1.506898
v -0.000000 0.046584 -1.512419
v -0.000000 0.046057 -1.518188
v -0.000000 -0.010477 -1.076590
v -0.000000 -0.010203 -1.065140
v -0.000000 -0.009383 -1.054156
v -0.000000 -0.008016 -1.043635
v -0.000000 -0.006101 -1.033578
v -0.000000 -0.003640 -1.023986
v -0.000000 -0.000632 -1.014857
v -0.000000 0.002923 -1.006193
v -0.000000 0.007025 -0.997993
v -0.000000 0.011674 -0.990257
v -0.000000 0.016869 -0.982985
v -0.000000 0.022612 -0.976177
v -0.000000 0.028902 -0.969834
v -0.000000 0.035713 -0.963977
v -0.000000 0.043021 -0.958629
v -0.000000 0.050826 -0.953791
v -0.000000 0.059128 -0.949462
v -0.000000 0.067927 -0.945642
v -0.000000 0.077222 -0.942332
v -0.000000 0.087014 -0.939531
v -0.000000 0.097303 -0.937239
v -0.000000 0.108088 -0.935457
v -0.000000 0.119370 -0.934183
v -0.000000 0.131149 -0.933419
v -0.000000 0.143425 -0.933165
v -0.000000 0.152082 -0.933279
v -0.000000 0.160711 -0.933621
v -0.000000 0.169312 -0.934192
v -0.000000 0.177886 -0.934991
v -0.000000 0.186433 -0.936019
v -0.000000 0.194951 -0.937274
v -0.000000 0.203442 -0.938758
v -0.000000 0.211906 -0.940470
v -0.000000 0.220342 -0.942411
v -0.000000 0.228750 -0.944580
v -0.000000 0.237131 -0.946977
v -0.000000 0.245484 -0.949603
v -0.000000 0.253749 -0.952429
v -0.000000 0.261867 -0.955428
v -0.000000 0.269836 -0.958601
v -0.000000 0.277657 -0.961946
v -0.000000 0.285331 -0.965465
v -0.000000 0.292856 -0.969156
v -0.000000 0.300233 -0.973021
v -0.000000 0.307462 -0.977059
v -0.000000 0.314543 -0.981270
v -0.000000 0.321477 -0.985655
v -0.000000 0.328262 -0.990212
v -0.000000 0.334899 -0.994942
v -0.000000 0.341324 -0.999814
v -0.000000 0.347473 -1.004797
v -0.000000 0.353346 -1.009890
v -0.000000 0.358943 -1.015093
v -0.000000 0.364265 -1.020407
v -0.000000 0.369310 -1.025831
v -0.000000 0.374079 -1.031366
v -0.000000 0.378573 -1.037011
v -0.000000 0.382790 -1.042766
v -0.000000 0.386731 -1.048632
v -0.000000 0.390397 -1.054608
v -0.000000 0.393786 -1.060694
v -0.000000 0.397075 -1.067166
v -0.000000 0.400078 -1.073820
v -0.000000 0.402795 -1.080654
v -0.000000 0.405226 -1.087669
v -0.000000 0.407372 -1.094864
v -0.000000 0.409231 -1.102240
v -0.000000 0.410804 -1.109797
v -0.000000 0.412091 -1.117534
v -0.000000 0.413092 -1.125452
v -0.000000 0.413807 -1.133550
v -0.000000 0.414236 -1.141829
v -0.000000 0.414379 -1.150289
v -0.000000 0.414108 -1.161680
v -0.000000 0.413295 -1.172613
v -0.000000 0.411940 -1.183086
v -0.000000 0.410043 -1.193100
v -0.000000 0.407605 -1.202654
v -0.000000 0.404624 -1.211750
v -0.000000 0.401102 -1.220387
v -0.000000 0.397038 -1.228565
v -0.000000 0.392431 -1.236283
v -0.000000 0.387283 -1.243542
v -0.000000 0.381593 -1.250342
v -0.000000 0.375361 -1.256684
v -0.000000 0.368610 -1.262540
v -0.000000 0.361362 -1.267888
v -0.000000 0.353617 -1.272726
v -0.000000 0.345376 -1.277055
v -0.000000 0.336638 -1.280875
v -0.000000 0.327403 -1.284185
v -0.000000 0.317671 -1.286986
v -0.000000 0.307442 -1.289278
v -0.000000 0.296717 -1.291061
v -0.000000 0.285495 -1.292334
v -0.000000 0.273776 -1.293098
v -0.000000 0.261561 -1.293353
v -0.000000 0.253482 -1.293249
v -0.000000 0.245384 -1.292936
v -0.000000 0.237265 -1.292416
v -0.000000 0.229127 -1.291687
v -0.000000 0.220968 -1.290750
v -0.000000 0.212789 -1.289604
v -0.000000 0.204590 -1.288251
v -0.000000 0.196371 -1.286689
v -0.000000 0.188132 -1.284919
v -0.000000 0.179873 -1.282941
v -0.000000 0.171594 -1.280755
v -0.000000 0.163295 -1.278360
v -0.000000 0.155063 -1.275782
v -0.000000 0.146987 -1.273046
v -0.000000 0.139067 -1.270152
v -0.000000 0.131302 -1.267100
v -0.000000 0.123693 -1.263890
v -0.000000 0.116239 -1.260522
v -0.000000 0.108941 -1.256996
v -0.000000 0.101798 -1.253312
v -0.000000 0.094811 -1.249470
v -0.000000 0.087980 -1.245469
v -0.000000 0.081304 -1.241311
v -0.000000 0.074783 -1.236994
v -0.000000 0.061165 -1.226884
v -0.000000 0.048732 -1.216181
v -0.000000 0.037482 -1.204886
v -0.000000 0.027417 -1.192999
v -0.000000 0.018535 -1.180520
v -0.000000 0.010838 -1.167449
v -0.000000 0.004325 -1.153786
v -0.000000 -0.001003 -1.139531
v -0.000000 -0.005148 -1.124684
v -0.000000 -0.008108 -1.109244
v -0.000000 -0.009885 -1.093213
v -0.000000 0.045882 -1.078757
v -0.000000 0.046076 -1.085678
v -0.000000 0.046659 -1.092471
v -0.000000 0.047631 -1.099135
v -0.000000 0.048992 -1.105672
v -0.000000 0.050742 -1.112081
v -0.000000 0.052881 -1.118362
v -0.000000 0.055409 -1.124515
v -0.000000 0.058325 -1.130540
v -0.000000 0.061631 -1.136437
v -0.000000 0.065325 -1.142206
v -0.000000 0.069408 -1.147847
v -0.000000 0.073880 -1.153360
v -0.000000 0.078677 -1.158711
v -0.000000 0.083735 -1.163867
v -0.000000 0.089054 -1.168827
v -0.000000 0.094633 -1.173591
v -0.000000 0.100474 -1.178160
v -0.000000 0.106575 -1.182532
v -0.000000 0.112938 -1.186710
v -0.000000 0.119561 -1.190691
v -0.000000 0.126445 -1.194477
v -0.000000 0.133590 -1.198067
v -0.000000 0.140996 -1.201462
v -0.000000 0.148663 -1.204660
v -0.000000 0.156530 -1.207632
v -0.000000 0.164534 -1.210345
v -0.000000 0.172677 -1.212800
v -0.000000 0.180957 -1.214997
v -0.000000 0.189375 -1.216935
v -0.000000 0.197932 -1.218614
v -0.000000 0.206626 -1.220036
v -0.000000 0.215458 -1.221199
v -0.000000 0.224429 -1.222103
v -0.000000 0.233537 -1.222749
v -0.000000 0.242783 -1.223137
v -0.000000 0.252168 -1.223266
v -0.000000 0.261172 -1.223134
v -0.000000 0.269760 -1.222739
v -0.000000 0.277931 -1.222080
v -0.000000 0.285686 -1.221159
v -0.000000 0.293024 -1.219973
v -0.000000 0.299946 -1.218524
v -0.000000 0.306451 -1.216812
v -0.000000 0.312540 -1.214836
v -0.000000 0.318213 -1.212597
v -0.000000 0.323469 -1.210095
v -0.000000 0.328308 -1.207329
v -0.000000 0.332731 -1.204299
v -0.000000 0.336770 -1.201016
v -0.000000 0.340458 -1.197490
v -0.000000 0.343795 -1.193721
v -0.000000 0.346781 -1.189708
v -0.000000 0.349415 -1.185452
v -0.000000 0.351698 -1.180952
v -0.000000 0.353630 -1.176209
v -0.000000 0.355210 -1.171223
v -0.000000 0.356440 -1.165993
v -0.000000 0.357318 -1.160520
v -0.000000 0.357845 -1.154804
v -0.000000 0.358020 -1.148844
v -0.000000 0.357826 -1.141923
v -0.000000 0.357243 -1.135131
v -0.000000 0.356270 -1.128466
v -0.000000 0.354909 -1.121929
v -0.000000 0.353159 -1.115520
v -0.000000 0.351021 -1.109240
v -0.000000 0.348493 -1.103087
v -0.000000 0.345576 -1.097062
v -0.000000 0.342271 -1.091165
v -0.000000 0.338577 -1.085396
v -0.000000 0.334494 -1.079755
v -0.000000 0.330022 -1.074241
v -0.000000 0.325224 -1.068889
v -0.000000 0.320162 -1.063729
v -0.000000 0.314837 -1.058763
v -0.000000 0.309249 -1.053990
v -0.000000 0.303397 -1.049410
v -0.000000 0.297282 -1.045024
v -0.000000 0.290903 -1.040830
v -0.000000 0.284261 -1.036830
v -0.000000 0.277355 -1.033023
v -0.000000 0.270186 -1.029409
v -0.000000 0.262754 -1.025988
v -0.000000 0.255058 -1.022760
v -0.000000 0.247163 -1.019760
v -0.000000 0.239132 -1.017020
v -0.000000 0.230966 -1.014541
v -0.000000 0.222664 -1.012323
v -0.000000 0.214227 -1.010366
v -0.000000 0.205654 -1.008670
v -0.000000 0.196946 -1.007235
v -0.000000 0.188102 -1.006061
v -0.000000 0.179123 -1.005148
v -0.000000 0.170008 -1.004496
v -0.000000 0.160758 -1.004104
v -0.000000 0.151373 -1.003974
v -0.000000 0.142426 -1.004106
v -0.000000 0.133891 -1.004501
v -0.000000 0.125768 -1.005159
v -0.000000 0.118056 -1.006081
v -0.000000 0.110755 -1.007267
v -0.000000 0.103866 -1.008716
v -0.000000 0.097388 -1.010428
v -0.000000 0.091321 -1.012404
v -0.000000 0.085667 -1.014643
v -0.000000 0.080423 -1.017145
v -0.000000 0.075591 -1.019911
v -0.000000 0.071171 -1.022941
v -0.000000 0.067131 -1.026226
v -0.000000 0.063443 -1.029760
v -0.000000 0.060107 -1.033542
v -0.000000 0.057121 -1.037572
v -0.000000 0.054487 -1.041851
v -0.000000 0.052204 -1.046378
v -0.000000 0.050272 -1.051154
v -0.000000 0.048691 -1.056178
v -0.000000 0.047462 -1.061450
v -0.000000 0.046584 -1.066971
v -0.000000 0.046057 -1.072740
v -0.000000 0.562139 -0.585260
v -0.000000 0.562139 -0.651734
v -0.000000 0.343931 -0.609827
v -0.000000 0.355183 -0.618951
v -0.000000 0.365456 -0.628382
v -0.000000 0.374752 -0.638119
v -0.000000 0.383068 -0.648162
v -0.000000 0.390407 -0.658510
v -0.000000 0.396767 -0.669165
v -0.000000 0.402148 -0.680127
v -0.000000 0.406551 -0.691394
v -0.000000 0.409976 -0.702967
v -0.000000 0.412422 -0.714846
v -0.000000 0.413889 -0.727032
v -0.000000 0.414379 -0.739523
v -0.000000 0.414187 -0.747385
v -0.000000 0.413611 -0.754952
v -0.000000 0.412651 -0.762227
v -0.000000 0.411308 -0.769208
v -0.000000 0.409580 -0.775895
v -0.000000 0.407469 -0.782289
v -0.000000 0.404974 -0.788389
v -0.000000 0.402095 -0.794196
v -0.000000 0.398833 -0.799709
v -0.000000 0.395186 -0.804928
v -0.000000 0.391156 -0.809854
v -0.000000 0.386741 -0.814487
v -0.000000 0.381981 -0.818786
v -0.000000 0.376912 -0.822711
v -0.000000 0.371534 -0.826262
v -0.000000 0.365848 -0.829440
v -0.000000 0.359853 -0.832243
v -0.000000 0.353550 -0.834673
v -0.000000 0.346937 -0.836729
v -0.000000 0.340017 -0.838411
v -0.000000 0.332788 -0.839720
v -0.000000 0.325250 -0.840654
v -0.000000 0.317404 -0.841215
v -0.000000 0.309249 -0.841402
v -0.000000 0.307430 -0.841390
v -0.000000 0.305586 -0.841357
v -0.000000 0.303717 -0.841300
v -0.000000 0.301822 -0.841221
v -0.000000 0.299903 -0.841119
v -0.000000 0.297959 -0.840995
v -0.000000 0.295989 -0.840849
v -0.000000 0.293995 -0.840679
v -0.000000 0.291975 -0.840487
v -0.000000 0.289931 -0.840273
v -0.000000 0.287861 -0.840036
v -0.000000 0.285766 -0.839776
v -0.000000 0.283601 -0.839489
v -0.000000 0.281320 -0.839169
v -0.000000 0.278924 -0.838816
v -0.000000 0.276413 -0.838431
v -0.000000 0.273786 -0.838014
v -0.000000 0.271044 -0.837563
v -0.000000 0.268187 -0.837080
v -0.000000 0.265214 -0.836565
v -0.000000 0.262125 -0.836016
v -0.000000 0.258921 -0.835436
v -0.000000 0.255602 -0.834822
v -0.000000 0.252168 -0.834176
v -0.000000 0.000000 -0.785043
v -0.000000 0.000000 -0.718569
v -0.000000 0.251084 -0.767341
v -0.000000 0.251583 -0.767464
v -0.000000 0.252117 -0.767592
v -0.000000 0.252687 -0.767725
v -0.000000 0.253292 -0.767863
v -0.000000 0.253931 -0.768006
v -0.000000 0.254606 -0.768154
v -0.000000 0.255316 -0.768307
v -0.000000 0.256061 -0.768465
v -0.000000 0.256842 -0.768628
v -0.000000 0.257657 -0.768796
v -0.000000 0.258507 -0.768969
v -0.000000 0.259393 -0.769147
v -0.000000 0.260839 -0.769446
v -0.000000 0.262288 -0.769740
v -0.000000 0.263740 -0.770028
v -0.000000 0.265194 -0.770311
v -0.000000 0.266650 -0.770590
v -0.000000 0.268109 -0.770863
v -0.000000 0.269570 -0.771132
v -0.000000 0.271034 -0.771395
v -0.000000 0.272500 -0.771654
v -0.000000 0.273969 -0.771907
v -0.000000 0.275441 -0.772155
v -0.000000 0.276915 -0.772399
v -0.000000 0.278396 -0.772630
v -0.000000 0.279890 -0.772840
v -0.000000 0.281397 -0.773031
v -0.000000 0.282916 -0.773202
v -0.000000 0.284447 -0.773352
v -0.000000 0.285992 -0.773483
v -0.000000 0.287548 -0.773593
v -0.000000 0.289118 -0.773683
v -0.000000 0.290699 -0.773754
v -0.000000 0.292294 -0.773804
v -0.000000 0.293901 -0.773834
v -0.000000 0.295520 -0.773844
v -0.000000 0.305272 -0.773405
v -0.000000 0.314176 -0.772088
v -0.000000 0.322232 -0.769892
v -0.000000 0.329440 -0.766819
v -0.000000 0.335800 -0.762868
v -0.000000 0.341311 -0.758038
v -0.000000 0.345975 -0.752331
v -0.000000 0.349791 -0.745745
v -0.000000 0.352759 -0.738281
v -0.000000 0.354879 -0.729939
v -0.000000 0.356151 -0.720719
v -0.000000 0.356575 -0.710621
v -0.000000 0.356338 -0.702949
v -0.000000 0.355627 -0.695468
v -0.000000 0.354441 -0.688177
v -0.000000 0.352782 -0.681077
v -0.000000 0.350648 -0.674168
v -0.000000 0.348040 -0.667449
v -0.000000 0.344958 -0.660921
v -0.000000 0.341402 -0.654584
v -0.000000 0.337371 -0.648438
v -0.000000 0.332867 -0.642482
v -0.000000 0.327888 -0.636716
v -0.000000 0.322435 -0.631142
v -0.000000 0.316568 -0.625810
v -0.000000 0.310347 -0.620775
v -0.000000 0.303773 -0.616036
v -0.000000 0.296845 -0.611593
v -0.000000 0.289563 -0.607446
v -0.000000 0.281927 -0.603595
v -0.000000 0.273938 -0.600040
v -0.000000 0.265595 -0.596781
v -0.000000 0.256898 -0.593818
v -0.000000 0.247847 -0.591151
v -0.000000 0.238443 -0.588780
v -0.000000 0.228685 -0.586705
v -0.000000 0.000000 -0.542269
v -0.000000 0.000000 -0.475795
v -0.000000 -0.010477 -0.157153
v -0.000000 -0.010462 -0.153681
v -0.000000 -0.010417 -0.150249
v -0.000000 -0.010341 -0.146857
v -0.000000 -0.010236 -0.143505
v -0.000000 -0.010101 -0.140193
v -0.000000 -0.009935 -0.136922
v -0.000000 -0.009739 -0.133691
v -0.000000 -0.009513 -0.130499
v -0.000000 -0.009258 -0.127348
v -0.000000 -0.008972 -0.124237
v -0.000000 -0.008655 -0.121166
v -0.000000 -0.008309 -0.118136
v -0.000000 -0.007935 -0.115123
v -0.000000 -0.007537 -0.112105
v -0.000000 -0.007113 -0.109081
v -0.000000 -0.006663 -0.106053
v -0.000000 -0.006189 -0.103020
v -0.000000 -0.005690 -0.099982
v -0.000000 -0.005166 -0.096939
v -0.000000 -0.004616 -0.093890
v -0.000000 -0.004042 -0.090837
v -0.000000 -0.003442 -0.087779
v -0.000000 -0.002817 -0.084716
v -0.000000 -0.002168 -0.081647
v -0.000000 -0.001490 -0.078521
v -0.000000 -0.000783 -0.075405
v -0.000000 -0.000045 -0.072299
v -0.000000 0.000723 -0.069204
v -0.000000 0.001520 -0.066118
v -0.000000 0.002348 -0.063042
v -0.000000 0.003206 -0.059976
v -0.000000 0.004094 -0.056920
v -0.000000 0.005013 -0.053875
v -0.000000 0.005961 -0.050839
v -0.000000 0.006939 -0.047813
v -0.000000 0.007948 -0.044798
v -0.000000 0.008984 -0.041790
v -0.000000 0.010045 -0.038787
v -0.000000 0.011132 -0.035788
v -0.000000 0.012243 -0.032795
v -0.000000 0.013380 -0.029807
v -0.000000 0.014541 -0.026824
v -0.000000 0.015728 -0.023846
v -0.000000 0.016940 -0.020873
v 0.000000 0.018176 -0.017906
v 0.000000 0.019438 -0.014943
v 0.000000 0.020725 -0.011985
v 0.000000 0.022038 -0.009032
v 0.000000 0.097543 -0.023844
v 0.000000 0.093534 -0.029752
v 0.000000 0.089696 -0.035676
v 0.000000 0.086028 -0.041614
v 0.000000 0.082531 -0.047567
v 0.000000 0.079204 -0.053536
v 0.000000 0.076048 -0.059520
v 0.000000 0.073062 -0.065518
v -0.000000 0.070247 -0.071532
v -0.000000 0.067603 -0.077561
v -0.000000 0.065129 -0.083604
v -0.000000 0.062826 -0.089663
v -0.000000 0.060694 -0.095737
v -0.000000 0.059693 -0.098812
v -0.000000 0.058737 -0.101894
v -0.000000 0.057826 -0.104983
v -0.000000 0.056961 -0.108080
v -0.000000 0.056140 -0.111185
v -0.000000 0.055365 -0.114297
v -0.000000 0.054635 -0.117417
v -0.000000 0.053950 -0.120544
v -0.000000 0.053310 -0.123679
v -0.000000 0.052716 -0.126821
v -0.000000 0.052166 -0.129971
v -0.000000 0.051662 -0.133129
v -0.000000 0.051200 -0.136294
v -0.000000 0.050779 -0.139466
v -0.000000 0.050397 -0.142646
v -0.000000 0.050056 -0.145833
v -0.000000 0.049755 -0.149028
v -0.000000 0.049494 -0.152231
v -0.000000 0.049273 -0.155441
v -0.000000 0.049093 -0.158658
v -0.000000 0.048952 -0.161884
v -0.000000 0.048852 -0.165116
v -0.000000 0.048792 -0.168356
v -0.000000 0.048772 -0.171604
v -0.000000 0.048992 -0.181609
v -0.000000 0.049655 -0.191273
v -0.000000 0.050759 -0.200596
v -0.000000 0.052304 -0.209578
v -0.000000 0.054291 -0.218218
v -0.000000 0.056720 -0.226517
v -0.000000 0.059590 -0.234475
v -0.000000 0.062901 -0.242092
v -0.000000 0.066655 -0.249368
v -0.000000 0.070849 -0.256302
v -0.000000 0.075486 -0.262895
v -0.000000 0.080564 -0.269147
v -0.000000 0.085975 -0.275091
v -0.000000 0.091612 -0.280517
v -0.000000 0.097476 -0.285427
v -0.000000 0.103565 -0.289820
v -0.000000 0.109879 -0.293696
v -0.000000 0.116420 -0.297056
v -0.000000 0.123186 -0.299898
v -0.000000 0.130178 -0.302224
v -0.000000 0.137396 -0.304033
v -0.000000 0.144840 -0.305325
v -0.000000 0.152509 -0.306100
v -0.000000 0.160405 -0.306358
v -0.000000 0.165254 -0.306248
v -0.000000 0.169928 -0.305917
v -0.000000 0.174426 -0.305365
v -0.000000 0.178749 -0.304592
v -0.000000 0.182896 -0.303599
v -0.000000 0.186868 -0.302384
v -0.000000 0.190664 -0.300949
v -0.000000 0.194284 -0.299294
v -0.000000 0.197729 -0.297417
v -0.000000 0.200998 -0.295320
v -0.000000 0.204091 -0.293001
v -0.000000 0.207009 -0.290462
v -0.000000 0.208558 -0.288856
v -0.000000 0.210074 -0.287166
v -0.000000 0.211558 -0.285393
v -0.000000 0.213010 -0.283538
v -0.000000 0.214429 -0.281600
v -0.000000 0.215815 -0.279579
v -0.000000 0.217168 -0.277475
v -0.000000 0.218489 -0.275289
v -0.000000 0.219777 -0.273020
v -0.000000 0.221033 -0.270668
v -0.000000 0.222256 -0.268233
v -0.000000 0.223447 -0.265715
v -0.000000 0.224624 -0.263097
v -0.000000 0.225810 -0.260361
v -0.000000 0.227003 -0.257508
v -0.000000 0.228203 -0.254536
v -0.000000 0.229411 -0.251446
v -0.000000 0.230627 -0.248239
v -0.000000 0.231850 -0.244913
v -0.000000 0.233080 -0.241470
v -0.000000 0.234319 -0.237909
v 0.000000 0.235564 -0.234229
v 0.000000 0.236817 -0.230432
v 0.000000 0.238078 -0.226517
v 0.000000 0.250000 -0.190029
v 0.000000 0.251578 -0.185189
v 0.000000 0.253181 -0.180425
v 0.000000 0.254809 -0.175736
v 0.000000 0.256463 -0.171122
v 0.000000 0.258141 -0.166584
v 0.000000 0.259845 -0.162121
v 0.000000 0.261573 -0.157733
v 0.000000 0.263327 -0.153420
v 0.000000 0.265106 -0.149183
v 0.000000 0.266910 -0.145020
v 0.000000 0.268738 -0.140934
v 0.000000 0.270592 -0.136922
v 0.000000 0.272492 -0.133003
v 0.000000 0.274456 -0.129195
v 0.000000 0.276486 -0.125497
v 0.000000 0.278581 -0.121909
v 0.000000 0.280741 -0.118432
v 0.000000 0.282966 -0.115065
v 0.000000 0.285257 -0.111809
v 0.000000 0.287612 -0.108662
v 0.000000 0.290033 -0.105627
v 0.000000 0.292520 -0.102701
v 0.000000 0.295071 -0.099887
v 0.000000 0.297688 -0.097182
v 0.000000 0.299942 -0.095001
v 0.000000 0.302249 -0.092912
v 0.000000 0.304608 -0.090916
v 0.000000 0.307021 -0.089013
v 0.000000 0.309486 -0.087203
v 0.000000 0.312003 -0.085486
v 0.000000 0.314574 -0.083861
v 0.000000 0.317197 -0.082330
v 0.000000 0.319872 -0.080891
v 0.000000 0.322601 -0.079545
v 0.000000 0.325382 -0.078292
v 0.000000 0.328215 -0.077131
v 0.000000 0.331129 -0.076064
v 0.000000 0.334151 -0.075089
v 0.000000 0.337281 -0.074207
v 0.000000 0.340519 -0.073418
v 0.000000 0.343864 -0.072722
v 0.000000 0.347318 -0.072119
v 0.000000 0.350879 -0.071608
v 0.000000 0.354548 -0.071191
v 0.000000 0.358325 -0.070866
v 0.000000 0.362210 -0.070634
v 0.000000 0.366203 -0.070494
v 0.000000 0.370303 -0.070448
v 0.000000 0.376361 -0.070550
v 0.000000 0.382371 -0.070854
v 0.000000 0.388333 -0.071362
v 0.000000 0.394248 -0.072074
v 0.000000 0.400115 -0.072988
v 0.000000 0.405934 -0.074106
v 0.000000 0.411705 -0.075427
v 0.000000 0.417429 -0.076951
v 0.000000 0.423106 -0.078678
v 0.000000 0.428734 -0.080609
v 0.000000 0.434315 -0.082742
v 0.000000 0.439848 -0.085079
v 0.000000 0.445306 -0.087627
v 0.000000 0.450661 -0.090393
v 0.000000 0.455914 -0.093377
v 0.000000 0.461063 -0.096580
v 0.000000 0.466109 -0.100001
v 0.000000 0.471053 -0.103640
v 0.000000 0.475894 -0.107497
v 0.000000 0.480632 -0.111573
v 0.000000 0.485267 -0.115867
v 0.000000 0.489799 -0.120379
v 0.000000 0.494228 -0.125109
v 0.000000 0.498555 -0.130058
v 0.000000 0.502682 -0.135118
v 0.000000 0.506633 -0.140304
v 0.000000 0.510409 -0.145615
v 0.000000 0.514009 -0.151052
v 0.000000 0.517434 -0.156614
v 0.000000 0.520683 -0.162301
v 0.000000 0.523756 -0.168114
v 0.000000 0.526654 -0.174053
v 0.000000 0.529376 -0.180116
v 0.000000 0.531922 -0.186306
v 0.000000 0.534293 -0.192621
v 0.000000 0.536488 -0.199061
v 0.000000 0.538508 -0.205604
v 0.000000 0.540352 -0.212227
v 0.000000 0.542020 -0.218931
v 0.000000 0.543513 -0.225714
v 0.000000 0.544830 -0.232579
v 0.000000 0.545972 -0.239523
v 0.000000 0.546938 -0.246548
v 0.000000 0.547728 -0.253653
v 0.000000 0.548343 -0.260838
v 0.000000 0.548782 -0.268104
v 0.000000 0.549045 -0.275450
v 0.000000 0.549133 -0.282876
v 0.000000 0.549120 -0.285753
v 0.000000 0.549083 -0.288606
v 0.000000 0.549020 -0.291433
v 0.000000 0.548932 -0.294236
v 0.000000 0.548819 -0.297013
v 0.000000 0.548681 -0.299765
v 0.000000 0.548518 -0.302492
v 0.000000 0.548330 -0.305194
v 0.000000 0.548117 -0.307871
v 0.000000 0.547879 -0.310523
v 0.000000 0.547615 -0.313150
v 0.000000 0.547327 -0.315751
v 0.000000 0.547013 -0.318346
v 0.000000 0.546674 -0.320950
v 0.000000 0.546311 -0.323564
v 0.000000 0.545922 -0.326188
v 0.000000 0.545508 -0.328822
v 0.000000 0.545069 -0.331467
v 0.000000 0.544605 -0.334121
v 0.000000 0.544115 -0.336785
v 0.000000 0.543601 -0.339460
v 0.000000 0.543062 -0.342144
v 0.000000 0.542497 -0.344839
v 0.000000 0.541907 -0.347543
v 0.000000 0.540713 -0.352809
v 0.000000 0.539419 -0.358131
v 0.000000 0.538024 -0.363507
v 0.000000 0.536529 -0.368939
v 0.000000 0.534933 -0.374425
v 0.000000 0.533237 -0.379967
v 0.000000 0.531441 -0.385565
v 0.000000 0.529544 -0.391217
v 0.000000 0.527547 -0.396925
v 0.000000 0.525450 -0.402687
v 0.000000 0.523252 -0.408505
v 0.000000 0.520954 -0.414379
v 0.000000 0.446893 -0.400289
v 0.000000 0.450373 -0.395231
v 0.000000 0.453707 -0.390173
v 0.000000 0.456896 -0.385116
v 0.000000 0.459939 -0.380058
v 0.000000 0.462837 -0.375000
v 0.000000 0.465589 -0.369942
v 0.000000 0.468196 -0.364884
v 0.000000 0.470657 -0.359826
v 0.000000 0.472972 -0.354769
v 0.000000 0.475143 -0.349711
v 0.000000 0.477167 -0.344653
v 0.000000 0.479046 -0.339595
v 0.000000 0.480777 -0.334339
v 0.000000 0.482358 -0.329048
v 0.000000 0.483788 -0.323722
v 0.000000 0.485067 -0.318361
v 0.000000 0.486196 -0.312964
v 0.000000 0.487175 -0.307532
v 0.000000 0.488003 -0.302066
v 0.000000 0.488680 -0.296564
v 0.000000 0.489207 -0.291027
v 0.000000 0.489583 -0.285455
v 0.000000 0.489809 -0.279848
v 0.000000 0.489884 -0.274205
v 0.000000 0.489679 -0.264312
v 0.000000 0.489061 -0.254742
v 0.000000 0.488033 -0.245495
v 0.000000 0.486593 -0.236573
v 0.000000 0.484741 -0.227974
v 0.000000 0.482478 -0.219698
v 0.000000 0.479804 -0.211747
v 0.000000 0.476718 -0.204119
v 0.000000 0.473221 -0.196814
v 0.000000 0.469312 -0.189833
v 0.000000 0.464992 -0.183176
v 0.000000 0.460260 -0.176842
v 0.000000 0.455217 -0.170928
v 0.000000 0.449964 -0.165528
v 0.000000 0.444500 -0.160642
v 0.000000 0.438825 -0.156270
v 0.000000 0.432939 -0.152413
v 0.000000 0.426842 -0.149070
v 0.000000 0.420535 -0.146241
v 0.000000 0.414017 -0.143927
v 0.000000 0.407289 -0.142127
v 0.000000 0.400349 -0.140841
v 0.000000 0.393199 -0.140069
v 0.000000 0.385838 -0.139812
v 0.000000 0.381346 -0.139934
v 0.000000 0.377022 -0.140299
v 0.000000 0.372866 -0.140907
v 0.000000 0.368878 -0.141759
v 0.000000 0.365059 -0.142854
v 0.000000 0.361407 -0.144193
v 0.000000 0.357924 -0.145774
v 0.000000 0.354608 -0.147600
v 0.000000 0.351461 -0.149668
v 0.000000 0.348482 -0.151980
v 0.000000 0.345671 -0.154535
v 0.000000 0.343027 -0.157334
v 0.000000 0.340472 -0.160459
v 0.000000 0.337924 -0.163992
v 0.000000 0.335384 -0.167935
v 0.000000 0.332852 -0.172286
v 0.000000 0.330326 -0.177047
v 0.000000 0.327809 -0.182216
v 0.000000 0.325299 -0.187795
v 0.000000 0.322796 -0.193782
v 0.000000 0.320301 -0.200178
v 0.000000 0.317814 -0.206984
v 0.000000 0.315334 -0.214198
v 0.000000 0.312861 -0.221821
v 0.000000 0.298772 -0.265535
v 0.000000 0.297136 -0.270582
v 0.000000 0.295480 -0.275490
v 0.000000 0.293804 -0.280257
v 0.000000 0.292108 -0.284883
v 0.000000 0.290392 -0.289369
v -0.000000 0.288656 -0.293714
v -0.000000 0.286900 -0.297919
v -0.000000 0.285124 -0.301983
v -0.000000 0.283327 -0.305907
v -0.000000 0.281511 -0.309690
v -0.000000 0.279674 -0.313333
v -0.000000 0.277818 -0.316835
v -0.000000 0.275919 -0.320225
v -0.000000 0.273954 -0.323529
v -0.000000 0.271925 -0.326748
v -0.000000 0.269830 -0.329881
v -0.000000 0.267670 -0.332929
v -0.000000 0.265444 -0.335892
v -0.000000 0.263154 -0.338770
v -0.000000 0.260798 -0.341562
v -0.000000 0.258377 -0.344269
v -0.000000 0.255891 -0.346891
v -0.000000 0.253339 -0.349427
v -0.000000 0.250723 -0.351879
v -0.000000 0.248167 -0.354118
v -0.000000 0.245559 -0.356259
v -0.000000 0.242899 -0.358303
v -0.000000 0.240185 -0.360248
v -0.000000 0.237419 -0.362096
v -0.000000 0.234601 -0.363846
v -0.000000 0.231729 -0.365498
v -0.000000 0.228805 -0.367052
v -0.000000 0.225829 -0.368508
v -0.000000 0.222799 -0.369867
v -0.000000 0.219717 -0.371128
v -0.000000 0.216582 -0.372290
v -0.000000 0.213367 -0.373358
v -0.000000 0.210044 -0.374333
v -0.000000 0.206614 -0.375215
v -0.000000 0.203075 -0.376004
v -0.000000 0.199428 -0.376700
v -0.000000 0.195674 -0.377303
v -0.000000 0.191811 -0.377814
v -0.000000 0.187841 -0.378231
v -0.000000 0.183763 -0.378556
v -0.000000 0.179577 -0.378788
v -0.000000 0.175283 -0.378928
v -0.000000 0.170882 -0.378974
v -0.000000 0.162168 -0.379067
v -0.000000 0.153611 -0.378743
v -0.000000 0.145209 -0.378003
v -0.000000 0.136962 -0.376846
v -0.000000 0.128871 -0.375273
v -0.000000 0.120936 -0.373284
v -0.000000 0.113156 -0.370878
v -0.000000 0.105531 -0.368056
v -0.000000 0.098063 -0.364817
v -0.000000 0.090749 -0.361161
v -0.000000 0.083592 -0.357089
v -0.000000 0.076590 -0.352601
v -0.000000 0.069791 -0.347749
v -0.000000 0.063243 -0.342586
v -0.000000 0.056945 -0.337112
v -0.000000 0.050899 -0.331326
v -0.000000 0.045104 -0.325230
v -0.000000 0.039559 -0.318822
v -0.000000 0.034266 -0.312104
v -0.000000 0.029223 -0.305074
v -0.000000 0.024431 -0.297733
v -0.000000 0.019890 -0.290081
v -0.000000 0.015600 -0.282118
v -0.000000 0.011561 -0.273844
v -0.000000 0.007820 -0.265306
v -0.000000 0.004426 -0.256553
v -0.000000 0.001377 -0.247584
v -0.000000 -0.001325 -0.238399
v -0.000000 -0.003680 -0.228999
v -0.000000 -0.005690 -0.219382
v -0.000000 -0.007353 -0.209550
v -0.000000 -0.008671 -0.199502
v -0.000000 -0.009641 -0.189239
v -0.000000 -0.010266 -0.178759
v -0.000000 -0.010545 -0.168064
vn 1.0000 -0.0000 -0.0000
vt 0.280000 0.000000
vt 0.291429 0.000000
vt 0.285714 0.000000
vt 0.297143 0.000000
vt 0.308571 0.000000
vt 0.302857 0.000000
vt 0.314286 0.000000
vt 0.320000 0.000000
vt 0.325714 0.000000
vt 0.331429 0.000000
vt 0.337143 0.000000
vt 0.342857 0.000000
vt 0.348571 0.000000
vt 0.354286 0.000000
vt 0.360000 0.000000
vt 0.365714 0.000000
vt 0.371429 0.000000
vt 0.377143 0.000000
vt 0.382857 0.000000
vt 0.388571 0.000000
vt 0.394286 0.000000
vt 0.400000 0.000000
vt 0.405714 0.000000
vt 0.411429 0.000000
vt 0.417143 0.000000
vt 0.422857 0.000000
vt 0.428571 0.000000
vt 0.434286 0.000000
vt 0.440000 0.000000
vt 0.445714 0.000000
vt 0.451429 0.000000
vt 0.457143 0.000000
vt 0.462857 0.000000
vt 0.468571 0.000000
vt 0.474286 0.000000
vt 0.480000 0.000000
vt 0.485714 0.000000
vt 0.491429 0.000000
vt 0.497143 0.000000
vt 0.502857 0.000000
vt 0.508571 0.000000
vt 0.514286 0.000000
vt 0.520000 0.000000
vt 0.525714 0.000000
vt 0.531429 0.000000
vt 0.537143 0.000000
vt 0.542857 0.000000
vt 0.548571 0.000000
vt 0.554286 0.000000
vt 0.560000 0.000000
vt 0.565714 0.000000
vt 0.571429 0.000000
vt 0.577143 0.000000
vt 0.582857 0.000000
vt 0.588571 0.000000
vt 0.594286 0.000000
vt 0.600000 0.000000
vt 0.605714 0.000000
vt 0.611429 0.000000
vt 0.617143 0.000000
vt 0.622857 0.000000
vt 0.628571 0.000000
vt 0.634286 0.000000
vt 0.640000 0.000000
vt 0.645714 0.000000
vt 0.651429 0.000000
vt 0.657143 0.000000
vt 0.662857 0.000000
vt 0.668571 0.000000
vt 0.674286 0.000000
vt 0.680000 0.000000
vt 0.685714 0.000000
vt 0.274286 0.000000
vt 0.268571 0.000000
vt 0.691429 0.000000
vt 0.262857 0.000000
vt 0.697143 0.000000
vt 0.257143 0.000000
vt 0.251429 0.000000
vt 0.702857 0.000000
vt 0.245714 0.000000
vt 0.708571 0.000000
vt 0.240000 0.000000
vt 0.234286 0.000000
vt 0.714286 0.000000
vt 0.228571 0.000000
vt 0.720000 0.000000
vt 0.222857 0.000000
vt 0.725714 0.000000
vt 0.217143 0.000000
vt 0.211429 0.000000
vt 0.205714 0.000000
vt 0.731429 0.000000
vt 0.200000 0.000000
vt 0.194286 0.000000
vt 0.737143 0.000000
vt 0.188571 0.000000
vt 0.182857 0.000000
vt 0.742857 0.000000
vt 0.177143 0.000000
vt 0.748571 0.000000
vt 0.171429 0.000000
vt 0.165714 0.000000
vt 0.754286 0.000000
vt 0.160000 0.000000
vt 0.760000 0.000000
vt 0.154286 0.000000
vt 0.765714 0.000000
vt 0.148571 0.000000
vt 0.771429 0.000000
vt 0.142857 0.000000
vt 0.137143 0.000000
vt 0.777143 0.000000
vt 0.131429 0.000000
vt 0.782857 0.000000
vt 0.125714 0.000000
vt 0.788571 0.000000
vt 0.120000 0.000000
vt 0.794286 0.000000
vt 0.114286 0.000000
vt 0.800000 0.000000
vt 0.108571 0.000000
vt 0.805714 0.000000
vt 0.102857 0.000000
vt 0.811429 0.000000
vt 0.097143 0.000000
vt 0.817143 0.000000
vt 0.091429 0.000000
vt 0.085714 0.000000
vt 0.822857 0.000000
vt 0.080000 0.000000
vt 0.828571 0.000000
vt 0.074286 0.000000
vt 0.834286 0.000000
vt 0.068571 0.000000
vt 0.840000 0.000000
vt 0.062857 0.000000
vt 0.845714 0.000000
vt 0.057143 0.000000
vt 0.051429 0.000000
vt 0.851429 0.000000
vt 0.045714 0.000000
vt 0.857143 0.000000
vt 0.040000 0.000000
vt 0.034286 0.000000
vt 0.862857 0.000000
vt 0.028571 0.000000
vt 0.022857 0.000000
vt 0.017143 0.000000
vt 0.011429 0.000000
vt 0.005714 0.000000
vt 1.000000 0.000000
vt 0.000000 0.000000
vt 0.868571 0.000000
vt 0.874286 0.000000
vt 0.880000 0.000000
vt 0.885714 0.000000
vt 0.891429 0.000000
vt 0.897143 0.000000
vt 0.902857 0.000000
vt 0.908571 0.000000
vt 0.914286 0.000000
vt 0.920000 0.000000
vt 0.925714 0.000000
vt 0.931429 0.000000
vt 0.937143 0.000000
vt 0.942857 0.000000
vt 0.948571 0.000000
vt 0.954286 0.000000
vt 0.960000 0.000000
vt 0.965714 0.000000
vt 0.971429 0.000000
vt 0.977143 0.000000
vt 0.982857 0.000000
vt 0.988571 0.000000
vt 0.994286 0.000000
vt 0.424710 0.000000
vt 0.432432 0.000000
vt 0.420849 0.000000
vt 0.436293 0.000000
vt 0.416988 0.000000
vt 0.440154 0.000000
vt 0.413127 0.000000
vt 0.444015 0.000000
vt 0.409266 0.000000
vt 0.447876 0.000000
vt 0.405405 0.000000
vt 0.451737 0.000000
vt 0.401544 0.000000
vt 0.455598 0.000000
vt 0.397683 0.000000
vt 0.459459 0.000000
vt 0.393822 0.000000
vt 0.463320 0.000000
vt 0.389961 0.000000
vt 0.467181 0.000000
vt 0.386100 0.000000
vt 0.471042 0.000000
vt 0.382239 0.000000
vt 0.474903 0.000000
vt 0.378378 0.000000
vt 0.374517 0.000000
vt 0.370656 0.000000
vt 0.366795 0.000000
vt 0.362934 0.000000
vt 0.359073 0.000000
vt 0.355212 0.000000
vt 0.351351 0.000000
vt 0.347490 0.000000
vt 0.343629 0.000000
vt 0.478764 0.000000
vt 0.339768 0.000000
vt 0.482625 0.000000
vt 0.335907 0.000000
vt 0.486486 0.000000
vt 0.490348 0.000000
vt 0.332046 0.000000
vt 0.328185 0.000000
vt 0.494208 0.000000
vt 0.324324 0.000000
vt 0.320463 0.000000
vt 0.316602 0.000000
vt 0.312741 0.000000
vt 0.498069 0.000000
vt 0.308880 0.000000
vt 0.305019 0.000000
vt 0.301158 0.000000
vt 0.297297 0.000000
vt 0.501930 0.000000
vt 0.293436 0.000000
vt 0.289575 0.000000
vt 0.505791 0.000000
vt 0.281853 0.000000
vt 0.277992 0.000000
vt 0.509652 0.000000
vt 0.274131 0.000000
vt 0.270270 0.000000
vt 0.513514 0.000000
vt 0.266409 0.000000
vt 0.262548 0.000000
vt 0.517375 0.000000
vt 0.258687 0.000000
vt 0.254826 0.000000
vt 0.521236 0.000000
vt 0.250965 0.000000
vt 0.247104 0.000000
vt 0.525097 0.000000
vt 0.243243 0.000000
vt 0.528958 0.000000
vt 0.532819 0.000000
vt 0.239382 0.000000
vt 0.536680 0.000000
vt 0.235521 0.000000
vt 0.540541 0.000000
vt 0.544402 0.000000
vt 0.548263 0.000000
vt 0.552124 0.000000
vt 0.555985 0.000000
vt 0.227799 0.000000
vt 0.231660 0.000000
vt 0.223938 0.000000
vt 0.220077 0.000000
vt 0.216216 0.000000
vt 0.212355 0.000000
vt 0.559846 0.000000
vt 0.208494 0.000000
vt 0.204633 0.000000
vt 0.200772 0.000000
vt 0.196911 0.000000
vt 0.563707 0.000000
vt 0.193050 0.000000
vt 0.189189 0.000000
vt 0.185328 0.000000
vt 0.567568 0.000000
vt 0.181467 0.000000
vt 0.177606 0.000000
vt 0.722008 0.000000
vt 0.173745 0.000000
vt 0.169884 0.000000
vt 0.166023 0.000000
vt 0.162162 0.000000
vt 0.158301 0.000000
vt 0.154440 0.000000
vt 0.150579 0.000000
vt 0.745174 0.000000
vt 0.741313 0.000000
vt 0.737452 0.000000
vt 0.733591 0.000000
vt 0.729730 0.000000
vt 0.725869 0.000000
vt 0.718147 0.000000
vt 0.749035 0.000000
vt 0.752896 0.000000
vt 0.756757 0.000000
vt 0.760618 0.000000
vt 0.764479 0.000000
vt 0.768340 0.000000
vt 0.772201 0.000000
vt 0.776062 0.000000
vt 0.779923 0.000000
vt 0.783784 0.000000
vt 0.787645 0.000000
vt 0.791506 0.000000
vt 0.146718 0.000000
vt 0.795367 0.000000
vt 0.799228 0.000000
vt 0.803089 0.000000
vt 0.806950 0.000000
vt 0.810811 0.000000
vt 0.814672 0.000000
vt 0.818533 0.000000
vt 0.822394 0.000000
vt 0.826255 0.000000
vt 0.138996 0.000000
vt 0.830116 0.000000
vt 0.833977 0.000000
vt 0.837838 0.000000
vt 0.135135 0.000000
vt 0.841699 0.000000
vt 0.845560 0.000000
vt 0.710425 0.000000
vt 0.131274 0.000000
vt 0.849421 0.000000
vt 0.853282 0.000000
vt 0.127413 0.000000
vt 0.706564 0.000000
vt 0.861004 0.000000
vt 0.123552 0.000000
vt 0.864865 0.000000
vt 0.868726 0.000000
vt 0.119691 0.000000
vt 0.702703 0.000000
vt 0.872587 0.000000
vt 0.876448 0.000000
vt 0.115830 0.000000
vt 0.880309 0.000000
vt 0.698842 0.000000
vt 0.111969 0.000000
vt 0.884170 0.000000
vt 0.888031 0.000000
vt 0.694981 0.000000
vt 0.108108 0.000000
vt 0.891892 0.000000
vt 0.895753 0.000000
vt 0.104247 0.000000
vt 0.691120 0.000000
vt 0.899614 0.000000
vt 0.100386 0.000000
vt 0.903475 0.000000
vt 0.687259 0.000000
vt 0.907336 0.000000
vt 0.096525 0.000000
vt 0.911197 0.000000
vt 0.683398 0.000000
vt 0.915058 0.000000
vt 0.092664 0.000000
vt 0.918919 0.000000
vt 0.679537 0.000000
vt 0.088803 0.000000
vt 0.922780 0.000000
vt 0.675676 0.000000
vt 0.926641 0.000000
vt 0.084942 0.000000
vt 0.930502 0.000000
vt 0.671815 0.000000
vt 0.579151 0.000000
vt 0.934363 0.000000
vt 0.081081 0.000000
vt 0.667954 0.000000
vt 0.938224 0.000000
vt 0.942085 0.000000
vt 0.664093 0.000000
vt 0.077220 0.000000
vt 0.945946 0.000000
vt 0.660232 0.000000
vt 0.949807 0.000000
vt 0.073359 0.000000
vt 0.953668 0.000000
vt 0.656371 0.000000
vt 0.957529 0.000000
vt 0.069498 0.000000
vt 0.961390 0.000000
vt 0.652510 0.000000
vt 0.583012 0.000000
vt 0.575290 0.000000
vt 0.965251 0.000000
vt 0.648649 0.000000
vt 0.969112 0.000000
vt 0.065637 0.000000
vt 0.972973 0.000000
vt 0.644788 0.000000
vt 0.976834 0.000000
vt 0.640927 0.000000
vt 0.980695 0.000000
vt 0.984556 0.000000
vt 0.637066 0.000000
vt 0.061776 0.000000
vt 0.586873 0.000000
vt 0.988417 0.000000
vt 0.633205 0.000000
vt 0.992278 0.000000
vt 0.996139 0.000000
vt 0.629344 0.000000
vt 0.625483 0.000000
vt 0.057915 0.000000
vt 0.590734 0.000000
vt 0.054054 0.000000
vt 0.050193 0.000000
vt 0.594595 0.000000
vt 0.046332 0.000000
vt 0.598456 0.000000
vt 0.042471 0.000000
vt 0.038610 0.000000
vt 0.602317 0.000000
vt 0.034749 0.000000
vt 0.606178 0.000000
vt 0.030888 0.000000
vt 0.027027 0.000000
vt 0.610039 0.000000
vt 0.023166 0.000000
vt 0.613900 0.000000
vt 0.019305 0.000000
vt 0.015444 0.000000
vt 0.617761 0.000000
vt 0.011583 0.000000
vt 0.621622 0.000000
vt 0.007722 0.000000
vt 0.003861 0.000000
vt 0.417582 0.000000
vt 0.439560 0.000000
vt 0.406593 0.000000
vt 0.450549 0.000000
vt 0.395604 0.000000
vt 0.384615 0.000000
vt 0.461538 0.000000
vt 0.472527 0.000000
vt 0.373626 0.000000
vt 0.483516 0.000000
vt 0.494505 0.000000
vt 0.505495 0.000000
vt 0.362637 0.000000
vt 0.516484 0.000000
vt 0.527473 0.000000
vt 0.351648 0.000000
vt 0.538462 0.000000
vt 0.340659 0.000000
vt 0.549451 0.000000
vt 0.329670 0.000000
vt 0.560440 0.000000
vt 0.318681 0.000000
vt 0.582418 0.000000
vt 0.307692 0.000000
vt 0.593407 0.000000
vt 0.296703 0.000000
vt 0.604396 0.000000
vt 0.615385 0.000000
vt 0.274725 0.000000
vt 0.626374 0.000000
vt 0.263736 0.000000
vt 0.252747 0.000000
vt 0.637363 0.000000
vt 0.241758 0.000000
vt 0.648352 0.000000
vt 0.230769 0.000000
vt 0.659341 0.000000
vt 0.219780 0.000000
vt 0.670330 0.000000
vt 0.208791 0.000000
vt 0.681319 0.000000
vt 0.197802 0.000000
vt 0.692308 0.000000
vt 0.703297 0.000000
vt 0.186813 0.000000
vt 0.175824 0.000000
vt 0.725275 0.000000
vt 0.164835 0.000000
vt 0.153846 0.000000
vt 0.736264 0.000000
vt 0.131868 0.000000
vt 0.120879 0.000000
vt 0.747253 0.000000
vt 0.758242 0.000000
vt 0.769231 0.000000
vt 0.780220 0.000000
vt 0.791209 0.000000
vt 0.802198 0.000000
vt 0.109890 0.000000
vt 0.813187 0.000000
vt 0.824176 0.000000
vt 0.835165 0.000000
vt 0.846154 0.000000
vt 0.868132 0.000000
vt 0.098901 0.000000
vt 0.879121 0.000000
vt 0.890110 0.000000
vt 0.901099 0.000000
vt 0.912088 0.000000
vt 0.923077 0.000000
vt 0.934066 0.000000
vt 0.945055 0.000000
vt 0.956044 0.000000
vt 0.967033 0.000000
vt 0.978022 0.000000
vt 0.989011 0.000000
vt 0.087912 0.000000
vt 0.076923 0.000000
vt 0.065934 0.000000
vt 0.054945 0.000000
vt 0.043956 0.000000
vt 0.032967 0.000000
vt 0.021978 0.000000
vt 0.010989 0.000000
vt 0.056034 0.000000
vt 0.064655 0.000000
vt 0.060345 0.000000
vt 0.068966 0.000000
vt 0.051724 0.000000
vt 0.073276 0.000000
vt 0.047414 0.000000
vt 0.077586 0.000000
vt 0.043103 0.000000
vt 0.081897 0.000000
vt 0.086207 0.000000
vt 0.038793 0.000000
vt 0.090517 0.000000
vt 0.431034 0.000000
vt 0.004310 0.000000
vt 0.008621 0.000000
vt 0.034483 0.000000
vt 0.094828 0.000000
vt 0.030172 0.000000
vt 0.099138 0.000000
vt 0.025862 0.000000
vt 0.103448 0.000000
vt 0.107759 0.000000
vt 0.021552 0.000000
vt 0.112069 0.000000
vt 0.017241 0.000000
vt 0.116379 0.000000
vt 0.012931 0.000000
vt 0.120690 0.000000
vt 0.698276 0.000000
vt 0.693965 0.000000
vt 0.689655 0.000000
vt 0.125000 0.000000
vt 0.702586 0.000000
vt 0.685345 0.000000
vt 0.706897 0.000000
vt 0.681035 0.000000
vt 0.711207 0.000000
vt 0.676724 0.000000
vt 0.715517 0.000000
vt 0.672414 0.000000
vt 0.719828 0.000000
vt 0.724138 0.000000
vt 0.668103 0.000000
vt 0.129310 0.000000
vt 0.836207 0.000000
vt 0.831897 0.000000
vt 0.827586 0.000000
vt 0.823276 0.000000
vt 0.818965 0.000000
vt 0.814655 0.000000
vt 0.810345 0.000000
vt 0.806035 0.000000
vt 0.801724 0.000000
vt 0.797414 0.000000
vt 0.793103 0.000000
vt 0.788793 0.000000
vt 0.784483 0.000000
vt 0.780172 0.000000
vt 0.775862 0.000000
vt 0.771552 0.000000
vt 0.767241 0.000000
vt 0.762931 0.000000
vt 0.758621 0.000000
vt 0.754310 0.000000
vt 0.750000 0.000000
vt 0.745690 0.000000
vt 0.741379 0.000000
vt 0.737069 0.000000
vt 0.732759 0.000000
vt 0.728448 0.000000
vt 0.663793 0.000000
vt 0.659483 0.000000
vt 0.655172 0.000000
vt 0.133621 0.000000
vt 0.650862 0.000000
vt 0.646552 0.000000
vt 0.642241 0.000000
vt 0.137931 0.000000
vt 0.637931 0.000000
vt 0.633621 0.000000
vt 0.142241 0.000000
vt 0.629310 0.000000
vt 0.625000 0.000000
vt 0.146552 0.000000
vt 0.620690 0.000000
vt 0.616379 0.000000
vt 0.150862 0.000000
vt 0.612069 0.000000
vt 0.155172 0.000000
vt 0.607759 0.000000
vt 0.603448 0.000000
vt 0.159483 0.000000
vt 0.599138 0.000000
vt 0.594828 0.000000
vt 0.163793 0.000000
vt 0.590517 0.000000
vt 0.168103 0.000000
vt 0.586207 0.000000
vt 0.172414 0.000000
vt 0.840517 0.000000
vt 0.581897 0.000000
vt 0.844828 0.000000
vt 0.176724 0.000000
vt 0.577586 0.000000
vt 0.849138 0.000000
vt 0.181034 0.000000
vt 0.853448 0.000000
vt 0.573276 0.000000
vt 0.185345 0.000000
vt 0.857759 0.000000
vt 0.568965 0.000000
vt 0.862069 0.000000
vt 0.189655 0.000000
vt 0.866379 0.000000
vt 0.564655 0.000000
vt 0.193966 0.000000
vt 0.870690 0.000000
vt 0.560345 0.000000
vt 0.875000 0.000000
vt 0.198276 0.000000
vt 0.556035 0.000000
vt 0.879310 0.000000
vt 0.202586 0.000000
vt 0.883621 0.000000
vt 0.551724 0.000000
vt 0.206897 0.000000
vt 0.887931 0.000000
vt 0.547414 0.000000
vt 0.211207 0.000000
vt 0.892241 0.000000
vt 0.543103 0.000000
vt 0.896552 0.000000
vt 0.215517 0.000000
vt 0.538793 0.000000
vt 0.900862 0.000000
vt 0.219828 0.000000
vt 0.905172 0.000000
vt 0.534483 0.000000
vt 0.224138 0.000000
vt 0.530172 0.000000
vt 0.909483 0.000000
vt 0.228448 0.000000
vt 0.525862 0.000000
vt 0.913793 0.000000
vt 0.232759 0.000000
vt 0.521552 0.000000
vt 0.918103 0.000000
vt 0.237069 0.000000
vt 0.517241 0.000000
vt 0.922414 0.000000
vt 0.241379 0.000000
vt 0.512931 0.000000
vt 0.926724 0.000000
vt 0.245690 0.000000
vt 0.508621 0.000000
vt 0.422414 0.000000
vt 0.931035 0.000000
vt 0.250000 0.000000
vt 0.504310 0.000000
vt 0.935345 0.000000
vt 0.500000 0.000000
vt 0.254310 0.000000
vt 0.939655 0.000000
vt 0.495690 0.000000
vt 0.258621 0.000000
vt 0.943965 0.000000
vt 0.491379 0.000000
vt 0.262931 0.000000
vt 0.948276 0.000000
vt 0.487069 0.000000
vt 0.267241 0.000000
vt 0.952586 0.000000
vt 0.482759 0.000000
vt 0.956897 0.000000
vt 0.478448 0.000000
vt 0.271552 0.000000
vt 0.961207 0.000000
vt 0.474138 0.000000
vt 0.965517 0.000000
vt 0.275862 0.000000
vt 0.469828 0.000000
vt 0.969828 0.000000
vt 0.465517 0.000000
vt 0.280172 0.000000
vt 0.974138 0.000000
vt 0.461207 0.000000
vt 0.978448 0.000000
vt 0.456897 0.000000
vt 0.982759 0.000000
vt 0.284483 0.000000
vt 0.426724 0.000000
vt 0.418103 0.000000
vt 0.452586 0.000000
vt 0.987069 0.000000
vt 0.448276 0.000000
vt 0.991379 0.000000
vt 0.443966 0.000000
vt 0.995690 0.000000
vt 0.288793 0.000000
vt 0.439655 0.000000
vt 0.435345 0.000000
vt 0.293103 0.000000
vt 0.413793 0.000000
vt 0.297414 0.000000
vt 0.409483 0.000000
vt 0.301724 0.000000
vt 0.306034 0.000000
vt 0.405172 0.000000
vt 0.310345 0.000000
vt 0.314655 0.000000
vt 0.400862 0.000000
vt 0.318966 0.000000
vt 0.323276 0.000000
vt 0.396552 0.000000
vt 0.327586 0.000000
vt 0.392241 0.000000
vt 0.331897 0.000000
vt 0.336207 0.000000
vt 0.387931 0.000000
vt 0.340517 0.000000
vt 0.344828 0.000000
vt 0.383621 0.000000
vt 0.349138 0.000000
vt 0.379310 0.000000
vt 0.353448 0.000000
vt 0.357759 0.000000
vt 0.375000 0.000000
vt 0.362069 0.000000
vt 0.366379 0.000000
vt 0.370690 0.000000
vt 0.282869 0.000000
vt 0.290837 0.000000
vt 0.286853 0.000000
vt 0.278884 0.000000
vt 0.294821 0.000000
vt 0.274900 0.000000
vt 0.298805 0.000000
vt 0.270916 0.000000
vt 0.266932 0.000000
vt 0.302789 0.000000
vt 0.262948 0.000000
vt 0.306773 0.000000
vt 0.258964 0.000000
vt 0.310757 0.000000
vt 0.254980 0.000000
vt 0.250996 0.000000
vt 0.314741 0.000000
vt 0.247012 0.000000
vt 0.318725 0.000000
vt 0.243028 0.000000
vt 0.239044 0.000000
vt 0.322709 0.000000
vt 0.235060 0.000000
vt 0.326693 0.000000
vt 0.231076 0.000000
vt 0.330677 0.000000
vt 0.227092 0.000000
vt 0.223108 0.000000
vt 0.334661 0.000000
vt 0.219124 0.000000
vt 0.338645 0.000000
vt 0.215139 0.000000
vt 0.211155 0.000000
vt 0.342629 0.000000
vt 0.207171 0.000000
vt 0.764940 0.000000
vt 0.760956 0.000000
vt 0.346614 0.000000
vt 0.203187 0.000000
vt 0.768924 0.000000
vt 0.756972 0.000000
vt 0.772908 0.000000
vt 0.752988 0.000000
vt 0.776892 0.000000
vt 0.749004 0.000000
vt 0.780877 0.000000
vt 0.745020 0.000000
vt 0.784861 0.000000
vt 0.741036 0.000000
vt 0.350598 0.000000
vt 0.199203 0.000000
vt 0.788845 0.000000
vt 0.737052 0.000000
vt 0.792829 0.000000
vt 0.733068 0.000000
vt 0.796813 0.000000
vt 0.195219 0.000000
vt 0.729084 0.000000
vt 0.800797 0.000000
vt 0.354582 0.000000
vt 0.725100 0.000000
vt 0.804781 0.000000
vt 0.191235 0.000000
vt 0.721116 0.000000
vt 0.808765 0.000000
vt 0.717131 0.000000
vt 0.358566 0.000000
vt 0.187251 0.000000
vt 0.812749 0.000000
vt 0.713147 0.000000
vt 0.816733 0.000000
vt 0.709163 0.000000
vt 0.183267 0.000000
vt 0.362550 0.000000
vt 0.820717 0.000000
vt 0.705179 0.000000
vt 0.179283 0.000000
vt 0.824701 0.000000
vt 0.701195 0.000000
vt 0.366534 0.000000
vt 0.828685 0.000000
vt 0.175299 0.000000
vt 0.697211 0.000000
vt 0.832669 0.000000
vt 0.171315 0.000000
vt 0.370518 0.000000
vt 0.693227 0.000000
vt 0.836653 0.000000
vt 0.167331 0.000000
vt 0.689243 0.000000
vt 0.840637 0.000000
vt 0.374502 0.000000
vt 0.685259 0.000000
vt 0.163347 0.000000
vt 0.844622 0.000000
vt 0.681275 0.000000
vt 0.378486 0.000000
vt 0.159363 0.000000
vt 0.848606 0.000000
vt 0.677291 0.000000
vt 0.155378 0.000000
vt 0.852590 0.000000
vt 0.382470 0.000000
vt 0.856574 0.000000
vt 0.151394 0.000000
vt 0.673307 0.000000
vt 0.860558 0.000000
vt 0.147410 0.000000
vt 0.386454 0.000000
vt 0.669323 0.000000
vt 0.864542 0.000000
vt 0.143426 0.000000
vt 0.390438 0.000000
vt 0.665339 0.000000
vt 0.868526 0.000000
vt 0.139442 0.000000
vt 0.394422 0.000000
vt 0.661355 0.000000
vt 0.872510 0.000000
vt 0.398406 0.000000
vt 0.135458 0.000000
vt 0.657371 0.000000
vt 0.876494 0.000000
vt 0.402390 0.000000
vt 0.131474 0.000000
vt 0.653386 0.000000
vt 0.880478 0.000000
vt 0.406375 0.000000
vt 0.127490 0.000000
vt 0.649402 0.000000
vt 0.884462 0.000000
vt 0.410359 0.000000
vt 0.123506 0.000000
vt 0.645418 0.000000
vt 0.888446 0.000000
vt 0.414343 0.000000
vt 0.119522 0.000000
vt 0.641434 0.000000
vt 0.892430 0.000000
vt 0.418327 0.000000
vt 0.115538 0.000000
vt 0.637450 0.000000
vt 0.422311 0.000000
vt 0.896414 0.000000
vt 0.111554 0.000000
vt 0.633466 0.000000
vt 0.426295 0.000000
vt 0.900398 0.000000
vt 0.107570 0.000000
vt 0.629482 0.000000
vt 0.430279 0.000000
vt 0.904382 0.000000
vt 0.103586 0.000000
vt 0.625498 0.000000
vt 0.434263 0.000000
vt 0.908367 0.000000
vt 0.099602 0.000000
vt 0.621514 0.000000
vt 0.438247 0.000000
vt 0.095618 0.000000
vt 0.912351 0.000000
vt 0.617530 0.000000
vt 0.442231 0.000000
vt 0.091633 0.000000
vt 0.916335 0.000000
vt 0.613546 0.000000
vt 0.446215 0.000000
vt 0.920319 0.000000
vt 0.609562 0.000000
vt 0.450199 0.000000
vt 0.087649 0.000000
vt 0.605578 0.000000
vt 0.924303 0.000000
vt 0.454183 0.000000
vt 0.601594 0.000000
vt 0.083665 0.000000
vt 0.928287 0.000000
vt 0.458167 0.000000
vt 0.597610 0.000000
vt 0.932271 0.000000
vt 0.462151 0.000000
vt 0.079681 0.000000
vt 0.593625 0.000000
vt 0.936255 0.000000
vt 0.466135 0.000000
vt 0.589641 0.000000
vt 0.940239 0.000000
vt 0.075697 0.000000
vt 0.470120 0.000000
vt 0.585657 0.000000
vt 0.944223 0.000000
vt 0.581673 0.000000
vt 0.474104 0.000000
vt 0.071713 0.000000
vt 0.948207 0.000000
vt 0.577689 0.000000
vt 0.478088 0.000000
vt 0.952191 0.000000
vt 0.573705 0.000000
vt 0.067729 0.000000
vt 0.956175 0.000000
vt 0.482072 0.000000
vt 0.569721 0.000000
vt 0.960159 0.000000
vt 0.565737 0.000000
vt 0.063745 0.000000
vt 0.964143 0.000000
vt 0.561753 0.000000
vt 0.968127 0.000000
vt 0.557769 0.000000
vt 0.486056 0.000000
vt 0.972112 0.000000
vt 0.059761 0.000000
vt 0.553785 0.000000
vt 0.976096 0.000000
vt 0.549801 0.000000
vt 0.980080 0.000000
vt 0.545817 0.000000
vt 0.984064 0.000000
vt 0.055777 0.000000
vt 0.541833 0.000000
vt 0.988048 0.000000
vt 0.537849 0.000000
vt 0.490040 0.000000
vt 0.992032 0.000000
vt 0.533865 0.000000
vt 0.996016 0.000000
vt 0.529880 0.000000
vt 0.525896 0.000000
vt 0.051793 0.000000
vt 0.494024 0.000000
vt 0.047809 0.000000
vt 0.043825 0.000000
vt 0.498008 0.000000
vt 0.039841 0.000000
vt 0.501992 0.000000
vt 0.035857 0.000000
vt 0.031873 0.000000
vt 0.505976 0.000000
vt 0.027888 0.000000
vt 0.509960 0.000000
vt 0.023904 0.000000
vt 0.019920 0.000000
vt 0.513944 0.000000
vt 0.015936 0.000000
vt 0.517928 0.000000
vt 0.011952 0.000000
vt 0.007968 0.000000
vt 0.521912 0.000000
vt 0.003984 0.000000
vt 0.481203 0.000000
vt 0.496241 0.000000
vt 0.488722 0.000000
vt 0.503759 0.000000
vt 0.466165 0.000000
vt 0.473684 0.000000
vt 0.511278 0.000000
vt 0.518797 0.000000
vt 0.458647 0.000000
vt 0.451128 0.000000
vt 0.526316 0.000000
vt 0.533835 0.000000
vt 0.443609 0.000000
vt 0.541353 0.000000
vt 0.548872 0.000000
vt 0.436090 0.000000
vt 0.556391 0.000000
vt 0.563910 0.000000
vt 0.421053 0.000000
vt 0.578947 0.000000
vt 0.413534 0.000000
vt 0.586466 0.000000
vt 0.406015 0.000000
vt 0.593985 0.000000
vt 0.601504 0.000000
vt 0.398496 0.000000
vt 0.609023 0.000000
vt 0.390977 0.000000
vt 0.616541 0.000000
vt 0.624060 0.000000
vt 0.383459 0.000000
vt 0.631579 0.000000
vt 0.375940 0.000000
vt 0.639098 0.000000
vt 0.368421 0.000000
vt 0.646617 0.000000
vt 0.654135 0.000000
vt 0.360902 0.000000
vt 0.661654 0.000000
vt 0.353383 0.000000
vt 0.669173 0.000000
vt 0.676692 0.000000
vt 0.345865 0.000000
vt 0.684211 0.000000
vt 0.338346 0.000000
vt 0.691729 0.000000
vt 0.699248 0.000000
vt 0.330827 0.000000
vt 0.706767 0.000000
vt 0.323308 0.000000
vt 0.721804 0.000000
vt 0.315789 0.000000
vt 0.308271 0.000000
vt 0.729323 0.000000
vt 0.300752 0.000000
vt 0.293233 0.000000
vt 0.736842 0.000000
vt 0.744361 0.000000
vt 0.278196 0.000000
vt 0.270677 0.000000
vt 0.751880 0.000000
vt 0.263158 0.000000
vt 0.759399 0.000000
vt 0.766917 0.000000
vt 0.255639 0.000000
vt 0.774436 0.000000
vt 0.781955 0.000000
vt 0.789474 0.000000
vt 0.248120 0.000000
vt 0.796992 0.000000
vt 0.804511 0.000000
vt 0.812030 0.000000
vt 0.240602 0.000000
vt 0.819549 0.000000
vt 0.827068 0.000000
vt 0.834586 0.000000
vt 0.233083 0.000000
vt 0.842105 0.000000
vt 0.849624 0.000000
vt 0.864662 0.000000
vt 0.872180 0.000000
vt 0.225564 0.000000
vt 0.879699 0.000000
vt 0.887218 0.000000
vt 0.894737 0.000000
vt 0.902256 0.000000
vt 0.909774 0.000000
vt 0.917293 0.000000
vt 0.924812 0.000000
vt 0.932331 0.000000
vt 0.939850 0.000000
vt 0.947368 0.000000
vt 0.218045 0.000000
vt 0.954887 0.000000
vt 0.962406 0.000000
vt 0.969925 0.000000
vt 0.977444 0.000000
vt 0.984962 0.000000
vt 0.992481 0.000000
vt 0.210526 0.000000
vt 0.203008 0.000000
vt 0.195489 0.000000
vt 0.187970 0.000000
vt 0.180451 0.000000
vt 0.172932 0.000000
vt 0.165414 0.000000
vt 0.157895 0.000000
vt 0.150376 0.000000
vt 0.135338 0.000000
vt 0.127820 0.000000
vt 0.120301 0.000000
vt 0.112782 0.000000
vt 0.105263 0.000000
vt 0.097744 0.000000
vt 0.090226 0.000000
vt 0.082707 0.000000
vt 0.075188 0.000000
vt 0.067669 0.000000
vt 0.060150 0.000000
vt 0.052632 0.000000
vt 0.045113 0.000000
vt 0.037594 0.000000
vt 0.030075 0.000000
vt 0.022556 0.000000
vt 0.015038 0.000000
vt 0.007519 0.000000
vt 0.007194 0.000000
vt 0.014388 0.000000
vt 0.093525 0.000000
vt 0.107914 0.000000
vt 0.100719 0.000000
vt 0.115108 0.000000
vt 0.086331 0.000000
vt 0.122302 0.000000
vt 0.129496 0.000000
vt 0.079137 0.000000
vt 0.136691 0.000000
vt 0.071942 0.000000
vt 0.143885 0.000000
vt 0.151079 0.000000
vt 0.064748 0.000000
vt 0.158273 0.000000
vt 0.057554 0.000000
vt 0.165468 0.000000
vt 0.172662 0.000000
vt 0.050360 0.000000
vt 0.179856 0.000000
vt 0.187050 0.000000
vt 0.043165 0.000000
vt 0.194245 0.000000
vt 0.035971 0.000000
vt 0.201439 0.000000
vt 0.208633 0.000000
vt 0.028777 0.000000
vt 0.215827 0.000000
vt 0.223022 0.000000
vt 0.021583 0.000000
vt 0.812950 0.000000
vt 0.230216 0.000000
vt 0.820144 0.000000
vt 0.805755 0.000000
vt 0.827338 0.000000
vt 0.798561 0.000000
vt 0.834532 0.000000
vt 0.791367 0.000000
vt 0.841727 0.000000
vt 0.237410 0.000000
vt 0.848921 0.000000
vt 0.784173 0.000000
vt 0.856115 0.000000
vt 0.776978 0.000000
vt 0.863309 0.000000
vt 0.244604 0.000000
vt 0.769784 0.000000
vt 0.870504 0.000000
vt 0.942446 0.000000
vt 0.935252 0.000000
vt 0.928058 0.000000
vt 0.920863 0.000000
vt 0.913669 0.000000
vt 0.906475 0.000000
vt 0.899281 0.000000
vt 0.892086 0.000000
vt 0.884892 0.000000
vt 0.877698 0.000000
vt 0.762590 0.000000
vt 0.251799 0.000000
vt 0.755396 0.000000
vt 0.258993 0.000000
vt 0.748201 0.000000
vt 0.266187 0.000000
vt 0.741007 0.000000
vt 0.273381 0.000000
vt 0.733813 0.000000
vt 0.280576 0.000000
vt 0.287770 0.000000
vt 0.294964 0.000000
vt 0.726619 0.000000
vt 0.302158 0.000000
vt 0.309353 0.000000
vt 0.316547 0.000000
vt 0.323741 0.000000
vt 0.330935 0.000000
vt 0.719424 0.000000
vt 0.338129 0.000000
vt 0.712230 0.000000
vt 0.705036 0.000000
vt 0.345324 0.000000
vt 0.697842 0.000000
vt 0.352518 0.000000
vt 0.690647 0.000000
vt 0.359712 0.000000
vt 0.683453 0.000000
vt 0.676259 0.000000
vt 0.366906 0.000000
vt 0.669065 0.000000
vt 0.374101 0.000000
vt 0.661870 0.000000
vt 0.949640 0.000000
vt 0.654676 0.000000
vt 0.381295 0.000000
vt 0.647482 0.000000
vt 0.388489 0.000000
vt 0.640288 0.000000
vt 0.633094 0.000000
vt 0.395683 0.000000
vt 0.625899 0.000000
vt 0.618705 0.000000
vt 0.956835 0.000000
vt 0.402878 0.000000
vt 0.611511 0.000000
vt 0.410072 0.000000
vt 0.604317 0.000000
vt 0.597122 0.000000
vt 0.417266 0.000000
vt 0.589928 0.000000
vt 0.582734 0.000000
vt 0.964029 0.000000
vt 0.424460 0.000000
vt 0.575540 0.000000
vt 0.568345 0.000000
vt 0.561151 0.000000
vt 0.431655 0.000000
vt 0.553957 0.000000
vt 0.546763 0.000000
vt 0.438849 0.000000
vt 0.539568 0.000000
vt 0.532374 0.000000
vt 0.971223 0.000000
vt 0.525180 0.000000
vt 0.517986 0.000000
vt 0.446043 0.000000
vt 0.510791 0.000000
vt 0.503597 0.000000
vt 0.496403 0.000000
vt 0.489209 0.000000
vt 0.482014 0.000000
vt 0.453237 0.000000
vt 0.474820 0.000000
vt 0.467626 0.000000
vt 0.460432 0.000000
vt 0.978417 0.000000
vt 0.985611 0.000000
vt 0.992806 0.000000
vt 0.554023 0.000000
vt 0.558621 0.000000
vt 0.556322 0.000000
vt 0.560920 0.000000
vt 0.563218 0.000000
vt 0.565517 0.000000
vt 0.567816 0.000000
vt 0.570115 0.000000
vt 0.549425 0.000000
vt 0.572414 0.000000
vt 0.574713 0.000000
vt 0.547126 0.000000
vt 0.577011 0.000000
vt 0.579310 0.000000
vt 0.581609 0.000000
vt 0.544828 0.000000
vt 0.583908 0.000000
vt 0.588506 0.000000
vt 0.542529 0.000000
vt 0.590805 0.000000
vt 0.593103 0.000000
vt 0.540230 0.000000
vt 0.595402 0.000000
vt 0.597701 0.000000
vt 0.537931 0.000000
vt 0.602299 0.000000
vt 0.604598 0.000000
vt 0.606897 0.000000
vt 0.535632 0.000000
vt 0.609195 0.000000
vt 0.611494 0.000000
vt 0.533333 0.000000
vt 0.613793 0.000000
vt 0.616092 0.000000
vt 0.531034 0.000000
vt 0.618391 0.000000
vt 0.528736 0.000000
vt 0.622989 0.000000
vt 0.526437 0.000000
vt 0.625287 0.000000
vt 0.524138 0.000000
vt 0.627586 0.000000
vt 0.521839 0.000000
vt 0.629885 0.000000
vt 0.632184 0.000000
vt 0.519540 0.000000
vt 0.634483 0.000000
vt 0.636782 0.000000
vt 0.514943 0.000000
vt 0.639080 0.000000
vt 0.678161 0.000000
vt 0.675862 0.000000
vt 0.673563 0.000000
vt 0.671264 0.000000
vt 0.668966 0.000000
vt 0.666667 0.000000
vt 0.664368 0.000000
vt 0.662069 0.000000
vt 0.659770 0.000000
vt 0.657471 0.000000
vt 0.652874 0.000000
vt 0.650575 0.000000
vt 0.648276 0.000000
vt 0.645977 0.000000
vt 0.643678 0.000000
vt 0.641379 0.000000
vt 0.512644 0.000000
vt 0.680460 0.000000
vt 0.510345 0.000000
vt 0.682759 0.000000
vt 0.508046 0.000000
vt 0.685057 0.000000
vt 0.505747 0.000000
vt 0.687356 0.000000
vt 0.503448 0.000000
vt 0.501149 0.000000
vt 0.691954 0.000000
vt 0.498851 0.000000
vt 0.694253 0.000000
vt 0.496552 0.000000
vt 0.696552 0.000000
vt 0.698851 0.000000
vt 0.494253 0.000000
vt 0.701149 0.000000
vt 0.703448 0.000000
vt 0.705747 0.000000
vt 0.708046 0.000000
vt 0.491954 0.000000
vt 0.710345 0.000000
vt 0.712644 0.000000
vt 0.489655 0.000000
vt 0.714943 0.000000
vt 0.717241 0.000000
vt 0.487356 0.000000
vt 0.719540 0.000000
vt 0.485057 0.000000
vt 0.721839 0.000000
vt 0.480460 0.000000
vt 0.726437 0.000000
vt 0.478161 0.000000
vt 0.728736 0.000000
vt 0.475862 0.000000
vt 0.731034 0.000000
vt 0.473563 0.000000
vt 0.733333 0.000000
vt 0.471264 0.000000
vt 0.735632 0.000000
vt 0.468966 0.000000
vt 0.737931 0.000000
vt 0.466667 0.000000
vt 0.740230 0.000000
vt 0.464368 0.000000
vt 0.742529 0.000000
vt 0.462069 0.000000
vt 0.744828 0.000000
vt 0.459770 0.000000
vt 0.747126 0.000000
vt 0.457471 0.000000
vt 0.749425 0.000000
vt 0.455172 0.000000
vt 0.452874 0.000000
vt 0.751724 0.000000
vt 0.450575 0.000000
vt 0.754023 0.000000
vt 0.756322 0.000000
vt 0.445977 0.000000
vt 0.760920 0.000000
vt 0.443678 0.000000
vt 0.763218 0.000000
vt 0.441379 0.000000
vt 0.765517 0.000000
vt 0.439080 0.000000
vt 0.767816 0.000000
vt 0.436782 0.000000
vt 0.770115 0.000000
vt 0.772414 0.000000
vt 0.434483 0.000000
vt 0.774713 0.000000
vt 0.432184 0.000000
vt 0.777012 0.000000
vt 0.429885 0.000000
vt 0.779310 0.000000
vt 0.427586 0.000000
vt 0.781609 0.000000
vt 0.425287 0.000000
vt 0.783908 0.000000
vt 0.786207 0.000000
vt 0.422989 0.000000
vt 0.788506 0.000000
vt 0.420690 0.000000
vt 0.790805 0.000000
vt 0.418391 0.000000
vt 0.416092 0.000000
vt 0.795402 0.000000
vt 0.797701 0.000000
vt 0.411494 0.000000
vt 0.802299 0.000000
vt 0.409195 0.000000
vt 0.804598 0.000000
vt 0.406897 0.000000
vt 0.806897 0.000000
vt 0.404598 0.000000
vt 0.809195 0.000000
vt 0.402299 0.000000
vt 0.397701 0.000000
vt 0.395402 0.000000
vt 0.393103 0.000000
vt 0.390805 0.000000
vt 0.811494 0.000000
vt 0.388506 0.000000
vt 0.813793 0.000000
vt 0.816092 0.000000
vt 0.386207 0.000000
vt 0.818391 0.000000
vt 0.383908 0.000000
vt 0.820690 0.000000
vt 0.822989 0.000000
vt 0.381609 0.000000
vt 0.825287 0.000000
vt 0.377012 0.000000
vt 0.829885 0.000000
vt 0.832184 0.000000
vt 0.374713 0.000000
vt 0.834483 0.000000
vt 0.372414 0.000000
vt 0.836782 0.000000
vt 0.370115 0.000000
vt 0.839080 0.000000
vt 0.367816 0.000000
vt 0.841379 0.000000
vt 0.365517 0.000000
vt 0.843678 0.000000
vt 0.363218 0.000000
vt 0.845977 0.000000
vt 0.360920 0.000000
vt 0.848276 0.000000
vt 0.358621 0.000000
vt 0.850575 0.000000
vt 0.356322 0.000000
vt 0.852874 0.000000
vt 0.354023 0.000000
vt 0.351724 0.000000
vt 0.855172 0.000000
vt 0.349425 0.000000
vt 0.857471 0.000000
vt 0.347126 0.000000
vt 0.859770 0.000000
vt 0.342529 0.000000
vt 0.340230 0.000000
vt 0.864368 0.000000
vt 0.337931 0.000000
vt 0.335632 0.000000
vt 0.866667 0.000000
vt 0.333333 0.000000
vt 0.868966 0.000000
vt 0.871264 0.000000
vt 0.873563 0.000000
vt 0.875862 0.000000
vt 0.331034 0.000000
vt 0.878161 0.000000
vt 0.328736 0.000000
vt 0.326437 0.000000
vt 0.880460 0.000000
vt 0.324138 0.000000
vt 0.321839 0.000000
vt 0.319540 0.000000
vt 0.882759 0.000000
vt 0.317241 0.000000
vt 0.314943 0.000000
vt 0.885057 0.000000
vt 0.312644 0.000000
vt 0.887356 0.000000
vt 0.308046 0.000000
vt 0.305747 0.000000
vt 0.303448 0.000000
vt 0.889655 0.000000
vt 0.301149 0.000000
vt 0.298851 0.000000
vt 0.296552 0.000000
vt 0.891954 0.000000
vt 0.294253 0.000000
vt 0.291954 0.000000
vt 0.894253 0.000000
vt 0.289655 0.000000
vt 0.287356 0.000000
vt 0.285057 0.000000
vt 0.282759 0.000000
vt 0.280460 0.000000
vt 0.898851 0.000000
vt 0.278161 0.000000
vt 0.901149 0.000000
vt 0.273563 0.000000
vt 0.903448 0.000000
vt 0.271264 0.000000
vt 0.905747 0.000000
vt 0.268966 0.000000
vt 0.908046 0.000000
vt 0.266667 0.000000
vt 0.910345 0.000000
vt 0.264368 0.000000
vt 0.912644 0.000000
vt 0.262069 0.000000
vt 0.914943 0.000000
vt 0.259770 0.000000
vt 0.917241 0.000000
vt 0.257471 0.000000
vt 0.919540 0.000000
vt 0.255172 0.000000
vt 0.921839 0.000000
vt 0.252874 0.000000
vt 0.250575 0.000000
vt 0.924138 0.000000
vt 0.248276 0.000000
vt 0.926437 0.000000
vt 0.245977 0.000000
vt 0.928736 0.000000
vt 0.243678 0.000000
vt 0.239080 0.000000
vt 0.933333 0.000000
vt 0.236782 0.000000
vt 0.935632 0.000000
vt 0.234483 0.000000
vt 0.937931 0.000000
vt 0.232184 0.000000
vt 0.940230 0.000000
vt 0.229885 0.000000
vt 0.942529 0.000000
vt 0.110345 0.000000
vt 0.114943 0.000000
vt 0.112644 0.000000
vt 0.227586 0.000000
vt 0.117241 0.000000
vt 0.225287 0.000000
vt 0.944828 0.000000
vt 0.119540 0.000000
vt 0.121839 0.000000
vt 0.222989 0.000000
vt 0.947126 0.000000
vt 0.124138 0.000000
vt 0.220690 0.000000
vt 0.126437 0.000000
vt 0.949425 0.000000
vt 0.128736 0.000000
vt 0.218391 0.000000
vt 0.131034 0.000000
vt 0.216092 0.000000
vt 0.133333 0.000000
vt 0.951724 0.000000
vt 0.135632 0.000000
vt 0.213793 0.000000
vt 0.954023 0.000000
vt 0.211494 0.000000
vt 0.140230 0.000000
vt 0.142529 0.000000
vt 0.144828 0.000000
vt 0.209195 0.000000
vt 0.147126 0.000000
vt 0.149425 0.000000
vt 0.151724 0.000000
vt 0.956322 0.000000
vt 0.154023 0.000000
vt 0.156322 0.000000
vt 0.158621 0.000000
vt 0.204598 0.000000
vt 0.160920 0.000000
vt 0.163218 0.000000
vt 0.165517 0.000000
vt 0.202299 0.000000
vt 0.167816 0.000000
vt 0.170115 0.000000
vt 0.958621 0.000000
vt 0.174713 0.000000
vt 0.177011 0.000000
vt 0.179310 0.000000
vt 0.181609 0.000000
vt 0.197701 0.000000
vt 0.183908 0.000000
vt 0.186207 0.000000
vt 0.188506 0.000000
vt 0.195402 0.000000
vt 0.190805 0.000000
vt 0.193103 0.000000
vt 0.960920 0.000000
vt 0.963218 0.000000
vt 0.967816 0.000000
vt 0.970115 0.000000
vt 0.108046 0.000000
vt 0.105747 0.000000
vt 0.972414 0.000000
vt 0.101149 0.000000
vt 0.098851 0.000000
vt 0.096552 0.000000
vt 0.974713 0.000000
vt 0.094253 0.000000
vt 0.091954 0.000000
vt 0.089655 0.000000
vt 0.977012 0.000000
vt 0.087356 0.000000
vt 0.085057 0.000000
vt 0.082759 0.000000
vt 0.080460 0.000000
vt 0.979310 0.000000
vt 0.078161 0.000000
vt 0.075862 0.000000
vt 0.073563 0.000000
vt 0.981609 0.000000
vt 0.071264 0.000000
vt 0.066667 0.000000
vt 0.064368 0.000000
vt 0.983908 0.000000
vt 0.062069 0.000000
vt 0.059770 0.000000
vt 0.057471 0.000000
vt 0.986207 0.000000
vt 0.055172 0.000000
vt 0.052874 0.000000
vt 0.050575 0.000000
vt 0.048276 0.000000
vt 0.988506 0.000000
vt 0.045977 0.000000
vt 0.043678 0.000000
vt 0.041379 0.000000
vt 0.039080 0.000000
vt 0.990805 0.000000
vt 0.036782 0.000000
vt 0.032184 0.000000
vt 0.993103 0.000000
vt 0.029885 0.000000
vt 0.027586 0.000000
vt 0.025287 0.000000
vt 0.022989 0.000000
vt 0.995402 0.000000
vt 0.020690 0.000000
vt 0.018391 0.000000
vt 0.016092 0.000000
vt 0.997701 0.000000
vt 0.013793 0.000000
vt 0.011494 0.000000
vt 0.009195 0.000000
vt 0.006897 0.000000
vt 0.004598 0.000000
vt 0.002299 0.000000
s 0
f 50/1/1 52/2/1 51/3/1
f 50/1/1 53/4/1 52/2/1
f 53/4/1 55/5/1 54/6/1
f 53/4/1 56/7/1 55/5/1
f 53/4/1 57/8/1 56/7/1
f 53/4/1 58/9/1 57/8/1
f 53/4/1 59/10/1 58/9/1
f 53/4/1 60/11/1 59/10/1
f 53/4/1 61/12/1 60/11/1
f 53/4/1 62/13/1 61/12/1
f 53/4/1 63/14/1 62/13/1
f 53/4/1 64/15/1 63/14/1
f 53/4/1 65/16/1 64/15/1
f 53/4/1 66/17/1 65/16/1
f 53/4/1 67/18/1 66/17/1
f 53/4/1 68/19/1 67/18/1
f 53/4/1 69/20/1 68/19/1
f 53/4/1 70/21/1 69/20/1
f 53/4/1 71/22/1 70/21/1
f 53/4/1 72/23/1 71/22/1
f 53/4/1 73/24/1 72/23/1
f 53/4/1 74/25/1 73/24/1
f 53/4/1 75/26/1 74/25/1
f 53/4/1 76/27/1 75/26/1
f 53/4/1 77/28/1 76/27/1
f 53/4/1 78/29/1 77/28/1
f 53/4/1 79/30/1 78/29/1
f 53/4/1 80/31/1 79/30/1
f 53/4/1 81/32/1 80/31/1
f 53/4/1 82/33/1 81/32/1
f 53/4/1 83/34/1 82/33/1
f 53/4/1 84/35/1 83/34/1
f 53/4/1 85/36/1 84/35/1
f 53/4/1 86/37/1 85/36/1
f 53/4/1 87/38/1 86/37/1
f 53/4/1 88/39/1 87/38/1
f 53/4/1 89/40/1 88/39/1
f 53/4/1 90/41/1 89/40/1
f 53/4/1 91/42/1 90/41/1
f 53/4/1 92/43/1 91/42/1
f 53/4/1 93/44/1 92/43/1
f 53/4/1 94/45/1 93/44/1
f 53/4/1 95/46/1 94/45/1
f 53/4/1 96/47/1 95/46/1
f 53/4/1 97/48/1 96/47/1
f 53/4/1 98/49/1 97/48/1
f 50/1/1 98/49/1 53/4/1
f 50/1/1 99/50/1 98/49/1
f 50/1/1 100/51/1 99/50/1
f 50/1/1 101/52/1 100/51/1
f 50/1/1 102/53/1 101/52/1
f 50/1/1 103/54/1 102/53/1
f 50/1/1 104/55/1 103/54/1
f 50/1/1 105/56/1 104/55/1
f 50/1/1 106/57/1 105/56/1
f 50/1/1 107/58/1 106/57/1
f 50/1/1 108/59/1 107/58/1
f 50/1/1 109/60/1 108/59/1
f 50/1/1 110/61/1 109/60/1
f 50/1/1 111/62/1 110/61/1
f 50/1/1 112/63/1 111/62/1
f 50/1/1 113/64/1 112/63/1
f 50/1/1 114/65/1 113/64/1
f 50/1/1 115/66/1 114/65/1
f 50/1/1 116/67/1 115/66/1
f 50/1/1 117/68/1 116/67/1
f 50/1/1 118/69/1 117/68/1
f 50/1/1 119/70/1 118/69/1
f 50/1/1 120/71/1 119/70/1
f 50/1/1 121/72/1 120/71/1
f 49/73/1 121/72/1 50/1/1
f 48/74/1 121/72/1 49/73/1
f 48/74/1 122/75/1 121/72/1
f 47/76/1 122/75/1 48/74/1
f 47/76/1 123/77/1 122/75/1
f 46/78/1 123/77/1 47/76/1
f 45/79/1 123/77/1 46/78/1
f 45/79/1 124/80/1 123/77/1
f 44/81/1 124/80/1 45/79/1
f 44/81/1 125/82/1 124/80/1
f 43/83/1 125/82/1 44/81/1
f 42/84/1 125/82/1 43/83/1
f 42/84/1 126/85/1 125/82/1
f 41/86/1 126/85/1 42/84/1
f 41/86/1 127/87/1 126/85/1
f 40/88/1 127/87/1 41/86/1
f 40/88/1 128/89/1 127/87/1
f 39/90/1 128/89/1 40/88/1
f 38/91/1 128/89/1 39/90/1
f 37/92/1 128/89/1 38/91/1
f 37/92/1 129/93/1 128/89/1
f 36/94/1 129/93/1 37/92/1
f 35/95/1 129/93/1 36/94/1
f 35/95/1 130/96/1 129/93/1
f 34/97/1 130/96/1 35/95/1
f 33/98/1 130/96/1 34/97/1
f 33/98/1 131/99/1 130/96/1
f 32/100/1 131/99/1 33/98/1
f 32/100/1 132/101/1 131/99/1
f 31/102/1 132/101/1 32/100/1
f 30/103/1 132/101/1 31/102/1
f 30/103/1 133/104/1 132/101/1
f 29/105/1 133/104/1 30/103/1
f 29/105/1 134/106/1 133/104/1
f 28/107/1 134/106/1 29/105/1
f 28/107/1 135/108/1 134/106/1
f 27/109/1 135/108/1 28/107/1
f 27/109/1 136/110/1 135/108/1
f 26/111/1 136/110/1 27/109/1
f 25/112/1 136/110/1 26/111/1
f 25/112/1 137/113/1 136/110/1
f 24/114/1 137/113/1 25/112/1
f 24/114/1 138/115/1 137/113/1
f 23/116/1 138/115/1 24/114/1
f 23/116/1 139/117/1 138/115/1
f 22/118/1 139/117/1 23/116/1
f 22/118/1 140/119/1 139/117/1
f 21/120/1 140/119/1 22/118/1
f 21/120/1 141/121/1 140/119/1
f 20/122/1 141/121/1 21/120/1
f 20/122/1 142/123/1 141/121/1
f 19/124/1 142/123/1 20/122/1
f 19/124/1 143/125/1 142/123/1
f 18/126/1 143/125/1 19/124/1
f 18/126/1 144/127/1 143/125/1
f 17/128/1 144/127/1 18/126/1
f 16/129/1 144/127/1 17/128/1
f 16/129/1 145/130/1 144/127/1
f 15/131/1 145/130/1 16/129/1
f 15/131/1 146/132/1 145/130/1
f 14/133/1 146/132/1 15/131/1
f 14/133/1 147/134/1 146/132/1
f 13/135/1 147/134/1 14/133/1
f 13/135/1 148/136/1 147/134/1
f 12/137/1 148/136/1 13/135/1
f 12/137/1 149/138/1 148/136/1
f 11/139/1 149/138/1 12/137/1
f 10/140/1 149/138/1 11/139/1
f 10/140/1 150/141/1 149/138/1
f 9/142/1 150/141/1 10/140/1
f 9/142/1 151/143/1 150/141/1
f 8/144/1 151/143/1 9/142/1
f 7/145/1 151/143/1 8/144/1
f 7/145/1 152/146/1 151/143/1
f 6/147/1 152/146/1 7/145/1
f 5/148/1 152/146/1 6/147/1
f 4/149/1 152/146/1 5/148/1
f 3/150/1 152/146/1 4/149/1
f 2/151/1 152/146/1 3/150/1
f 176/152/1 2/151/1 1/153/1
f 176/152/1 152/146/1 2/151/1
f 176/152/1 153/154/1 152/146/1
f 176/152/1 154/155/1 153/154/1
f 176/152/1 155/156/1 154/155/1
f 176/152/1 156/157/1 155/156/1
f 176/152/1 157/158/1 156/157/1
f 176/152/1 158/159/1 157/158/1
f 176/152/1 159/160/1 158/159/1
f 176/152/1 160/161/1 159/160/1
f 176/152/1 161/162/1 160/161/1
f 176/152/1 162/163/1 161/162/1
f 176/152/1 163/164/1 162/163/1
f 176/152/1 164/165/1 163/164/1
f 176/152/1 165/166/1 164/165/1
f 176/152/1 166/167/1 165/166/1
f 176/152/1 167/168/1 166/167/1
f 176/152/1 168/169/1 167/168/1
f 176/152/1 169/170/1 168/169/1
f 176/152/1 170/171/1 169/170/1
f 176/152/1 171/172/1 170/171/1
f 176/152/1 172/173/1 171/172/1
f 176/152/1 173/174/1 172/173/1
f 176/152/1 174/175/1 173/174/1
f 176/152/1 175/176/1 174/175/1
f 287/177/1 289/178/1 288/27/1
f 286/179/1 289/178/1 287/177/1
f 286/179/1 290/180/1 289/178/1
f 285/181/1 290/180/1 286/179/1
f 285/181/1 291/182/1 290/180/1
f 284/183/1 291/182/1 285/181/1
f 284/183/1 292/184/1 291/182/1
f 283/185/1 292/184/1 284/183/1
f 283/185/1 293/186/1 292/184/1
f 282/187/1 293/186/1 283/185/1
f 282/187/1 294/188/1 293/186/1
f 281/189/1 294/188/1 282/187/1
f 281/189/1 295/190/1 294/188/1
f 280/191/1 295/190/1 281/189/1
f 280/191/1 296/192/1 295/190/1
f 279/193/1 296/192/1 280/191/1
f 279/193/1 297/194/1 296/192/1
f 278/195/1 297/194/1 279/193/1
f 278/195/1 298/196/1 297/194/1
f 277/197/1 298/196/1 278/195/1
f 277/197/1 299/198/1 298/196/1
f 276/199/1 299/198/1 277/197/1
f 276/199/1 300/200/1 299/198/1
f 275/201/1 274/202/1 276/199/1
f 274/202/1 273/203/1 276/199/1
f 273/203/1 272/204/1 276/199/1
f 272/204/1 271/205/1 276/199/1
f 271/205/1 270/206/1 276/199/1
f 270/206/1 269/207/1 276/199/1
f 269/207/1 268/208/1 276/199/1
f 268/208/1 267/209/1 276/199/1
f 267/209/1 300/200/1 276/199/1
f 267/209/1 266/210/1 300/200/1
f 266/210/1 301/211/1 300/200/1
f 266/210/1 265/212/1 301/211/1
f 265/212/1 302/213/1 301/211/1
f 265/212/1 264/214/1 302/213/1
f 264/214/1 303/215/1 302/213/1
f 264/214/1 304/216/1 303/215/1
f 264/214/1 263/217/1 304/216/1
f 263/217/1 262/218/1 304/216/1
f 262/218/1 305/219/1 304/216/1
f 261/220/1 305/219/1 262/218/1
f 260/221/1 305/219/1 261/220/1
f 259/222/1 305/219/1 260/221/1
f 258/223/1 305/219/1 259/222/1
f 258/223/1 306/224/1 305/219/1
f 257/225/1 306/224/1 258/223/1
f 256/226/1 306/224/1 257/225/1
f 255/227/1 306/224/1 256/226/1
f 254/228/1 306/224/1 255/227/1
f 254/228/1 307/229/1 306/224/1
f 253/230/1 307/229/1 254/228/1
f 252/231/1 307/229/1 253/230/1
f 251/3/1 307/229/1 252/231/1
f 251/3/1 308/232/1 307/229/1
f 250/233/1 308/232/1 251/3/1
f 249/234/1 308/232/1 250/233/1
f 249/234/1 309/235/1 308/232/1
f 248/236/1 309/235/1 249/234/1
f 247/237/1 309/235/1 248/236/1
f 247/237/1 310/238/1 309/235/1
f 246/239/1 310/238/1 247/237/1
f 245/240/1 310/238/1 246/239/1
f 245/240/1 311/241/1 310/238/1
f 244/242/1 311/241/1 245/240/1
f 243/243/1 311/241/1 244/242/1
f 243/243/1 312/244/1 311/241/1
f 242/245/1 312/244/1 243/243/1
f 241/246/1 312/244/1 242/245/1
f 241/246/1 313/247/1 312/244/1
f 240/248/1 313/247/1 241/246/1
f 240/248/1 314/249/1 313/247/1
f 240/248/1 315/250/1 314/249/1
f 239/251/1 315/250/1 240/248/1
f 239/251/1 316/252/1 315/250/1
f 238/253/1 316/252/1 239/251/1
f 238/253/1 317/254/1 316/252/1
f 238/253/1 318/255/1 317/254/1
f 238/253/1 319/256/1 318/255/1
f 238/253/1 320/257/1 319/256/1
f 238/253/1 321/258/1 320/257/1
f 236/259/1 238/253/1 237/260/1
f 236/259/1 321/258/1 238/253/1
f 235/261/1 321/258/1 236/259/1
f 234/262/1 321/258/1 235/261/1
f 233/263/1 321/258/1 234/262/1
f 232/264/1 321/258/1 233/263/1
f 232/264/1 322/265/1 321/258/1
f 231/266/1 322/265/1 232/264/1
f 230/267/1 322/265/1 231/266/1
f 229/268/1 322/265/1 230/267/1
f 228/269/1 322/265/1 229/268/1
f 228/269/1 323/270/1 322/265/1
f 227/271/1 323/270/1 228/269/1
f 226/272/1 323/270/1 227/271/1
f 225/273/1 323/270/1 226/272/1
f 225/273/1 324/274/1 323/270/1
f 224/275/1 324/274/1 225/273/1
f 223/276/1 324/274/1 224/275/1
f 223/276/1 364/277/1 324/274/1
f 364/277/1 325/52/1 324/274/1
f 222/278/1 364/277/1 223/276/1
f 221/279/1 364/277/1 222/278/1
f 220/280/1 364/277/1 221/279/1
f 219/281/1 364/277/1 220/280/1
f 218/282/1 364/277/1 219/281/1
f 217/283/1 364/277/1 218/282/1
f 216/284/1 370/285/1 217/283/1
f 370/285/1 369/286/1 217/283/1
f 369/286/1 368/287/1 217/283/1
f 368/287/1 367/288/1 217/283/1
f 367/288/1 366/289/1 217/283/1
f 366/289/1 365/290/1 217/283/1
f 365/290/1 364/277/1 217/283/1
f 363/291/1 325/52/1 364/277/1
f 216/284/1 371/292/1 370/285/1
f 216/284/1 372/293/1 371/292/1
f 216/284/1 373/294/1 372/293/1
f 216/284/1 374/295/1 373/294/1
f 216/284/1 375/296/1 374/295/1
f 216/284/1 376/297/1 375/296/1
f 216/284/1 377/298/1 376/297/1
f 216/284/1 378/299/1 377/298/1
f 216/284/1 379/300/1 378/299/1
f 216/284/1 380/301/1 379/300/1
f 216/284/1 381/302/1 380/301/1
f 216/284/1 382/303/1 381/302/1
f 215/304/1 382/303/1 216/284/1
f 215/304/1 383/305/1 382/303/1
f 215/304/1 384/306/1 383/305/1
f 215/304/1 385/307/1 384/306/1
f 215/304/1 386/308/1 385/307/1
f 215/304/1 387/309/1 386/308/1
f 215/304/1 388/310/1 387/309/1
f 214/111/1 388/310/1 215/304/1
f 214/111/1 389/311/1 388/310/1
f 214/111/1 390/312/1 389/311/1
f 214/111/1 391/313/1 390/312/1
f 213/314/1 391/313/1 214/111/1
f 362/85/1 325/52/1 363/291/1
f 213/314/1 392/315/1 391/313/1
f 213/314/1 393/316/1 392/315/1
f 213/314/1 394/317/1 393/316/1
f 212/318/1 394/317/1 213/314/1
f 212/318/1 395/319/1 394/317/1
f 212/318/1 396/320/1 395/319/1
f 361/321/1 325/52/1 362/85/1
f 211/322/1 396/320/1 212/318/1
f 211/322/1 397/323/1 396/320/1
f 211/322/1 398/324/1 397/323/1
f 210/325/1 398/324/1 211/322/1
f 210/325/1 399/143/1 398/324/1
f 360/326/1 325/52/1 361/321/1
f 210/325/1 400/327/1 399/143/1
f 209/328/1 400/327/1 210/325/1
f 209/328/1 401/329/1 400/327/1
f 209/328/1 402/330/1 401/329/1
f 208/331/1 402/330/1 209/328/1
f 359/332/1 325/52/1 360/326/1
f 208/331/1 403/333/1 402/330/1
f 208/331/1 404/334/1 403/333/1
f 207/335/1 404/334/1 208/331/1
f 207/335/1 405/336/1 404/334/1
f 358/337/1 325/52/1 359/332/1
f 206/338/1 405/336/1 207/335/1
f 206/338/1 406/339/1 405/336/1
f 206/338/1 407/340/1 406/339/1
f 357/341/1 325/52/1 358/337/1
f 205/342/1 407/340/1 206/338/1
f 205/342/1 408/343/1 407/340/1
f 205/342/1 409/344/1 408/343/1
f 204/345/1 409/344/1 205/342/1
f 356/346/1 325/52/1 357/341/1
f 204/345/1 410/347/1 409/344/1
f 203/348/1 410/347/1 204/345/1
f 203/348/1 411/349/1 410/347/1
f 355/350/1 325/52/1 356/346/1
f 203/348/1 412/351/1 411/349/1
f 202/352/1 412/351/1 203/348/1
f 202/352/1 413/353/1 412/351/1
f 354/354/1 325/52/1 355/350/1
f 202/352/1 414/355/1 413/353/1
f 201/356/1 414/355/1 202/352/1
f 201/356/1 415/357/1 414/355/1
f 353/358/1 325/52/1 354/354/1
f 200/359/1 415/357/1 201/356/1
f 200/359/1 416/360/1 415/357/1
f 352/361/1 325/52/1 353/358/1
f 200/359/1 417/362/1 416/360/1
f 199/363/1 417/362/1 200/359/1
f 199/363/1 418/364/1 417/362/1
f 351/365/1 327/366/1 352/361/1
f 327/366/1 325/52/1 352/361/1
f 199/363/1 419/367/1 418/364/1
f 198/368/1 419/367/1 199/363/1
f 350/369/1 327/366/1 351/365/1
f 198/368/1 420/370/1 419/367/1
f 198/368/1 421/371/1 420/370/1
f 349/372/1 327/366/1 350/369/1
f 197/373/1 421/371/1 198/368/1
f 197/373/1 422/374/1 421/371/1
f 348/375/1 327/366/1 349/372/1
f 197/373/1 423/376/1 422/374/1
f 196/377/1 423/376/1 197/373/1
f 196/377/1 424/378/1 423/376/1
f 347/379/1 327/366/1 348/375/1
f 196/377/1 425/380/1 424/378/1
f 195/381/1 425/380/1 196/377/1
f 195/381/1 426/382/1 425/380/1
f 346/383/1 327/366/1 347/379/1
f 346/383/1 328/384/1 327/366/1
f 326/385/1 325/52/1 327/366/1
f 195/381/1 427/386/1 426/382/1
f 345/387/1 328/384/1 346/383/1
f 195/381/1 428/388/1 427/386/1
f 194/389/1 428/388/1 195/381/1
f 194/389/1 429/390/1 428/388/1
f 344/391/1 328/384/1 345/387/1
f 194/389/1 430/392/1 429/390/1
f 343/393/1 328/384/1 344/391/1
f 194/389/1 431/394/1 430/392/1
f 194/389/1 432/395/1 431/394/1
f 342/396/1 328/384/1 343/393/1
f 193/397/1 432/395/1 194/389/1
f 342/396/1 329/398/1 328/384/1
f 193/397/1 433/399/1 432/395/1
f 341/400/1 329/398/1 342/396/1
f 193/397/1 434/401/1 433/399/1
f 193/397/1 435/402/1 434/401/1
f 340/403/1 329/398/1 341/400/1
f 193/397/1 436/152/1 435/402/1
f 339/404/1 329/398/1 340/403/1
f 193/397/1 339/404/1 436/152/1
f 193/397/1 329/398/1 339/404/1
f 192/405/1 329/398/1 193/397/1
f 192/405/1 330/406/1 329/398/1
f 191/407/1 330/406/1 192/405/1
f 190/408/1 330/406/1 191/407/1
f 190/408/1 331/409/1 330/406/1
f 189/410/1 331/409/1 190/408/1
f 189/410/1 332/411/1 331/409/1
f 188/412/1 332/411/1 189/410/1
f 187/413/1 332/411/1 188/412/1
f 187/413/1 333/414/1 332/411/1
f 186/415/1 333/414/1 187/413/1
f 186/415/1 334/416/1 333/414/1
f 185/417/1 334/416/1 186/415/1
f 184/418/1 334/416/1 185/417/1
f 184/418/1 335/419/1 334/416/1
f 183/420/1 335/419/1 184/418/1
f 183/420/1 336/421/1 335/419/1
f 182/422/1 336/421/1 183/420/1
f 181/423/1 336/421/1 182/422/1
f 181/423/1 337/424/1 336/421/1
f 180/425/1 337/424/1 181/423/1
f 180/425/1 338/426/1 337/424/1
f 179/427/1 338/426/1 180/425/1
f 178/428/1 338/426/1 179/427/1
f 178/428/1 177/153/1 338/426/1
f 475/429/1 477/430/1 476/27/1
f 475/429/1 474/431/1 477/430/1
f 474/431/1 478/432/1 477/430/1
f 473/433/1 478/432/1 474/431/1
f 472/434/1 478/432/1 473/433/1
f 472/434/1 479/435/1 478/432/1
f 472/434/1 480/436/1 479/435/1
f 471/437/1 480/436/1 472/434/1
f 471/437/1 481/438/1 480/436/1
f 471/437/1 482/439/1 481/438/1
f 471/437/1 483/440/1 482/439/1
f 470/441/1 483/440/1 471/437/1
f 470/441/1 484/442/1 483/440/1
f 470/441/1 485/443/1 484/442/1
f 469/444/1 485/443/1 470/441/1
f 469/444/1 486/445/1 485/443/1
f 468/446/1 486/445/1 469/444/1
f 468/446/1 487/447/1 486/445/1
f 467/448/1 487/447/1 468/446/1
f 467/448/1 488/449/1 487/447/1
f 467/448/1 489/52/1 488/449/1
f 466/450/1 489/52/1 467/448/1
f 466/450/1 490/451/1 489/52/1
f 465/452/1 490/451/1 466/450/1
f 465/452/1 491/453/1 490/451/1
f 464/454/1 491/453/1 465/452/1
f 464/454/1 492/455/1 491/453/1
f 463/3/1 492/455/1 464/454/1
f 463/3/1 493/456/1 492/455/1
f 462/457/1 493/456/1 463/3/1
f 462/457/1 494/458/1 493/456/1
f 461/459/1 494/458/1 462/457/1
f 460/460/1 494/458/1 461/459/1
f 460/460/1 495/461/1 494/458/1
f 459/462/1 495/461/1 460/460/1
f 459/462/1 496/463/1 495/461/1
f 458/464/1 496/463/1 459/462/1
f 458/464/1 497/465/1 496/463/1
f 457/466/1 497/465/1 458/464/1
f 457/466/1 498/467/1 497/465/1
f 456/468/1 498/467/1 457/466/1
f 456/468/1 499/469/1 498/467/1
f 455/470/1 499/469/1 456/468/1
f 455/470/1 500/471/1 499/469/1
f 455/470/1 501/472/1 500/471/1
f 454/473/1 501/472/1 455/470/1
f 454/473/1 502/85/1 501/472/1
f 453/474/1 502/85/1 454/473/1
f 453/474/1 503/475/1 502/85/1
f 452/476/1 503/475/1 453/474/1
f 451/477/1 503/475/1 452/476/1
f 451/477/1 504/478/1 503/475/1
f 450/111/1 504/478/1 451/477/1
f 449/479/1 504/478/1 450/111/1
f 448/480/1 504/478/1 449/479/1
f 448/480/1 505/481/1 504/478/1
f 448/480/1 506/482/1 505/481/1
f 448/480/1 507/483/1 506/482/1
f 448/480/1 508/484/1 507/483/1
f 448/480/1 509/485/1 508/484/1
f 448/480/1 510/486/1 509/485/1
f 447/487/1 510/486/1 448/480/1
f 447/487/1 511/488/1 510/486/1
f 447/487/1 512/489/1 511/488/1
f 447/487/1 513/490/1 512/489/1
f 447/487/1 514/491/1 513/490/1
f 447/487/1 515/143/1 514/491/1
f 447/487/1 516/492/1 515/143/1
f 446/493/1 516/492/1 447/487/1
f 446/493/1 517/494/1 516/492/1
f 446/493/1 518/495/1 517/494/1
f 446/493/1 519/496/1 518/495/1
f 446/493/1 520/497/1 519/496/1
f 446/493/1 521/498/1 520/497/1
f 446/493/1 522/499/1 521/498/1
f 446/493/1 523/500/1 522/499/1
f 446/493/1 524/501/1 523/500/1
f 446/493/1 525/502/1 524/501/1
f 446/493/1 526/503/1 525/502/1
f 446/493/1 527/504/1 526/503/1
f 446/493/1 528/152/1 527/504/1
f 445/505/1 528/152/1 446/493/1
f 444/506/1 528/152/1 445/505/1
f 443/507/1 528/152/1 444/506/1
f 442/508/1 528/152/1 443/507/1
f 441/509/1 528/152/1 442/508/1
f 440/510/1 528/152/1 441/509/1
f 439/511/1 528/152/1 440/510/1
f 438/512/1 528/152/1 439/511/1
f 437/153/1 528/152/1 438/512/1
f 542/513/1 544/514/1 543/515/1
f 542/513/1 545/516/1 544/514/1
f 541/517/1 545/516/1 542/513/1
f 541/517/1 546/518/1 545/516/1
f 540/519/1 546/518/1 541/517/1
f 540/519/1 547/520/1 546/518/1
f 539/521/1 547/520/1 540/519/1
f 539/521/1 548/522/1 547/520/1
f 539/521/1 549/523/1 548/522/1
f 538/524/1 549/523/1 539/521/1
f 538/524/1 550/525/1 549/523/1
f 629/526/1 530/527/1 529/153/1
f 629/526/1 531/528/1 530/527/1
f 537/529/1 550/525/1 538/524/1
f 537/529/1 551/530/1 550/525/1
f 536/531/1 551/530/1 537/529/1
f 536/531/1 552/532/1 551/530/1
f 535/533/1 552/532/1 536/531/1
f 535/533/1 553/534/1 552/532/1
f 535/533/1 554/535/1 553/534/1
f 534/536/1 554/535/1 535/533/1
f 534/536/1 555/537/1 554/535/1
f 533/538/1 555/537/1 534/536/1
f 533/538/1 556/539/1 555/537/1
f 532/540/1 556/539/1 533/538/1
f 532/540/1 557/541/1 556/539/1
f 531/528/1 691/542/1 532/540/1
f 691/542/1 557/541/1 532/540/1
f 691/542/1 690/543/1 557/541/1
f 690/543/1 689/544/1 557/541/1
f 689/544/1 558/545/1 557/541/1
f 531/528/1 692/546/1 691/542/1
f 688/547/1 558/545/1 689/544/1
f 531/528/1 693/548/1 692/546/1
f 687/549/1 558/545/1 688/547/1
f 531/528/1 694/550/1 693/548/1
f 686/551/1 558/545/1 687/549/1
f 531/528/1 695/552/1 694/550/1
f 685/553/1 558/545/1 686/551/1
f 531/528/1 696/554/1 695/552/1
f 531/528/1 697/555/1 696/554/1
f 684/556/1 558/545/1 685/553/1
f 684/556/1 559/557/1 558/545/1
f 629/526/1 723/558/1 531/528/1
f 723/558/1 722/559/1 531/528/1
f 722/559/1 721/560/1 531/528/1
f 721/560/1 720/561/1 531/528/1
f 720/561/1 719/562/1 531/528/1
f 719/562/1 718/563/1 531/528/1
f 718/563/1 717/564/1 531/528/1
f 717/564/1 716/565/1 531/528/1
f 716/565/1 715/566/1 531/528/1
f 715/566/1 714/567/1 531/528/1
f 714/567/1 713/568/1 531/528/1
f 713/568/1 712/569/1 531/528/1
f 712/569/1 711/570/1 531/528/1
f 711/570/1 710/571/1 531/528/1
f 710/571/1 709/572/1 531/528/1
f 709/572/1 708/573/1 531/528/1
f 708/573/1 707/574/1 531/528/1
f 707/574/1 706/575/1 531/528/1
f 706/575/1 705/576/1 531/528/1
f 705/576/1 704/577/1 531/528/1
f 704/577/1 703/578/1 531/528/1
f 703/578/1 702/579/1 531/528/1
f 702/579/1 701/580/1 531/528/1
f 701/580/1 700/581/1 531/528/1
f 700/581/1 699/582/1 531/528/1
f 699/582/1 698/583/1 531/528/1
f 698/583/1 697/555/1 531/528/1
f 683/584/1 559/557/1 684/556/1
f 682/585/1 559/557/1 683/584/1
f 681/586/1 559/557/1 682/585/1
f 681/586/1 560/587/1 559/557/1
f 680/588/1 560/587/1 681/586/1
f 679/589/1 560/587/1 680/588/1
f 678/590/1 560/587/1 679/589/1
f 678/590/1 561/591/1 560/587/1
f 677/592/1 561/591/1 678/590/1
f 676/593/1 561/591/1 677/592/1
f 676/593/1 562/594/1 561/591/1
f 675/595/1 562/594/1 676/593/1
f 674/596/1 562/594/1 675/595/1
f 674/596/1 563/597/1 562/594/1
f 673/598/1 563/597/1 674/596/1
f 672/599/1 563/597/1 673/598/1
f 672/599/1 564/600/1 563/597/1
f 671/601/1 564/600/1 672/599/1
f 671/601/1 565/602/1 564/600/1
f 670/603/1 565/602/1 671/601/1
f 669/604/1 565/602/1 670/603/1
f 669/604/1 566/605/1 565/602/1
f 668/606/1 566/605/1 669/604/1
f 667/607/1 566/605/1 668/606/1
f 667/607/1 567/608/1 566/605/1
f 666/609/1 567/608/1 667/607/1
f 666/609/1 568/610/1 567/608/1
f 665/611/1 568/610/1 666/609/1
f 665/611/1 569/612/1 568/610/1
f 629/526/1 724/613/1 723/558/1
f 664/614/1 569/612/1 665/611/1
f 629/526/1 725/615/1 724/613/1
f 664/614/1 570/616/1 569/612/1
f 663/617/1 570/616/1 664/614/1
f 629/526/1 726/618/1 725/615/1
f 663/617/1 571/619/1 570/616/1
f 629/526/1 727/620/1 726/618/1
f 662/621/1 571/619/1 663/617/1
f 662/621/1 572/622/1 571/619/1
f 629/526/1 728/623/1 727/620/1
f 661/624/1 572/622/1 662/621/1
f 629/526/1 729/625/1 728/623/1
f 661/624/1 573/626/1 572/622/1
f 629/526/1 730/627/1 729/625/1
f 660/628/1 573/626/1 661/624/1
f 660/628/1 574/629/1 573/626/1
f 629/526/1 731/630/1 730/627/1
f 659/631/1 574/629/1 660/628/1
f 629/526/1 732/632/1 731/630/1
f 659/631/1 575/633/1 574/629/1
f 658/634/1 575/633/1 659/631/1
f 629/526/1 733/635/1 732/632/1
f 658/634/1 576/636/1 575/633/1
f 629/526/1 734/637/1 733/635/1
f 657/638/1 576/636/1 658/634/1
f 657/638/1 577/639/1 576/636/1
f 629/526/1 735/640/1 734/637/1
f 656/641/1 577/639/1 657/638/1
f 656/641/1 578/642/1 577/639/1
f 629/526/1 736/643/1 735/640/1
f 655/644/1 578/642/1 656/641/1
f 629/526/1 737/645/1 736/643/1
f 655/644/1 579/646/1 578/642/1
f 654/647/1 579/646/1 655/644/1
f 629/526/1 738/648/1 737/645/1
f 654/647/1 580/649/1 579/646/1
f 629/526/1 739/650/1 738/648/1
f 653/651/1 580/649/1 654/647/1
f 653/651/1 581/652/1 580/649/1
f 652/653/1 581/652/1 653/651/1
f 629/526/1 740/654/1 739/650/1
f 652/653/1 582/655/1 581/652/1
f 651/656/1 582/655/1 652/653/1
f 629/526/1 741/657/1 740/654/1
f 651/656/1 583/658/1 582/655/1
f 650/659/1 583/658/1 651/656/1
f 629/526/1 742/660/1 741/657/1
f 650/659/1 584/661/1 583/658/1
f 649/662/1 584/661/1 650/659/1
f 629/526/1 743/663/1 742/660/1
f 649/662/1 585/664/1 584/661/1
f 648/665/1 585/664/1 649/662/1
f 629/526/1 744/666/1 743/663/1
f 648/665/1 586/667/1 585/664/1
f 647/668/1 586/667/1 648/665/1
f 629/526/1 627/669/1 744/666/1
f 627/669/1 745/670/1 744/666/1
f 647/668/1 587/671/1 586/667/1
f 646/672/1 587/671/1 647/668/1
f 627/669/1 746/673/1 745/670/1
f 645/674/1 587/671/1 646/672/1
f 645/674/1 588/675/1 587/671/1
f 627/669/1 747/676/1 746/673/1
f 644/677/1 588/675/1 645/674/1
f 644/677/1 589/678/1 588/675/1
f 627/669/1 748/679/1 747/676/1
f 643/680/1 589/678/1 644/677/1
f 643/680/1 590/681/1 589/678/1
f 627/669/1 749/682/1 748/679/1
f 642/683/1 590/681/1 643/680/1
f 642/683/1 591/684/1 590/681/1
f 627/669/1 750/685/1 749/682/1
f 641/686/1 591/684/1 642/683/1
f 627/669/1 751/687/1 750/685/1
f 640/688/1 591/684/1 641/686/1
f 640/688/1 592/689/1 591/684/1
f 627/669/1 752/690/1 751/687/1
f 639/691/1 592/689/1 640/688/1
f 627/669/1 753/692/1 752/690/1
f 639/691/1 593/693/1 592/689/1
f 638/694/1 593/693/1 639/691/1
f 627/669/1 754/695/1 753/692/1
f 637/696/1 593/693/1 638/694/1
f 637/696/1 594/697/1 593/693/1
f 627/669/1 755/698/1 754/695/1
f 636/699/1 594/697/1 637/696/1
f 627/669/1 756/700/1 755/698/1
f 635/701/1 594/697/1 636/699/1
f 627/669/1 757/702/1 756/700/1
f 635/701/1 595/703/1 594/697/1
f 629/526/1 628/704/1 627/669/1
f 626/705/1 757/702/1 627/669/1
f 634/706/1 595/703/1 635/701/1
f 626/705/1 758/707/1 757/702/1
f 633/708/1 595/703/1 634/706/1
f 626/705/1 759/709/1 758/707/1
f 632/710/1 595/703/1 633/708/1
f 626/705/1 760/711/1 759/709/1
f 632/710/1 596/712/1 595/703/1
f 631/713/1 596/712/1 632/710/1
f 626/705/1 761/152/1 760/711/1
f 630/714/1 596/712/1 631/713/1
f 626/705/1 630/714/1 761/152/1
f 626/705/1 596/712/1 630/714/1
f 626/705/1 597/715/1 596/712/1
f 625/716/1 597/715/1 626/705/1
f 625/716/1 598/717/1 597/715/1
f 624/718/1 598/717/1 625/716/1
f 624/718/1 599/719/1 598/717/1
f 624/718/1 600/720/1 599/719/1
f 623/721/1 600/720/1 624/718/1
f 623/721/1 601/722/1 600/720/1
f 623/721/1 602/723/1 601/722/1
f 622/724/1 602/723/1 623/721/1
f 622/724/1 603/725/1 602/723/1
f 622/724/1 604/726/1 603/725/1
f 621/727/1 604/726/1 622/724/1
f 621/727/1 605/728/1 604/726/1
f 620/729/1 605/728/1 621/727/1
f 620/729/1 606/730/1 605/728/1
f 620/729/1 607/731/1 606/730/1
f 619/732/1 607/731/1 620/729/1
f 619/732/1 608/733/1 607/731/1
f 619/732/1 609/734/1 608/733/1
f 618/735/1 609/734/1 619/732/1
f 618/735/1 610/736/1 609/734/1
f 617/737/1 610/736/1 618/735/1
f 617/737/1 611/738/1 610/736/1
f 617/737/1 612/739/1 611/738/1
f 616/740/1 612/739/1 617/737/1
f 616/740/1 613/741/1 612/739/1
f 616/740/1 614/742/1 613/741/1
f 615/743/1 614/742/1 616/740/1
f 833/744/1 835/745/1 834/746/1
f 832/747/1 835/745/1 833/744/1
f 832/747/1 836/748/1 835/745/1
f 831/749/1 836/748/1 832/747/1
f 831/749/1 837/750/1 836/748/1
f 830/751/1 837/750/1 831/749/1
f 829/752/1 837/750/1 830/751/1
f 829/752/1 838/753/1 837/750/1
f 828/754/1 838/753/1 829/752/1
f 828/754/1 839/755/1 838/753/1
f 827/756/1 839/755/1 828/754/1
f 827/756/1 840/757/1 839/755/1
f 826/758/1 840/757/1 827/756/1
f 825/759/1 840/757/1 826/758/1
f 825/759/1 841/760/1 840/757/1
f 824/761/1 841/760/1 825/759/1
f 824/761/1 842/762/1 841/760/1
f 823/763/1 842/762/1 824/761/1
f 822/764/1 842/762/1 823/763/1
f 822/764/1 843/765/1 842/762/1
f 821/766/1 843/765/1 822/764/1
f 821/766/1 844/767/1 843/765/1
f 820/768/1 844/767/1 821/766/1
f 820/768/1 845/769/1 844/767/1
f 819/770/1 845/769/1 820/768/1
f 818/771/1 845/769/1 819/770/1
f 818/771/1 846/772/1 845/769/1
f 817/773/1 846/772/1 818/771/1
f 817/773/1 847/774/1 846/772/1
f 816/775/1 847/774/1 817/773/1
f 815/776/1 847/774/1 816/775/1
f 815/776/1 848/777/1 847/774/1
f 814/778/1 848/777/1 815/776/1
f 814/778/1 954/779/1 848/777/1
f 954/779/1 953/780/1 848/777/1
f 953/780/1 849/781/1 848/777/1
f 813/782/1 955/783/1 814/778/1
f 955/783/1 954/779/1 814/778/1
f 952/784/1 849/781/1 953/780/1
f 813/782/1 956/785/1 955/783/1
f 951/786/1 849/781/1 952/784/1
f 813/782/1 957/787/1 956/785/1
f 950/788/1 849/781/1 951/786/1
f 813/782/1 958/789/1 957/787/1
f 949/790/1 849/781/1 950/788/1
f 813/782/1 959/791/1 958/789/1
f 948/792/1 849/781/1 949/790/1
f 948/792/1 850/793/1 849/781/1
f 812/794/1 959/791/1 813/782/1
f 812/794/1 960/795/1 959/791/1
f 947/796/1 850/793/1 948/792/1
f 812/794/1 961/797/1 960/795/1
f 946/798/1 850/793/1 947/796/1
f 812/794/1 962/799/1 961/797/1
f 811/800/1 962/799/1 812/794/1
f 945/801/1 850/793/1 946/798/1
f 811/800/1 963/802/1 962/799/1
f 945/801/1 851/803/1 850/793/1
f 944/804/1 851/803/1 945/801/1
f 811/800/1 964/805/1 963/802/1
f 810/806/1 964/805/1 811/800/1
f 943/807/1 851/803/1 944/804/1
f 810/806/1 965/808/1 964/805/1
f 942/809/1 851/803/1 943/807/1
f 942/809/1 852/810/1 851/803/1
f 809/811/1 965/808/1 810/806/1
f 809/811/1 966/812/1 965/808/1
f 941/813/1 852/810/1 942/809/1
f 809/811/1 967/814/1 966/812/1
f 940/815/1 852/810/1 941/813/1
f 808/816/1 967/814/1 809/811/1
f 940/815/1 853/817/1 852/810/1
f 808/816/1 968/818/1 967/814/1
f 939/819/1 853/817/1 940/815/1
f 807/820/1 968/818/1 808/816/1
f 807/820/1 969/821/1 968/818/1
f 938/822/1 853/817/1 939/819/1
f 938/822/1 854/823/1 853/817/1
f 807/820/1 970/824/1 969/821/1
f 806/825/1 970/824/1 807/820/1
f 937/826/1 854/823/1 938/822/1
f 806/825/1 971/827/1 970/824/1
f 805/828/1 971/827/1 806/825/1
f 937/826/1 855/829/1 854/823/1
f 936/830/1 855/829/1 937/826/1
f 805/828/1 972/831/1 971/827/1
f 804/832/1 972/831/1 805/828/1
f 935/833/1 855/829/1 936/830/1
f 804/832/1 973/834/1 972/831/1
f 935/833/1 856/835/1 855/829/1
f 934/836/1 856/835/1 935/833/1
f 803/837/1 973/834/1 804/832/1
f 803/837/1 974/838/1 973/834/1
f 933/839/1 856/835/1 934/836/1
f 933/839/1 857/840/1 856/835/1
f 802/841/1 974/838/1 803/837/1
f 802/841/1 975/842/1 974/838/1
f 932/843/1 857/840/1 933/839/1
f 801/844/1 975/842/1 802/841/1
f 801/844/1 976/845/1 975/842/1
f 932/843/1 858/846/1 857/840/1
f 801/844/1 977/847/1 976/845/1
f 800/848/1 977/847/1 801/844/1
f 931/849/1 858/846/1 932/843/1
f 800/848/1 978/850/1 977/847/1
f 799/851/1 978/850/1 800/848/1
f 931/849/1 859/852/1 858/846/1
f 930/853/1 859/852/1 931/849/1
f 799/851/1 979/854/1 978/850/1
f 798/855/1 979/854/1 799/851/1
f 930/853/1 860/856/1 859/852/1
f 929/857/1 860/856/1 930/853/1
f 798/855/1 980/858/1 979/854/1
f 797/859/1 980/858/1 798/855/1
f 929/857/1 861/860/1 860/856/1
f 928/861/1 861/860/1 929/857/1
f 797/859/1 981/862/1 980/858/1
f 928/861/1 862/863/1 861/860/1
f 796/864/1 981/862/1 797/859/1
f 927/865/1 862/863/1 928/861/1
f 796/864/1 982/866/1 981/862/1
f 927/865/1 863/867/1 862/863/1
f 795/868/1 982/866/1 796/864/1
f 926/869/1 863/867/1 927/865/1
f 795/868/1 983/870/1 982/866/1
f 926/869/1 864/871/1 863/867/1
f 794/872/1 983/870/1 795/868/1
f 925/873/1 864/871/1 926/869/1
f 794/872/1 984/874/1 983/870/1
f 925/873/1 865/875/1 864/871/1
f 793/876/1 984/874/1 794/872/1
f 924/877/1 865/875/1 925/873/1
f 793/876/1 985/878/1 984/874/1
f 924/877/1 866/879/1 865/875/1
f 792/880/1 985/878/1 793/876/1
f 923/881/1 866/879/1 924/877/1
f 792/880/1 986/882/1 985/878/1
f 923/881/1 867/883/1 866/879/1
f 791/884/1 986/882/1 792/880/1
f 922/885/1 867/883/1 923/881/1
f 922/885/1 868/886/1 867/883/1
f 791/884/1 987/887/1 986/882/1
f 790/888/1 987/887/1 791/884/1
f 921/889/1 868/886/1 922/885/1
f 921/889/1 869/890/1 868/886/1
f 790/888/1 988/891/1 987/887/1
f 789/892/1 988/891/1 790/888/1
f 920/893/1 869/890/1 921/889/1
f 920/893/1 870/894/1 869/890/1
f 789/892/1 989/895/1 988/891/1
f 788/896/1 989/895/1 789/892/1
f 919/897/1 870/894/1 920/893/1
f 919/897/1 871/898/1 870/894/1
f 788/896/1 990/899/1 989/895/1
f 787/900/1 990/899/1 788/896/1
f 918/901/1 871/898/1 919/897/1
f 918/901/1 872/902/1 871/898/1
f 786/903/1 990/899/1 787/900/1
f 786/903/1 991/904/1 990/899/1
f 917/905/1 872/902/1 918/901/1
f 917/905/1 873/906/1 872/902/1
f 785/907/1 991/904/1 786/903/1
f 785/907/1 992/908/1 991/904/1
f 916/909/1 873/906/1 917/905/1
f 916/909/1 874/910/1 873/906/1
f 785/907/1 993/911/1 992/908/1
f 915/912/1 874/910/1 916/909/1
f 915/912/1 875/913/1 874/910/1
f 784/914/1 993/911/1 785/907/1
f 914/915/1 875/913/1 915/912/1
f 784/914/1 994/916/1 993/911/1
f 914/915/1 876/917/1 875/913/1
f 913/918/1 876/917/1 914/915/1
f 783/919/1 994/916/1 784/914/1
f 783/919/1 995/920/1 994/916/1
f 913/918/1 877/921/1 876/917/1
f 912/922/1 877/921/1 913/918/1
f 783/919/1 996/923/1 995/920/1
f 912/922/1 878/924/1 877/921/1
f 782/925/1 996/923/1 783/919/1
f 911/926/1 878/924/1 912/922/1
f 782/925/1 997/927/1 996/923/1
f 911/926/1 879/928/1 878/924/1
f 910/929/1 879/928/1 911/926/1
f 782/925/1 998/930/1 997/927/1
f 781/931/1 998/930/1 782/925/1
f 910/929/1 880/932/1 879/928/1
f 909/933/1 880/932/1 910/929/1
f 781/931/1 999/934/1 998/930/1
f 908/935/1 880/932/1 909/933/1
f 908/935/1 881/936/1 880/932/1
f 780/937/1 999/934/1 781/931/1
f 780/937/1 1000/938/1 999/934/1
f 907/939/1 881/936/1 908/935/1
f 907/939/1 882/940/1 881/936/1
f 780/937/1 1001/941/1 1000/938/1
f 906/942/1 882/940/1 907/939/1
f 779/943/1 1001/941/1 780/937/1
f 779/943/1 1002/944/1 1001/941/1
f 906/942/1 883/945/1 882/940/1
f 905/946/1 883/945/1 906/942/1
f 779/943/1 1003/947/1 1002/944/1
f 904/948/1 883/945/1 905/946/1
f 778/949/1 1003/947/1 779/943/1
f 778/949/1 1004/950/1 1003/947/1
f 903/951/1 883/945/1 904/948/1
f 778/949/1 1005/952/1 1004/950/1
f 902/953/1 883/945/1 903/951/1
f 902/953/1 884/954/1 883/945/1
f 778/949/1 1006/955/1 1005/952/1
f 777/956/1 1006/955/1 778/949/1
f 901/957/1 884/954/1 902/953/1
f 777/956/1 1007/958/1 1006/955/1
f 900/959/1 884/954/1 901/957/1
f 777/956/1 1008/960/1 1007/958/1
f 899/961/1 884/954/1 900/959/1
f 777/956/1 1009/962/1 1008/960/1
f 776/963/1 1009/962/1 777/956/1
f 898/964/1 884/954/1 899/961/1
f 776/963/1 1010/965/1 1009/962/1
f 897/966/1 884/954/1 898/964/1
f 897/966/1 885/967/1 884/954/1
f 776/963/1 1011/968/1 1010/965/1
f 896/969/1 885/967/1 897/966/1
f 776/963/1 1012/970/1 1011/968/1
f 895/971/1 885/967/1 896/969/1
f 776/963/1 1013/152/1 1012/970/1
f 894/972/1 885/967/1 895/971/1
f 776/963/1 894/972/1 1013/152/1
f 776/963/1 885/967/1 894/972/1
f 775/973/1 885/967/1 776/963/1
f 775/973/1 886/974/1 885/967/1
f 774/975/1 886/974/1 775/973/1
f 773/976/1 886/974/1 774/975/1
f 773/976/1 887/977/1 886/974/1
f 772/978/1 887/977/1 773/976/1
f 772/978/1 888/979/1 887/977/1
f 771/980/1 888/979/1 772/978/1
f 770/981/1 888/979/1 771/980/1
f 770/981/1 889/982/1 888/979/1
f 769/983/1 889/982/1 770/981/1
f 769/983/1 890/984/1 889/982/1
f 768/985/1 890/984/1 769/983/1
f 767/986/1 890/984/1 768/985/1
f 767/986/1 891/987/1 890/984/1
f 766/988/1 891/987/1 767/986/1
f 766/988/1 892/989/1 891/987/1
f 765/990/1 892/989/1 766/988/1
f 764/991/1 892/989/1 765/990/1
f 764/991/1 893/992/1 892/989/1
f 763/993/1 893/992/1 764/991/1
f 763/993/1 762/153/1 893/992/1
f 1078/994/1 1080/995/1 1079/996/1
f 1078/994/1 1081/997/1 1080/995/1
f 1076/998/1 1078/994/1 1077/999/1
f 1076/998/1 1081/997/1 1078/994/1
f 1076/998/1 1082/1000/1 1081/997/1
f 1076/998/1 1083/1001/1 1082/1000/1
f 1075/1002/1 1083/1001/1 1076/998/1
f 1074/1003/1 1084/1004/1 1075/1002/1
f 1084/1004/1 1083/1001/1 1075/1002/1
f 1074/1003/1 1085/1005/1 1084/1004/1
f 1073/1006/1 1085/1005/1 1074/1003/1
f 1073/1006/1 1086/1007/1 1085/1005/1
f 1073/1006/1 1087/1008/1 1086/1007/1
f 1072/1009/1 1087/1008/1 1073/1006/1
f 1072/1009/1 1088/1010/1 1087/1008/1
f 1071/27/1 1088/1010/1 1072/1009/1
f 1071/27/1 1089/1011/1 1088/1010/1
f 1071/27/1 1090/52/1 1089/1011/1
f 1070/1012/1 1090/52/1 1071/27/1
f 1070/1012/1 1091/1013/1 1090/52/1
f 1069/1014/1 1091/1013/1 1070/1012/1
f 1069/1014/1 1092/1015/1 1091/1013/1
f 1068/1016/1 1092/1015/1 1069/1014/1
f 1068/1016/1 1093/1017/1 1092/1015/1
f 1068/1016/1 1094/1018/1 1093/1017/1
f 1067/1019/1 1094/1018/1 1068/1016/1
f 1067/1019/1 1095/1020/1 1094/1018/1
f 1066/1021/1 1095/1020/1 1067/1019/1
f 1066/1021/1 1096/1022/1 1095/1020/1
f 1066/1021/1 1097/1023/1 1096/1022/1
f 1065/1024/1 1097/1023/1 1066/1021/1
f 1065/1024/1 1098/1025/1 1097/1023/1
f 1064/1026/1 1098/1025/1 1065/1024/1
f 1064/1026/1 1099/1027/1 1098/1025/1
f 1063/1028/1 1099/1027/1 1064/1026/1
f 1063/1028/1 1100/1029/1 1099/1027/1
f 1063/1028/1 1101/1030/1 1100/1029/1
f 1062/1031/1 1101/1030/1 1063/1028/1
f 1062/1031/1 1102/1032/1 1101/1030/1
f 1061/1033/1 1102/1032/1 1062/1031/1
f 1061/1033/1 1103/1034/1 1102/1032/1
f 1061/1033/1 1104/1035/1 1103/1034/1
f 1060/1036/1 1104/1035/1 1061/1033/1
f 1060/1036/1 1105/1037/1 1104/1035/1
f 1059/1038/1 1105/1037/1 1060/1036/1
f 1059/1038/1 1106/1039/1 1105/1037/1
f 1059/1038/1 1107/1040/1 1106/1039/1
f 1058/1041/1 1107/1040/1 1059/1038/1
f 1058/1041/1 1108/1042/1 1107/1040/1
f 1057/1043/1 1108/1042/1 1058/1041/1
f 1057/1043/1 1109/85/1 1108/1042/1
f 1057/1043/1 1110/1044/1 1109/85/1
f 1056/1045/1 1110/1044/1 1057/1043/1
f 1055/1046/1 1110/1044/1 1056/1045/1
f 1055/1046/1 1111/1047/1 1110/1044/1
f 1054/1048/1 1111/1047/1 1055/1046/1
f 1053/1049/1 1111/1047/1 1054/1048/1
f 1053/1049/1 1112/1050/1 1111/1047/1
f 1052/3/1 1112/1050/1 1053/1049/1
f 1052/3/1 1113/1051/1 1112/1050/1
f 1051/1052/1 1113/1051/1 1052/3/1
f 1050/1053/1 1113/1051/1 1051/1052/1
f 1050/1053/1 1114/1054/1 1113/1051/1
f 1049/1055/1 1114/1054/1 1050/1053/1
f 1049/1055/1 1115/1056/1 1114/1054/1
f 1049/1055/1 1116/1057/1 1115/1056/1
f 1048/1058/1 1116/1057/1 1049/1055/1
f 1048/1058/1 1117/1059/1 1116/1057/1
f 1048/1058/1 1118/1060/1 1117/1059/1
f 1048/1058/1 1119/1061/1 1118/1060/1
f 1047/1062/1 1119/1061/1 1048/1058/1
f 1047/1062/1 1120/1063/1 1119/1061/1
f 1047/1062/1 1121/1064/1 1120/1063/1
f 1047/1062/1 1122/1065/1 1121/1064/1
f 1046/1066/1 1122/1065/1 1047/1062/1
f 1046/1066/1 1123/1067/1 1122/1065/1
f 1046/1066/1 1124/1068/1 1123/1067/1
f 1046/1066/1 1125/1069/1 1124/1068/1
f 1045/1070/1 1125/1069/1 1046/1066/1
f 1045/1070/1 1126/1071/1 1125/1069/1
f 1045/1070/1 1127/1072/1 1126/1071/1
f 1045/1070/1 1128/143/1 1127/1072/1
f 1045/1070/1 1129/1073/1 1128/143/1
f 1045/1070/1 1130/1074/1 1129/1073/1
f 1044/1075/1 1130/1074/1 1045/1070/1
f 1044/1075/1 1131/1076/1 1130/1074/1
f 1044/1075/1 1132/1077/1 1131/1076/1
f 1044/1075/1 1133/1078/1 1132/1077/1
f 1044/1075/1 1134/1079/1 1133/1078/1
f 1044/1075/1 1135/1080/1 1134/1079/1
f 1044/1075/1 1136/1081/1 1135/1080/1
f 1044/1075/1 1137/1082/1 1136/1081/1
f 1044/1075/1 1138/1083/1 1137/1082/1
f 1044/1075/1 1139/1084/1 1138/1083/1
f 1044/1075/1 1140/1085/1 1139/1084/1
f 1043/1086/1 1140/1085/1 1044/1075/1
f 1043/1086/1 1141/1087/1 1140/1085/1
f 1043/1086/1 1142/1088/1 1141/1087/1
f 1043/1086/1 1143/1089/1 1142/1088/1
f 1043/1086/1 1144/1090/1 1143/1089/1
f 1043/1086/1 1145/1091/1 1144/1090/1
f 1043/1086/1 1146/1092/1 1145/1091/1
f 1043/1086/1 1147/152/1 1146/1092/1
f 1042/1093/1 1147/152/1 1043/1086/1
f 1041/1094/1 1147/152/1 1042/1093/1
f 1040/1095/1 1147/152/1 1041/1094/1
f 1039/1096/1 1147/152/1 1040/1095/1
f 1038/1097/1 1147/152/1 1039/1096/1
f 1037/1098/1 1147/152/1 1038/1097/1
f 1036/1099/1 1147/152/1 1037/1098/1
f 1035/1100/1 1147/152/1 1036/1099/1
f 1034/1101/1 1147/152/1 1035/1100/1
f 1033/111/1 1147/152/1 1034/1101/1
f 1032/1102/1 1147/152/1 1033/111/1
f 1031/1103/1 1147/152/1 1032/1102/1
f 1030/1104/1 1147/152/1 1031/1103/1
f 1029/1105/1 1147/152/1 1030/1104/1
f 1028/1106/1 1147/152/1 1029/1105/1
f 1027/1107/1 1147/152/1 1028/1106/1
f 1026/1108/1 1147/152/1 1027/1107/1
f 1025/1109/1 1147/152/1 1026/1108/1
f 1024/1110/1 1147/152/1 1025/1109/1
f 1023/1111/1 1147/152/1 1024/1110/1
f 1022/1112/1 1147/152/1 1023/1111/1
f 1021/1113/1 1147/152/1 1022/1112/1
f 1020/1114/1 1147/152/1 1021/1113/1
f 1019/1115/1 1147/152/1 1020/1114/1
f 1018/1116/1 1147/152/1 1019/1115/1
f 1017/1117/1 1147/152/1 1018/1116/1
f 1016/1118/1 1147/152/1 1017/1117/1
f 1015/1119/1 1147/152/1 1016/1118/1
f 1014/153/1 1147/152/1 1015/1119/1
f 1212/994/1 1214/995/1 1213/996/1
f 1212/994/1 1215/997/1 1214/995/1
f 1210/998/1 1212/994/1 1211/999/1
f 1210/998/1 1215/997/1 1212/994/1
f 1210/998/1 1216/1000/1 1215/997/1
f 1210/998/1 1217/1001/1 1216/1000/1
f 1209/1002/1 1217/1001/1 1210/998/1
f 1208/1003/1 1218/1004/1 1209/1002/1
f 1218/1004/1 1217/1001/1 1209/1002/1
f 1208/1003/1 1219/1005/1 1218/1004/1
f 1207/1006/1 1219/1005/1 1208/1003/1
f 1207/1006/1 1220/1007/1 1219/1005/1
f 1207/1006/1 1221/1008/1 1220/1007/1
f 1206/1009/1 1221/1008/1 1207/1006/1
f 1206/1009/1 1222/1010/1 1221/1008/1
f 1205/27/1 1222/1010/1 1206/1009/1
f 1205/27/1 1223/1011/1 1222/1010/1
f 1205/27/1 1224/52/1 1223/1011/1
f 1204/1012/1 1224/52/1 1205/27/1
f 1204/1012/1 1225/1013/1 1224/52/1
f 1203/1014/1 1225/1013/1 1204/1012/1
f 1203/1014/1 1226/1015/1 1225/1013/1
f 1202/1016/1 1226/1015/1 1203/1014/1
f 1202/1016/1 1227/1017/1 1226/1015/1
f 1202/1016/1 1228/1018/1 1227/1017/1
f 1201/1019/1 1228/1018/1 1202/1016/1
f 1201/1019/1 1229/1020/1 1228/1018/1
f 1200/1021/1 1229/1020/1 1201/1019/1
f 1200/1021/1 1230/1022/1 1229/1020/1
f 1200/1021/1 1231/1023/1 1230/1022/1
f 1199/1024/1 1231/1023/1 1200/1021/1
f 1199/1024/1 1232/1025/1 1231/1023/1
f 1198/1026/1 1232/1025/1 1199/1024/1
f 1198/1026/1 1233/1027/1 1232/1025/1
f 1197/1028/1 1233/1027/1 1198/1026/1
f 1197/1028/1 1234/1029/1 1233/1027/1
f 1197/1028/1 1235/1030/1 1234/1029/1
f 1196/1031/1 1235/1030/1 1197/1028/1
f 1196/1031/1 1236/1032/1 1235/1030/1
f 1195/1033/1 1236/1032/1 1196/1031/1
f 1195/1033/1 1237/1034/1 1236/1032/1
f 1195/1033/1 1238/1035/1 1237/1034/1
f 1194/1036/1 1238/1035/1 1195/1033/1
f 1194/1036/1 1239/1037/1 1238/1035/1
f 1193/1038/1 1239/1037/1 1194/1036/1
f 1193/1038/1 1240/1039/1 1239/1037/1
f 1193/1038/1 1241/1040/1 1240/1039/1
f 1192/1041/1 1241/1040/1 1193/1038/1
f 1192/1041/1 1242/1042/1 1241/1040/1
f 1191/1043/1 1242/1042/1 1192/1041/1
f 1191/1043/1 1243/85/1 1242/1042/1
f 1191/1043/1 1244/1044/1 1243/85/1
f 1190/1045/1 1244/1044/1 1191/1043/1
f 1189/1046/1 1244/1044/1 1190/1045/1
f 1189/1046/1 1245/1047/1 1244/1044/1
f 1188/1048/1 1245/1047/1 1189/1046/1
f 1187/1049/1 1245/1047/1 1188/1048/1
f 1187/1049/1 1246/1050/1 1245/1047/1
f 1186/3/1 1246/1050/1 1187/1049/1
f 1186/3/1 1247/1051/1 1246/1050/1
f 1185/1052/1 1247/1051/1 1186/3/1
f 1184/1053/1 1247/1051/1 1185/1052/1
f 1184/1053/1 1248/1054/1 1247/1051/1
f 1183/1055/1 1248/1054/1 1184/1053/1
f 1183/1055/1 1249/1056/1 1248/1054/1
f 1183/1055/1 1250/1057/1 1249/1056/1
f 1182/1058/1 1250/1057/1 1183/1055/1
f 1182/1058/1 1251/1059/1 1250/1057/1
f 1182/1058/1 1252/1060/1 1251/1059/1
f 1182/1058/1 1253/1061/1 1252/1060/1
f 1181/1062/1 1253/1061/1 1182/1058/1
f 1181/1062/1 1254/1063/1 1253/1061/1
f 1181/1062/1 1255/1064/1 1254/1063/1
f 1181/1062/1 1256/1065/1 1255/1064/1
f 1180/1066/1 1256/1065/1 1181/1062/1
f 1180/1066/1 1257/1067/1 1256/1065/1
f 1180/1066/1 1258/1068/1 1257/1067/1
f 1180/1066/1 1259/1069/1 1258/1068/1
f 1179/1070/1 1259/1069/1 1180/1066/1
f 1179/1070/1 1260/1071/1 1259/1069/1
f 1179/1070/1 1261/1072/1 1260/1071/1
f 1179/1070/1 1262/143/1 1261/1072/1
f 1179/1070/1 1263/1073/1 1262/143/1
f 1179/1070/1 1264/1074/1 1263/1073/1
f 1178/1075/1 1264/1074/1 1179/1070/1
f 1178/1075/1 1265/1076/1 1264/1074/1
f 1178/1075/1 1266/1077/1 1265/1076/1
f 1178/1075/1 1267/1078/1 1266/1077/1
f 1178/1075/1 1268/1079/1 1267/1078/1
f 1178/1075/1 1269/1080/1 1268/1079/1
f 1178/1075/1 1270/1081/1 1269/1080/1
f 1178/1075/1 1271/1082/1 1270/1081/1
f 1178/1075/1 1272/1083/1 1271/1082/1
f 1178/1075/1 1273/1084/1 1272/1083/1
f 1178/1075/1 1274/1085/1 1273/1084/1
f 1177/1086/1 1274/1085/1 1178/1075/1
f 1177/1086/1 1275/1087/1 1274/1085/1
f 1177/1086/1 1276/1088/1 1275/1087/1
f 1177/1086/1 1277/1089/1 1276/1088/1
f 1177/1086/1 1278/1090/1 1277/1089/1
f 1177/1086/1 1279/1091/1 1278/1090/1
f 1177/1086/1 1280/1092/1 1279/1091/1
f 1177/1086/1 1281/152/1 1280/1092/1
f 1176/1093/1 1281/152/1 1177/1086/1
f 1175/1094/1 1281/152/1 1176/1093/1
f 1174/1095/1 1281/152/1 1175/1094/1
f 1173/1096/1 1281/152/1 1174/1095/1
f 1172/1097/1 1281/152/1 1173/1096/1
f 1171/1098/1 1281/152/1 1172/1097/1
f 1170/1099/1 1281/152/1 1171/1098/1
f 1169/1100/1 1281/152/1 1170/1099/1
f 1168/1101/1 1281/152/1 1169/1100/1
f 1167/111/1 1281/152/1 1168/1101/1
f 1166/1102/1 1281/152/1 1167/111/1
f 1165/1103/1 1281/152/1 1166/1102/1
f 1164/1104/1 1281/152/1 1165/1103/1
f 1163/1105/1 1281/152/1 1164/1104/1
f 1162/1106/1 1281/152/1 1163/1105/1
f 1161/1107/1 1281/152/1 1162/1106/1
f 1160/1108/1 1281/152/1 1161/1107/1
f 1159/1109/1 1281/152/1 1160/1108/1
f 1158/1110/1 1281/152/1 1159/1109/1
f 1157/1111/1 1281/152/1 1158/1110/1
f 1156/1112/1 1281/152/1 1157/1111/1
f 1155/1113/1 1281/152/1 1156/1112/1
f 1154/1114/1 1281/152/1 1155/1113/1
f 1153/1115/1 1281/152/1 1154/1114/1
f 1152/1116/1 1281/152/1 1153/1115/1
f 1151/1117/1 1281/152/1 1152/1116/1
f 1150/1118/1 1281/152/1 1151/1117/1
f 1149/1119/1 1281/152/1 1150/1118/1
f 1148/153/1 1281/152/1 1149/1119/1
f 1353/744/1 1355/745/1 1354/746/1
f 1352/747/1 1355/745/1 1353/744/1
f 1352/747/1 1356/748/1 1355/745/1
f 1351/749/1 1356/748/1 1352/747/1
f 1351/749/1 1357/750/1 1356/748/1
f 1350/751/1 1357/750/1 1351/749/1
f 1349/752/1 1357/750/1 1350/751/1
f 1349/752/1 1358/753/1 1357/750/1
f 1348/754/1 1358/753/1 1349/752/1
f 1348/754/1 1359/755/1 1358/753/1
f 1347/756/1 1359/755/1 1348/754/1
f 1347/756/1 1360/757/1 1359/755/1
f 1346/758/1 1360/757/1 1347/756/1
f 1345/759/1 1360/757/1 1346/758/1
f 1345/759/1 1361/760/1 1360/757/1
f 1344/761/1 1361/760/1 1345/759/1
f 1344/761/1 1362/762/1 1361/760/1
f 1343/763/1 1362/762/1 1344/761/1
f 1342/764/1 1362/762/1 1343/763/1
f 1342/764/1 1363/765/1 1362/762/1
f 1341/766/1 1363/765/1 1342/764/1
f 1341/766/1 1364/767/1 1363/765/1
f 1340/768/1 1364/767/1 1341/766/1
f 1340/768/1 1365/769/1 1364/767/1
f 1339/770/1 1365/769/1 1340/768/1
f 1338/771/1 1365/769/1 1339/770/1
f 1338/771/1 1366/772/1 1365/769/1
f 1337/773/1 1366/772/1 1338/771/1
f 1337/773/1 1367/774/1 1366/772/1
f 1336/775/1 1367/774/1 1337/773/1
f 1335/776/1 1367/774/1 1336/775/1
f 1335/776/1 1368/777/1 1367/774/1
f 1334/778/1 1368/777/1 1335/776/1
f 1334/778/1 1474/779/1 1368/777/1
f 1474/779/1 1473/780/1 1368/777/1
f 1473/780/1 1369/781/1 1368/777/1
f 1333/782/1 1475/783/1 1334/778/1
f 1475/783/1 1474/779/1 1334/778/1
f 1472/784/1 1369/781/1 1473/780/1
f 1333/782/1 1476/785/1 1475/783/1
f 1471/786/1 1369/781/1 1472/784/1
f 1333/782/1 1477/787/1 1476/785/1
f 1470/788/1 1369/781/1 1471/786/1
f 1333/782/1 1478/789/1 1477/787/1
f 1469/790/1 1369/781/1 1470/788/1
f 1333/782/1 1479/791/1 1478/789/1
f 1468/792/1 1369/781/1 1469/790/1
f 1468/792/1 1370/793/1 1369/781/1
f 1332/794/1 1479/791/1 1333/782/1
f 1332/794/1 1480/795/1 1479/791/1
f 1467/796/1 1370/793/1 1468/792/1
f 1332/794/1 1481/797/1 1480/795/1
f 1466/798/1 1370/793/1 1467/796/1
f 1332/794/1 1482/799/1 1481/797/1
f 1331/800/1 1482/799/1 1332/794/1
f 1465/801/1 1370/793/1 1466/798/1
f 1331/800/1 1483/802/1 1482/799/1
f 1465/801/1 1371/803/1 1370/793/1
f 1464/804/1 1371/803/1 1465/801/1
f 1331/800/1 1484/805/1 1483/802/1
f 1330/806/1 1484/805/1 1331/800/1
f 1463/807/1 1371/803/1 1464/804/1
f 1330/806/1 1485/808/1 1484/805/1
f 1462/809/1 1371/803/1 1463/807/1
f 1462/809/1 1372/810/1 1371/803/1
f 1329/811/1 1485/808/1 1330/806/1
f 1329/811/1 1486/812/1 1485/808/1
f 1461/813/1 1372/810/1 1462/809/1
f 1329/811/1 1487/814/1 1486/812/1
f 1460/815/1 1372/810/1 1461/813/1
f 1328/816/1 1487/814/1 1329/811/1
f 1460/815/1 1373/817/1 1372/810/1
f 1328/816/1 1488/818/1 1487/814/1
f 1459/819/1 1373/817/1 1460/815/1
f 1327/820/1 1488/818/1 1328/816/1
f 1327/820/1 1489/821/1 1488/818/1
f 1458/822/1 1373/817/1 1459/819/1
f 1458/822/1 1374/823/1 1373/817/1
f 1327/820/1 1490/824/1 1489/821/1
f 1326/825/1 1490/824/1 1327/820/1
f 1457/826/1 1374/823/1 1458/822/1
f 1326/825/1 1491/827/1 1490/824/1
f 1325/828/1 1491/827/1 1326/825/1
f 1457/826/1 1375/829/1 1374/823/1
f 1456/830/1 1375/829/1 1457/826/1
f 1325/828/1 1492/831/1 1491/827/1
f 1324/832/1 1492/831/1 1325/828/1
f 1455/833/1 1375/829/1 1456/830/1
f 1324/832/1 1493/834/1 1492/831/1
f 1455/833/1 1376/835/1 1375/829/1
f 1454/836/1 1376/835/1 1455/833/1
f 1323/837/1 1493/834/1 1324/832/1
f 1323/837/1 1494/838/1 1493/834/1
f 1453/839/1 1376/835/1 1454/836/1
f 1453/839/1 1377/840/1 1376/835/1
f 1322/841/1 1494/838/1 1323/837/1
f 1322/841/1 1495/842/1 1494/838/1
f 1452/843/1 1377/840/1 1453/839/1
f 1321/844/1 1495/842/1 1322/841/1
f 1321/844/1 1496/845/1 1495/842/1
f 1452/843/1 1378/846/1 1377/840/1
f 1321/844/1 1497/847/1 1496/845/1
f 1320/848/1 1497/847/1 1321/844/1
f 1451/849/1 1378/846/1 1452/843/1
f 1320/848/1 1498/850/1 1497/847/1
f 1319/851/1 1498/850/1 1320/848/1
f 1451/849/1 1379/852/1 1378/846/1
f 1450/853/1 1379/852/1 1451/849/1
f 1319/851/1 1499/854/1 1498/850/1
f 1318/855/1 1499/854/1 1319/851/1
f 1450/853/1 1380/856/1 1379/852/1
f 1449/857/1 1380/856/1 1450/853/1
f 1318/855/1 1500/858/1 1499/854/1
f 1317/859/1 1500/858/1 1318/855/1
f 1449/857/1 1381/860/1 1380/856/1
f 1448/861/1 1381/860/1 1449/857/1
f 1317/859/1 1501/862/1 1500/858/1
f 1448/861/1 1382/863/1 1381/860/1
f 1316/864/1 1501/862/1 1317/859/1
f 1447/865/1 1382/863/1 1448/861/1
f 1316/864/1 1502/866/1 1501/862/1
f 1447/865/1 1383/867/1 1382/863/1
f 1315/868/1 1502/866/1 1316/864/1
f 1446/869/1 1383/867/1 1447/865/1
f 1315/868/1 1503/870/1 1502/866/1
f 1446/869/1 1384/871/1 1383/867/1
f 1314/872/1 1503/870/1 1315/868/1
f 1445/873/1 1384/871/1 1446/869/1
f 1314/872/1 1504/874/1 1503/870/1
f 1445/873/1 1385/875/1 1384/871/1
f 1313/876/1 1504/874/1 1314/872/1
f 1444/877/1 1385/875/1 1445/873/1
f 1313/876/1 1505/878/1 1504/874/1
f 1444/877/1 1386/879/1 1385/875/1
f 1312/880/1 1505/878/1 1313/876/1
f 1443/881/1 1386/879/1 1444/877/1
f 1312/880/1 1506/882/1 1505/878/1
f 1443/881/1 1387/883/1 1386/879/1
f 1311/884/1 1506/882/1 1312/880/1
f 1442/885/1 1387/883/1 1443/881/1
f 1442/885/1 1388/886/1 1387/883/1
f 1311/884/1 1507/887/1 1506/882/1
f 1310/888/1 1507/887/1 1311/884/1
f 1441/889/1 1388/886/1 1442/885/1
f 1441/889/1 1389/890/1 1388/886/1
f 1310/888/1 1508/891/1 1507/887/1
f 1309/892/1 1508/891/1 1310/888/1
f 1440/893/1 1389/890/1 1441/889/1
f 1440/893/1 1390/894/1 1389/890/1
f 1309/892/1 1509/895/1 1508/891/1
f 1308/896/1 1509/895/1 1309/892/1
f 1439/897/1 1390/894/1 1440/893/1
f 1439/897/1 1391/898/1 1390/894/1
f 1308/896/1 1510/899/1 1509/895/1
f 1307/900/1 1510/899/1 1308/896/1
f 1438/901/1 1391/898/1 1439/897/1
f 1438/901/1 1392/902/1 1391/898/1
f 1306/903/1 1510/899/1 1307/900/1
f 1306/903/1 1511/904/1 1510/899/1
f 1437/905/1 1392/902/1 1438/901/1
f 1437/905/1 1393/906/1 1392/902/1
f 1305/907/1 1511/904/1 1306/903/1
f 1305/907/1 1512/908/1 1511/904/1
f 1436/909/1 1393/906/1 1437/905/1
f 1436/909/1 1394/910/1 1393/906/1
f 1305/907/1 1513/911/1 1512/908/1
f 1435/912/1 1394/910/1 1436/909/1
f 1435/912/1 1395/913/1 1394/910/1
f 1304/914/1 1513/911/1 1305/907/1
f 1434/915/1 1395/913/1 1435/912/1
f 1304/914/1 1514/916/1 1513/911/1
f 1434/915/1 1396/917/1 1395/913/1
f 1433/918/1 1396/917/1 1434/915/1
f 1303/919/1 1514/916/1 1304/914/1
f 1303/919/1 1515/920/1 1514/916/1
f 1433/918/1 1397/921/1 1396/917/1
f 1432/922/1 1397/921/1 1433/918/1
f 1303/919/1 1516/923/1 1515/920/1
f 1432/922/1 1398/924/1 1397/921/1
f 1302/925/1 1516/923/1 1303/919/1
f 1431/926/1 1398/924/1 1432/922/1
f 1302/925/1 1517/927/1 1516/923/1
f 1431/926/1 1399/928/1 1398/924/1
f 1430/929/1 1399/928/1 1431/926/1
f 1302/925/1 1518/930/1 1517/927/1
f 1301/931/1 1518/930/1 1302/925/1
f 1430/929/1 1400/932/1 1399/928/1
f 1429/933/1 1400/932/1 1430/929/1
f 1301/931/1 1519/934/1 1518/930/1
f 1428/935/1 1400/932/1 1429/933/1
f 1428/935/1 1401/936/1 1400/932/1
f 1300/937/1 1519/934/1 1301/931/1
f 1300/937/1 1520/938/1 1519/934/1
f 1427/939/1 1401/936/1 1428/935/1
f 1427/939/1 1402/940/1 1401/936/1
f 1300/937/1 1521/941/1 1520/938/1
f 1426/942/1 1402/940/1 1427/939/1
f 1299/943/1 1521/941/1 1300/937/1
f 1299/943/1 1522/944/1 1521/941/1
f 1426/942/1 1403/945/1 1402/940/1
f 1425/946/1 1403/945/1 1426/942/1
f 1299/943/1 1523/947/1 1522/944/1
f 1424/948/1 1403/945/1 1425/946/1
f 1298/949/1 1523/947/1 1299/943/1
f 1298/949/1 1524/950/1 1523/947/1
f 1423/951/1 1403/945/1 1424/948/1
f 1298/949/1 1525/952/1 1524/950/1
f 1422/953/1 1403/945/1 1423/951/1
f 1422/953/1 1404/954/1 1403/945/1
f 1298/949/1 1526/955/1 1525/952/1
f 1297/956/1 1526/955/1 1298/949/1
f 1421/957/1 1404/954/1 1422/953/1
f 1297/956/1 1527/958/1 1526/955/1
f 1420/959/1 1404/954/1 1421/957/1
f 1297/956/1 1528/960/1 1527/958/1
f 1419/961/1 1404/954/1 1420/959/1
f 1297/956/1 1529/962/1 1528/960/1
f 1296/963/1 1529/962/1 1297/956/1
f 1418/964/1 1404/954/1 1419/961/1
f 1296/963/1 1530/965/1 1529/962/1
f 1417/966/1 1404/954/1 1418/964/1
f 1417/966/1 1405/967/1 1404/954/1
f 1296/963/1 1531/968/1 1530/965/1
f 1416/969/1 1405/967/1 1417/966/1
f 1296/963/1 1532/970/1 1531/968/1
f 1415/971/1 1405/967/1 1416/969/1
f 1296/963/1 1533/152/1 1532/970/1
f 1414/972/1 1405/967/1 1415/971/1
f 1296/963/1 1414/972/1 1533/152/1
f 1296/963/1 1405/967/1 1414/972/1
f 1295/973/1 1405/967/1 1296/963/1
f 1295/973/1 1406/974/1 1405/967/1
f 1294/975/1 1406/974/1 1295/973/1
f 1293/976/1 1406/974/1 1294/975/1
f 1293/976/1 1407/977/1 1406/974/1
f 1292/978/1 1407/977/1 1293/976/1
f 1292/978/1 1408/979/1 1407/977/1
f 1291/980/1 1408/979/1 1292/978/1
f 1290/981/1 1408/979/1 1291/980/1
f 1290/981/1 1409/982/1 1408/979/1
f 1289/983/1 1409/982/1 1290/981/1
f 1289/983/1 1410/984/1 1409/982/1
f 1288/985/1 1410/984/1 1289/983/1
f 1287/986/1 1410/984/1 1288/985/1
f 1287/986/1 1411/987/1 1410/984/1
f 1286/988/1 1411/987/1 1287/986/1
f 1286/988/1 1412/989/1 1411/987/1
f 1285/990/1 1412/989/1 1286/988/1
f 1284/991/1 1412/989/1 1285/990/1
f 1284/991/1 1413/992/1 1412/989/1
f 1283/993/1 1413/992/1 1284/991/1
f 1283/993/1 1282/153/1 1413/992/1
f 1605/744/1 1607/745/1 1606/746/1
f 1604/747/1 1607/745/1 1605/744/1
f 1604/747/1 1608/748/1 1607/745/1
f 1603/749/1 1608/748/1 1604/747/1
f 1603/749/1 1609/750/1 1608/748/1
f 1602/751/1 1609/750/1 1603/749/1
f 1601/752/1 1609/750/1 1602/751/1
f 1601/752/1 1610/753/1 1609/750/1
f 1600/754/1 1610/753/1 1601/752/1
f 1600/754/1 1611/755/1 1610/753/1
f 1599/756/1 1611/755/1 1600/754/1
f 1599/756/1 1612/757/1 1611/755/1
f 1598/758/1 1612/757/1 1599/756/1
f 1597/759/1 1612/757/1 1598/758/1
f 1597/759/1 1613/760/1 1612/757/1
f 1596/761/1 1613/760/1 1597/759/1
f 1596/761/1 1614/762/1 1613/760/1
f 1595/763/1 1614/762/1 1596/761/1
f 1594/764/1 1614/762/1 1595/763/1
f 1594/764/1 1615/765/1 1614/762/1
f 1593/766/1 1615/765/1 1594/764/1
f 1593/766/1 1616/767/1 1615/765/1
f 1592/768/1 1616/767/1 1593/766/1
f 1592/768/1 1617/769/1 1616/767/1
f 1591/770/1 1617/769/1 1592/768/1
f 1590/771/1 1617/769/1 1591/770/1
f 1590/771/1 1618/772/1 1617/769/1
f 1589/773/1 1618/772/1 1590/771/1
f 1589/773/1 1619/774/1 1618/772/1
f 1588/775/1 1619/774/1 1589/773/1
f 1587/776/1 1619/774/1 1588/775/1
f 1587/776/1 1620/777/1 1619/774/1
f 1586/778/1 1620/777/1 1587/776/1
f 1586/778/1 1726/779/1 1620/777/1
f 1726/779/1 1725/780/1 1620/777/1
f 1725/780/1 1621/781/1 1620/777/1
f 1585/782/1 1727/783/1 1586/778/1
f 1727/783/1 1726/779/1 1586/778/1
f 1724/784/1 1621/781/1 1725/780/1
f 1585/782/1 1728/785/1 1727/783/1
f 1723/786/1 1621/781/1 1724/784/1
f 1585/782/1 1729/787/1 1728/785/1
f 1722/788/1 1621/781/1 1723/786/1
f 1585/782/1 1730/789/1 1729/787/1
f 1721/790/1 1621/781/1 1722/788/1
f 1585/782/1 1731/791/1 1730/789/1
f 1720/792/1 1621/781/1 1721/790/1
f 1720/792/1 1622/793/1 1621/781/1
f 1584/794/1 1731/791/1 1585/782/1
f 1584/794/1 1732/795/1 1731/791/1
f 1719/796/1 1622/793/1 1720/792/1
f 1584/794/1 1733/797/1 1732/795/1
f 1718/798/1 1622/793/1 1719/796/1
f 1584/794/1 1734/799/1 1733/797/1
f 1583/800/1 1734/799/1 1584/794/1
f 1717/801/1 1622/793/1 1718/798/1
f 1583/800/1 1735/802/1 1734/799/1
f 1717/801/1 1623/803/1 1622/793/1
f 1716/804/1 1623/803/1 1717/801/1
f 1583/800/1 1736/805/1 1735/802/1
f 1582/806/1 1736/805/1 1583/800/1
f 1715/807/1 1623/803/1 1716/804/1
f 1582/806/1 1737/808/1 1736/805/1
f 1714/809/1 1623/803/1 1715/807/1
f 1714/809/1 1624/810/1 1623/803/1
f 1581/811/1 1737/808/1 1582/806/1
f 1581/811/1 1738/812/1 1737/808/1
f 1713/813/1 1624/810/1 1714/809/1
f 1581/811/1 1739/814/1 1738/812/1
f 1712/815/1 1624/810/1 1713/813/1
f 1580/816/1 1739/814/1 1581/811/1
f 1712/815/1 1625/817/1 1624/810/1
f 1580/816/1 1740/818/1 1739/814/1
f 1711/819/1 1625/817/1 1712/815/1
f 1579/820/1 1740/818/1 1580/816/1
f 1579/820/1 1741/821/1 1740/818/1
f 1710/822/1 1625/817/1 1711/819/1
f 1710/822/1 1626/823/1 1625/817/1
f 1579/820/1 1742/824/1 1741/821/1
f 1578/825/1 1742/824/1 1579/820/1
f 1709/826/1 1626/823/1 1710/822/1
f 1578/825/1 1743/827/1 1742/824/1
f 1577/828/1 1743/827/1 1578/825/1
f 1709/826/1 1627/829/1 1626/823/1
f 1708/830/1 1627/829/1 1709/826/1
f 1577/828/1 1744/831/1 1743/827/1
f 1576/832/1 1744/831/1 1577/828/1
f 1707/833/1 1627/829/1 1708/830/1
f 1576/832/1 1745/834/1 1744/831/1
f 1707/833/1 1628/835/1 1627/829/1
f 1706/836/1 1628/835/1 1707/833/1
f 1575/837/1 1745/834/1 1576/832/1
f 1575/837/1 1746/838/1 1745/834/1
f 1705/839/1 1628/835/1 1706/836/1
f 1705/839/1 1629/840/1 1628/835/1
f 1574/841/1 1746/838/1 1575/837/1
f 1574/841/1 1747/842/1 1746/838/1
f 1704/843/1 1629/840/1 1705/839/1
f 1573/844/1 1747/842/1 1574/841/1
f 1573/844/1 1748/845/1 1747/842/1
f 1704/843/1 1630/846/1 1629/840/1
f 1573/844/1 1749/847/1 1748/845/1
f 1572/848/1 1749/847/1 1573/844/1
f 1703/849/1 1630/846/1 1704/843/1
f 1572/848/1 1750/850/1 1749/847/1
f 1571/851/1 1750/850/1 1572/848/1
f 1703/849/1 1631/852/1 1630/846/1
f 1702/853/1 1631/852/1 1703/849/1
f 1571/851/1 1751/854/1 1750/850/1
f 1570/855/1 1751/854/1 1571/851/1
f 1702/853/1 1632/856/1 1631/852/1
f 1701/857/1 1632/856/1 1702/853/1
f 1570/855/1 1752/858/1 1751/854/1
f 1569/859/1 1752/858/1 1570/855/1
f 1701/857/1 1633/860/1 1632/856/1
f 1700/861/1 1633/860/1 1701/857/1
f 1569/859/1 1753/862/1 1752/858/1
f 1700/861/1 1634/863/1 1633/860/1
f 1568/864/1 1753/862/1 1569/859/1
f 1699/865/1 1634/863/1 1700/861/1
f 1568/864/1 1754/866/1 1753/862/1
f 1699/865/1 1635/867/1 1634/863/1
f 1567/868/1 1754/866/1 1568/864/1
f 1698/869/1 1635/867/1 1699/865/1
f 1567/868/1 1755/870/1 1754/866/1
f 1698/869/1 1636/871/1 1635/867/1
f 1566/872/1 1755/870/1 1567/868/1
f 1697/873/1 1636/871/1 1698/869/1
f 1566/872/1 1756/874/1 1755/870/1
f 1697/873/1 1637/875/1 1636/871/1
f 1565/876/1 1756/874/1 1566/872/1
f 1696/877/1 1637/875/1 1697/873/1
f 1565/876/1 1757/878/1 1756/874/1
f 1696/877/1 1638/879/1 1637/875/1
f 1564/880/1 1757/878/1 1565/876/1
f 1695/881/1 1638/879/1 1696/877/1
f 1564/880/1 1758/882/1 1757/878/1
f 1695/881/1 1639/883/1 1638/879/1
f 1563/884/1 1758/882/1 1564/880/1
f 1694/885/1 1639/883/1 1695/881/1
f 1694/885/1 1640/886/1 1639/883/1
f 1563/884/1 1759/887/1 1758/882/1
f 1562/888/1 1759/887/1 1563/884/1
f 1693/889/1 1640/886/1 1694/885/1
f 1693/889/1 1641/890/1 1640/886/1
f 1562/888/1 1760/891/1 1759/887/1
f 1561/892/1 1760/891/1 1562/888/1
f 1692/893/1 1641/890/1 1693/889/1
f 1692/893/1 1642/894/1 1641/890/1
f 1561/892/1 1761/895/1 1760/891/1
f 1560/896/1 1761/895/1 1561/892/1
f 1691/897/1 1642/894/1 1692/893/1
f 1691/897/1 1643/898/1 1642/894/1
f 1560/896/1 1762/899/1 1761/895/1
f 1559/900/1 1762/899/1 1560/896/1
f 1690/901/1 1643/898/1 1691/897/1
f 1690/901/1 1644/902/1 1643/898/1
f 1558/903/1 1762/899/1 1559/900/1
f 1558/903/1 1763/904/1 1762/899/1
f 1689/905/1 1644/902/1 1690/901/1
f 1689/905/1 1645/906/1 1644/902/1
f 1557/907/1 1763/904/1 1558/903/1
f 1557/907/1 1764/908/1 1763/904/1
f 1688/909/1 1645/906/1 1689/905/1
f 1688/909/1 1646/910/1 1645/906/1
f 1557/907/1 1765/911/1 1764/908/1
f 1687/912/1 1646/910/1 1688/909/1
f 1687/912/1 1647/913/1 1646/910/1
f 1556/914/1 1765/911/1 1557/907/1
f 1686/915/1 1647/913/1 1687/912/1
f 1556/914/1 1766/916/1 1765/911/1
f 1686/915/1 1648/917/1 1647/913/1
f 1685/918/1 1648/917/1 1686/915/1
f 1555/919/1 1766/916/1 1556/914/1
f 1555/919/1 1767/920/1 1766/916/1
f 1685/918/1 1649/921/1 1648/917/1
f 1684/922/1 1649/921/1 1685/918/1
f 1555/919/1 1768/923/1 1767/920/1
f 1684/922/1 1650/924/1 1649/921/1
f 1554/925/1 1768/923/1 1555/919/1
f 1683/926/1 1650/924/1 1684/922/1
f 1554/925/1 1769/927/1 1768/923/1
f 1683/926/1 1651/928/1 1650/924/1
f 1682/929/1 1651/928/1 1683/926/1
f 1554/925/1 1770/930/1 1769/927/1
f 1553/931/1 1770/930/1 1554/925/1
f 1682/929/1 1652/932/1 1651/928/1
f 1681/933/1 1652/932/1 1682/929/1
f 1553/931/1 1771/934/1 1770/930/1
f 1680/935/1 1652/932/1 1681/933/1
f 1680/935/1 1653/936/1 1652/932/1
f 1552/937/1 1771/934/1 1553/931/1
f 1552/937/1 1772/938/1 1771/934/1
f 1679/939/1 1653/936/1 1680/935/1
f 1679/939/1 1654/940/1 1653/936/1
f 1552/937/1 1773/941/1 1772/938/1
f 1678/942/1 1654/940/1 1679/939/1
f 1551/943/1 1773/941/1 1552/937/1
f 1551/943/1 1774/944/1 1773/941/1
f 1678/942/1 1655/945/1 1654/940/1
f 1677/946/1 1655/945/1 1678/942/1
f 1551/943/1 1775/947/1 1774/944/1
f 1676/948/1 1655/945/1 1677/946/1
f 1550/949/1 1775/947/1 1551/943/1
f 1550/949/1 1776/950/1 1775/947/1
f 1675/951/1 1655/945/1 1676/948/1
f 1550/949/1 1777/952/1 1776/950/1
f 1674/953/1 1655/945/1 1675/951/1
f 1674/953/1 1656/954/1 1655/945/1
f 1550/949/1 1778/955/1 1777/952/1
f 1549/956/1 1778/955/1 1550/949/1
f 1673/957/1 1656/954/1 1674/953/1
f 1549/956/1 1779/958/1 1778/955/1
f 1672/959/1 1656/954/1 1673/957/1
f 1549/956/1 1780/960/1 1779/958/1
f 1671/961/1 1656/954/1 1672/959/1
f 1549/956/1 1781/962/1 1780/960/1
f 1548/963/1 1781/962/1 1549/956/1
f 1670/964/1 1656/954/1 1671/961/1
f 1548/963/1 1782/965/1 1781/962/1
f 1669/966/1 1656/954/1 1670/964/1
f 1669/966/1 1657/967/1 1656/954/1
f 1548/963/1 1783/968/1 1782/965/1
f 1668/969/1 1657/967/1 1669/966/1
f 1548/963/1 1784/970/1 1783/968/1
f 1667/971/1 1657/967/1 1668/969/1
f 1548/963/1 1785/152/1 1784/970/1
f 1666/972/1 1657/967/1 1667/971/1
f 1548/963/1 1666/972/1 1785/152/1
f 1548/963/1 1657/967/1 1666/972/1
f 1547/973/1 1657/967/1 1548/963/1
f 1547/973/1 1658/974/1 1657/967/1
f 1546/975/1 1658/974/1 1547/973/1
f 1545/976/1 1658/974/1 1546/975/1
f 1545/976/1 1659/977/1 1658/974/1
f 1544/978/1 1659/977/1 1545/976/1
f 1544/978/1 1660/979/1 1659/977/1
f 1543/980/1 1660/979/1 1544/978/1
f 1542/981/1 1660/979/1 1543/980/1
f 1542/981/1 1661/982/1 1660/979/1
f 1541/983/1 1661/982/1 1542/981/1
f 1541/983/1 1662/984/1 1661/982/1
f 1540/985/1 1662/984/1 1541/983/1
f 1539/986/1 1662/984/1 1540/985/1
f 1539/986/1 1663/987/1 1662/984/1
f 1538/988/1 1663/987/1 1539/986/1
f 1538/988/1 1664/989/1 1663/987/1
f 1537/990/1 1664/989/1 1538/988/1
f 1536/991/1 1664/989/1 1537/990/1
f 1536/991/1 1665/992/1 1664/989/1
f 1535/993/1 1665/992/1 1536/991/1
f 1535/993/1 1534/153/1 1665/992/1
f 1925/152/1 1787/1120/1 1786/153/1
f 1925/152/1 1788/1121/1 1787/1120/1
f 1799/1122/1 1801/1123/1 1800/1124/1
f 1799/1122/1 1802/1125/1 1801/1123/1
f 1798/1126/1 1802/1125/1 1799/1122/1
f 1798/1126/1 1803/1127/1 1802/1125/1
f 1798/1126/1 1804/1128/1 1803/1127/1
f 1797/1129/1 1804/1128/1 1798/1126/1
f 1797/1129/1 1805/1130/1 1804/1128/1
f 1796/1131/1 1805/1130/1 1797/1129/1
f 1796/1131/1 1806/1132/1 1805/1130/1
f 1796/1131/1 1807/1133/1 1806/1132/1
f 1795/1134/1 1807/1133/1 1796/1131/1
f 1795/1134/1 1808/1135/1 1807/1133/1
f 1794/1136/1 1808/1135/1 1795/1134/1
f 1794/1136/1 1809/1137/1 1808/1135/1
f 1794/1136/1 1810/1138/1 1809/1137/1
f 1793/1139/1 1810/1138/1 1794/1136/1
f 1793/1139/1 1811/1140/1 1810/1138/1
f 1793/1139/1 1812/1141/1 1811/1140/1
f 1792/1142/1 1812/1141/1 1793/1139/1
f 1792/1142/1 1813/1143/1 1812/1141/1
f 1791/1144/1 1813/1143/1 1792/1142/1
f 1791/1144/1 1814/1145/1 1813/1143/1
f 1791/1144/1 1815/1146/1 1814/1145/1
f 1790/1147/1 1815/1146/1 1791/1144/1
f 1790/1147/1 1816/1148/1 1815/1146/1
f 1790/1147/1 1817/1149/1 1816/1148/1
f 1789/1150/1 1817/1149/1 1790/1147/1
f 1789/1150/1 1899/1151/1 1817/1149/1
f 1899/1151/1 1818/1152/1 1817/1149/1
f 1789/1150/1 1900/1153/1 1899/1151/1
f 1898/1154/1 1818/1152/1 1899/1151/1
f 1789/1150/1 1901/1155/1 1900/1153/1
f 1897/1156/1 1818/1152/1 1898/1154/1
f 1789/1150/1 1902/1157/1 1901/1155/1
f 1788/1121/1 1902/1157/1 1789/1150/1
f 1896/1158/1 1818/1152/1 1897/1156/1
f 1788/1121/1 1903/1159/1 1902/1157/1
f 1896/1158/1 1819/1160/1 1818/1152/1
f 1788/1121/1 1904/1161/1 1903/1159/1
f 1895/1162/1 1819/1160/1 1896/1158/1
f 1788/1121/1 1905/1163/1 1904/1161/1
f 1894/1164/1 1819/1160/1 1895/1162/1
f 1788/1121/1 1906/1165/1 1905/1163/1
f 1894/1164/1 1820/1166/1 1819/1160/1
f 1893/1167/1 1820/1166/1 1894/1164/1
f 1788/1121/1 1907/1168/1 1906/1165/1
f 1925/152/1 1917/1169/1 1788/1121/1
f 1917/1169/1 1916/1170/1 1788/1121/1
f 1916/1170/1 1915/1171/1 1788/1121/1
f 1915/1171/1 1914/1172/1 1788/1121/1
f 1914/1172/1 1913/1173/1 1788/1121/1
f 1913/1173/1 1912/1174/1 1788/1121/1
f 1912/1174/1 1911/1175/1 1788/1121/1
f 1911/1175/1 1910/1176/1 1788/1121/1
f 1910/1176/1 1909/1177/1 1788/1121/1
f 1909/1177/1 1908/1178/1 1788/1121/1
f 1908/1178/1 1907/1168/1 1788/1121/1
f 1892/1179/1 1820/1166/1 1893/1167/1
f 1892/1179/1 1821/1180/1 1820/1166/1
f 1891/1181/1 1821/1180/1 1892/1179/1
f 1891/1181/1 1822/1182/1 1821/1180/1
f 1890/1183/1 1822/1182/1 1891/1181/1
f 1890/1183/1 1823/1184/1 1822/1182/1
f 1889/1185/1 1823/1184/1 1890/1183/1
f 1889/1185/1 1824/1186/1 1823/1184/1
f 1888/1187/1 1824/1186/1 1889/1185/1
f 1888/1187/1 1825/1188/1 1824/1186/1
f 1888/1187/1 1826/1189/1 1825/1188/1
f 1888/1187/1 1827/1190/1 1826/1189/1
f 1887/1191/1 1827/1190/1 1888/1187/1
f 1887/1191/1 1828/1192/1 1827/1190/1
f 1887/1191/1 1829/1193/1 1828/1192/1
f 1887/1191/1 1830/1194/1 1829/1193/1
f 1887/1191/1 1831/1195/1 1830/1194/1
f 1887/1191/1 1832/1196/1 1831/1195/1
f 1886/1197/1 1832/1196/1 1887/1191/1
f 1886/1197/1 1833/1198/1 1832/1196/1
f 1885/1199/1 1833/1198/1 1886/1197/1
f 1884/1200/1 1833/1198/1 1885/1199/1
f 1884/1200/1 1834/1201/1 1833/1198/1
f 1883/1202/1 1834/1201/1 1884/1200/1
f 1883/1202/1 1835/1203/1 1834/1201/1
f 1882/1204/1 1835/1203/1 1883/1202/1
f 1882/1204/1 1836/1205/1 1835/1203/1
f 1881/1206/1 1836/1205/1 1882/1204/1
f 1880/1207/1 1836/1205/1 1881/1206/1
f 1880/1207/1 1837/1208/1 1836/1205/1
f 1879/1209/1 1837/1208/1 1880/1207/1
f 1879/1209/1 1838/1210/1 1837/1208/1
f 1878/1211/1 1838/1210/1 1879/1209/1
f 1925/152/1 1918/1212/1 1917/1169/1
f 1877/1213/1 1838/1210/1 1878/1211/1
f 1877/1213/1 1839/1214/1 1838/1210/1
f 1876/1215/1 1839/1214/1 1877/1213/1
f 1876/1215/1 1840/1216/1 1839/1214/1
f 1875/1217/1 1840/1216/1 1876/1215/1
f 1874/1218/1 1840/1216/1 1875/1217/1
f 1874/1218/1 1841/1219/1 1840/1216/1
f 1873/1220/1 1841/1219/1 1874/1218/1
f 1872/1221/1 1841/1219/1 1873/1220/1
f 1925/152/1 1919/1222/1 1918/1212/1
f 1872/1221/1 1842/1223/1 1841/1219/1
f 1871/1224/1 1842/1223/1 1872/1221/1
f 1871/1224/1 1843/1225/1 1842/1223/1
f 1870/1226/1 1843/1225/1 1871/1224/1
f 1869/1227/1 1843/1225/1 1870/1226/1
f 1869/1227/1 1844/1228/1 1843/1225/1
f 1868/1229/1 1844/1228/1 1869/1227/1
f 1867/1230/1 1844/1228/1 1868/1229/1
f 1925/152/1 1920/1231/1 1919/1222/1
f 1867/1230/1 1845/1232/1 1844/1228/1
f 1866/1233/1 1845/1232/1 1867/1230/1
f 1865/1234/1 1845/1232/1 1866/1233/1
f 1864/1235/1 1845/1232/1 1865/1234/1
f 1864/1235/1 1846/1236/1 1845/1232/1
f 1863/1237/1 1846/1236/1 1864/1235/1
f 1862/1238/1 1846/1236/1 1863/1237/1
f 1862/1238/1 1847/1239/1 1846/1236/1
f 1861/1240/1 1847/1239/1 1862/1238/1
f 1860/1241/1 1847/1239/1 1861/1240/1
f 1925/152/1 1921/1242/1 1920/1231/1
f 1859/1243/1 1847/1239/1 1860/1241/1
f 1858/1244/1 1847/1239/1 1859/1243/1
f 1858/1244/1 1848/1245/1 1847/1239/1
f 1857/1246/1 1848/1245/1 1858/1244/1
f 1856/1247/1 1848/1245/1 1857/1246/1
f 1855/1248/1 1848/1245/1 1856/1247/1
f 1854/1249/1 1848/1245/1 1855/1248/1
f 1853/1250/1 1848/1245/1 1854/1249/1
f 1853/1250/1 1849/1251/1 1848/1245/1
f 1852/1252/1 1849/1251/1 1853/1250/1
f 1851/1253/1 1849/1251/1 1852/1252/1
f 1850/1254/1 1849/1251/1 1851/1253/1
f 1925/152/1 1922/1255/1 1921/1242/1
f 1925/152/1 1923/1256/1 1922/1255/1
f 1925/152/1 1924/1257/1 1923/1256/1
f 2167/1258/1 2169/1259/1 2168/1260/1
f 2167/1258/1 2170/1261/1 2169/1259/1
f 2167/1258/1 2171/1262/1 2170/1261/1
f 2166/638/1 2171/1262/1 2167/1258/1
f 2166/638/1 2172/1263/1 2171/1262/1
f 2166/638/1 2173/1264/1 2172/1263/1
f 2166/638/1 2174/1265/1 2173/1264/1
f 2165/1266/1 2174/1265/1 2166/638/1
f 2165/1266/1 2175/1267/1 2174/1265/1
f 2165/1266/1 2176/1268/1 2175/1267/1
f 2164/1269/1 2176/1268/1 2165/1266/1
f 2164/1269/1 2177/1270/1 2176/1268/1
f 2164/1269/1 2178/1271/1 2177/1270/1
f 2164/1269/1 2179/1272/1 2178/1271/1
f 2163/1273/1 2179/1272/1 2164/1269/1
f 2163/1273/1 2180/1274/1 2179/1272/1
f 2163/1273/1 2181/611/1 2180/1274/1
f 2163/1273/1 2182/1275/1 2181/611/1
f 2162/1276/1 2182/1275/1 2163/1273/1
f 2162/1276/1 2183/1277/1 2182/1275/1
f 2162/1276/1 2184/1278/1 2183/1277/1
f 2161/1279/1 2184/1278/1 2162/1276/1
f 2161/1279/1 2185/1280/1 2184/1278/1
f 2161/1279/1 2186/1281/1 2185/1280/1
f 2161/1279/1 2187/57/1 2186/1281/1
f 2160/1282/1 2187/57/1 2161/1279/1
f 2160/1282/1 2188/1283/1 2187/57/1
f 2160/1282/1 2189/1284/1 2188/1283/1
f 2160/1282/1 2190/1285/1 2189/1284/1
f 2159/1286/1 2190/1285/1 2160/1282/1
f 2159/1286/1 2191/1287/1 2190/1285/1
f 2159/1286/1 2192/1288/1 2191/1287/1
f 2158/1289/1 2192/1288/1 2159/1286/1
f 2158/1289/1 2193/1290/1 2192/1288/1
f 2158/1289/1 2194/1291/1 2193/1290/1
f 2157/1292/1 2194/1291/1 2158/1289/1
f 2157/1292/1 2195/1293/1 2194/1291/1
f 2156/1294/1 2195/1293/1 2157/1292/1
f 2156/1294/1 2196/598/1 2195/1293/1
f 2156/1294/1 2197/1295/1 2196/598/1
f 2155/1296/1 2197/1295/1 2156/1294/1
f 2155/1296/1 2198/1297/1 2197/1295/1
f 2154/1298/1 2198/1297/1 2155/1296/1
f 2154/1298/1 2199/1299/1 2198/1297/1
f 2153/1300/1 2199/1299/1 2154/1298/1
f 2153/1300/1 2200/1301/1 2199/1299/1
f 2153/1300/1 2201/1302/1 2200/1301/1
f 2152/1303/1 2201/1302/1 2153/1300/1
f 2152/1303/1 2202/1304/1 2201/1302/1
f 2151/662/1 2202/1304/1 2152/1303/1
f 2151/662/1 2203/1305/1 2202/1304/1
f 2150/1306/1 2203/1305/1 2151/662/1
f 2150/1306/1 2204/1307/1 2203/1305/1
f 2150/1306/1 2221/1308/1 2204/1307/1
f 2221/1308/1 2220/1309/1 2204/1307/1
f 2220/1309/1 2219/1310/1 2204/1307/1
f 2219/1310/1 2218/1311/1 2204/1307/1
f 2218/1311/1 2217/1312/1 2204/1307/1
f 2217/1312/1 2216/1313/1 2204/1307/1
f 2216/1313/1 2215/1314/1 2204/1307/1
f 2215/1314/1 2214/1315/1 2204/1307/1
f 2214/1315/1 2213/1316/1 2204/1307/1
f 2213/1316/1 2212/1317/1 2204/1307/1
f 2212/1317/1 2211/586/1 2204/1307/1
f 2211/586/1 2210/1318/1 2204/1307/1
f 2210/1318/1 2209/1319/1 2204/1307/1
f 2209/1319/1 2208/1320/1 2204/1307/1
f 2208/1320/1 2207/1321/1 2204/1307/1
f 2207/1321/1 2206/1322/1 2204/1307/1
f 2206/1322/1 2205/1323/1 2204/1307/1
f 2149/1324/1 2222/1325/1 2150/1306/1
f 2222/1325/1 2221/1308/1 2150/1306/1
f 2148/1326/1 2223/1327/1 2149/1324/1
f 2223/1327/1 2222/1325/1 2149/1324/1
f 2147/1328/1 2224/1329/1 2148/1326/1
f 2224/1329/1 2223/1327/1 2148/1326/1
f 2146/1330/1 2225/1331/1 2147/1328/1
f 2225/1331/1 2224/1329/1 2147/1328/1
f 2145/1332/1 2226/544/1 2146/1330/1
f 2226/544/1 2225/1331/1 2146/1330/1
f 2144/1333/1 2227/1334/1 2145/1332/1
f 2227/1334/1 2226/544/1 2145/1332/1
f 2143/1335/1 2228/1336/1 2144/1333/1
f 2228/1336/1 2227/1334/1 2144/1333/1
f 2142/1337/1 2229/1338/1 2143/1335/1
f 2229/1338/1 2228/1336/1 2143/1335/1
f 2142/1337/1 2230/1339/1 2229/1338/1
f 2141/1340/1 2230/1339/1 2142/1337/1
f 2141/1340/1 2231/1341/1 2230/1339/1
f 2141/1340/1 2232/1342/1 2231/1341/1
f 2141/1340/1 2233/1343/1 2232/1342/1
f 2141/1340/1 2234/1344/1 2233/1343/1
f 2140/1345/1 2234/1344/1 2141/1340/1
f 2140/1345/1 2235/1346/1 2234/1344/1
f 2140/1345/1 2236/1347/1 2235/1346/1
f 2139/1348/1 2236/1347/1 2140/1345/1
f 2139/1348/1 2237/1349/1 2236/1347/1
f 2139/1348/1 2238/1350/1 2237/1349/1
f 2138/1351/1 2238/1350/1 2139/1348/1
f 2138/1351/1 2239/1352/1 2238/1350/1
f 2137/1353/1 2239/1352/1 2138/1351/1
f 2137/1353/1 2240/1354/1 2239/1352/1
f 2136/686/1 2240/1354/1 2137/1353/1
f 2136/686/1 2241/555/1 2240/1354/1
f 2135/1355/1 2241/555/1 2136/686/1
f 2135/1355/1 2242/1356/1 2241/555/1
f 2134/1357/1 2242/1356/1 2135/1355/1
f 2134/1357/1 2243/1358/1 2242/1356/1
f 2133/1359/1 2243/1358/1 2134/1357/1
f 2133/1359/1 2244/1360/1 2243/1358/1
f 2132/1361/1 2244/1360/1 2133/1359/1
f 2132/1361/1 2245/1362/1 2244/1360/1
f 2131/1363/1 2245/1362/1 2132/1361/1
f 2131/1363/1 2246/1364/1 2245/1362/1
f 2130/1365/1 2246/1364/1 2131/1363/1
f 2130/1365/1 2247/1366/1 2246/1364/1
f 2129/1367/1 2247/1366/1 2130/1365/1
f 2129/1367/1 2248/1368/1 2247/1366/1
f 2128/1369/1 2248/1368/1 2129/1367/1
f 2128/1369/1 2249/1370/1 2248/1368/1
f 2127/1371/1 2249/1370/1 2128/1369/1
f 2127/1371/1 2250/1372/1 2249/1370/1
f 2126/1373/1 2250/1372/1 2127/1371/1
f 2126/1373/1 2251/1374/1 2250/1372/1
f 2125/1375/1 2251/1374/1 2126/1373/1
f 2125/1375/1 2252/1376/1 2251/1374/1
f 2124/1377/1 2252/1376/1 2125/1375/1
f 2123/1378/1 2252/1376/1 2124/1377/1
f 2123/1378/1 2253/1379/1 2252/1376/1
f 2122/1380/1 2253/1379/1 2123/1378/1
f 2122/1380/1 2254/1381/1 2253/1379/1
f 2121/708/1 2254/1381/1 2122/1380/1
f 2121/708/1 2255/1382/1 2254/1381/1
f 2121/708/1 2256/576/1 2255/1382/1
f 2120/1383/1 2256/576/1 2121/708/1
f 2120/1383/1 2257/1384/1 2256/576/1
f 2119/1385/1 2257/1384/1 2120/1383/1
f 2119/1385/1 2258/1386/1 2257/1384/1
f 2118/1387/1 2258/1386/1 2119/1385/1
f 2118/1387/1 2259/1388/1 2258/1386/1
f 2117/1389/1 2259/1388/1 2118/1387/1
f 2117/1389/1 2260/1390/1 2259/1388/1
f 2116/1391/1 2260/1390/1 2117/1389/1
f 2116/1391/1 2261/1392/1 2260/1390/1
f 2116/1391/1 2262/1393/1 2261/1392/1
f 2115/1394/1 2262/1393/1 2116/1391/1
f 2115/1394/1 2263/1395/1 2262/1393/1
f 2114/1396/1 2263/1395/1 2115/1394/1
f 2114/1396/1 2264/1397/1 2263/1395/1
f 2113/1398/1 2264/1397/1 2114/1396/1
f 2113/1398/1 2265/1399/1 2264/1397/1
f 2112/1400/1 2265/1399/1 2113/1398/1
f 2112/1400/1 2266/1401/1 2265/1399/1
f 2111/1402/1 2266/1401/1 2112/1400/1
f 2111/1402/1 2267/1403/1 2266/1401/1
f 2111/1402/1 2268/1404/1 2267/1403/1
f 2110/1405/1 2268/1404/1 2111/1402/1
f 2110/1405/1 2269/1406/1 2268/1404/1
f 2109/1407/1 2269/1406/1 2110/1405/1
f 2109/1407/1 2270/1408/1 2269/1406/1
f 2108/1409/1 2270/1408/1 2109/1407/1
f 2108/1409/1 2271/568/1 2270/1408/1
f 2107/1410/1 2271/568/1 2108/1409/1
f 2107/1410/1 2272/1411/1 2271/568/1
f 2106/716/1 2272/1411/1 2107/1410/1
f 2106/716/1 2273/1412/1 2272/1411/1
f 2106/716/1 2274/121/1 2273/1412/1
f 2105/1413/1 2274/121/1 2106/716/1
f 2105/1413/1 2275/1414/1 2274/121/1
f 2104/1415/1 2275/1414/1 2105/1413/1
f 2104/1415/1 2276/1416/1 2275/1414/1
f 2103/1417/1 2276/1416/1 2104/1415/1
f 2103/1417/1 2277/1418/1 2276/1416/1
f 2102/1419/1 2277/1418/1 2103/1417/1
f 2102/1419/1 2278/1420/1 2277/1418/1
f 2101/1421/1 2278/1420/1 2102/1419/1
f 2100/22/1 2278/1420/1 2101/1421/1
f 2099/1422/1 2278/1420/1 2100/22/1
f 2098/1423/1 2278/1420/1 2099/1422/1
f 2097/1424/1 2278/1420/1 2098/1423/1
f 2096/1425/1 2278/1420/1 2097/1424/1
f 2096/1425/1 2279/1426/1 2278/1420/1
f 2095/1427/1 2279/1426/1 2096/1425/1
f 2095/1427/1 2280/1428/1 2279/1426/1
f 2095/1427/1 2281/1429/1 2280/1428/1
f 2094/1430/1 2281/1429/1 2095/1427/1
f 2094/1430/1 2282/1431/1 2281/1429/1
f 2093/1432/1 2282/1431/1 2094/1430/1
f 2093/1432/1 2283/1433/1 2282/1431/1
f 2093/1432/1 2284/1434/1 2283/1433/1
f 2092/1435/1 2284/1434/1 2093/1432/1
f 2092/1435/1 2285/1436/1 2284/1434/1
f 2091/737/1 2285/1436/1 2092/1435/1
f 2091/737/1 2286/560/1 2285/1436/1
f 2090/1437/1 2286/560/1 2091/737/1
f 2090/1437/1 2287/1438/1 2286/560/1
f 2090/1437/1 2288/1439/1 2287/1438/1
f 2089/1440/1 2288/1439/1 2090/1437/1
f 2089/1440/1 2289/1441/1 2288/1439/1
f 2088/1442/1 2289/1441/1 2089/1440/1
f 2088/1442/1 2290/1443/1 2289/1441/1
f 2087/1444/1 2290/1443/1 2088/1442/1
f 2087/1444/1 2291/1445/1 2290/1443/1
f 2086/1446/1 2291/1445/1 2087/1444/1
f 2086/1446/1 2292/1447/1 2291/1445/1
f 2085/1448/1 2292/1447/1 2086/1446/1
f 2085/1448/1 2293/1449/1 2292/1447/1
f 2084/1450/1 2293/1449/1 2085/1448/1
f 2084/1450/1 2294/1451/1 2293/1449/1
f 2083/1452/1 2294/1451/1 2084/1450/1
f 2083/1452/1 2295/1453/1 2294/1451/1
f 2082/1454/1 2295/1453/1 2083/1452/1
f 2082/1454/1 2296/1455/1 2295/1453/1
f 2081/1456/1 2296/1455/1 2082/1454/1
f 2081/1456/1 2297/1457/1 2296/1455/1
f 2080/1458/1 2297/1457/1 2081/1456/1
f 2079/1459/1 2297/1457/1 2080/1458/1
f 2079/1459/1 2298/1460/1 2297/1457/1
f 2078/1461/1 2298/1460/1 2079/1459/1
f 2078/1461/1 2299/1462/1 2298/1460/1
f 2077/1463/1 2299/1462/1 2078/1461/1
f 2077/1463/1 2300/1464/1 2299/1462/1
f 2076/734/1 2300/1464/1 2077/1463/1
f 2075/1465/1 2300/1464/1 2076/734/1
f 2075/1465/1 2301/625/1 2300/1464/1
f 2074/1466/1 2301/625/1 2075/1465/1
f 2074/1466/1 2302/1467/1 2301/625/1
f 2073/1468/1 2302/1467/1 2074/1466/1
f 2072/1469/1 2302/1467/1 2073/1468/1
f 2072/1469/1 2303/1470/1 2302/1467/1
f 2071/1471/1 2303/1470/1 2072/1469/1
f 2071/1471/1 2304/1472/1 2303/1470/1
f 2071/1471/1 2305/1473/1 2304/1472/1
f 2071/1471/1 2306/1474/1 2305/1473/1
f 2071/1471/1 2307/1475/1 2306/1474/1
f 2070/1476/1 2307/1475/1 2071/1471/1
f 2070/1476/1 2308/1477/1 2307/1475/1
f 2069/1478/1 2308/1477/1 2070/1476/1
f 2068/1479/1 2308/1477/1 2069/1478/1
f 2068/1479/1 2309/1480/1 2308/1477/1
f 2067/1481/1 2309/1480/1 2068/1479/1
f 2066/1482/1 2309/1480/1 2067/1481/1
f 2065/1483/1 2309/1480/1 2066/1482/1
f 2065/1483/1 2310/1484/1 2309/1480/1
f 2064/1485/1 2310/1484/1 2065/1483/1
f 2063/1486/1 2310/1484/1 2064/1485/1
f 2063/1486/1 2311/1487/1 2310/1484/1
f 2062/1488/1 2311/1487/1 2063/1486/1
f 2061/722/1 2311/1487/1 2062/1488/1
f 2061/722/1 2312/1489/1 2311/1487/1
f 2060/1490/1 2312/1489/1 2061/722/1
f 2059/1491/1 2312/1489/1 2060/1490/1
f 2058/1492/1 2312/1489/1 2059/1491/1
f 2058/1492/1 2313/1493/1 2312/1489/1
f 2057/1494/1 2313/1493/1 2058/1492/1
f 2056/1495/1 2313/1493/1 2057/1494/1
f 2055/1496/1 2313/1493/1 2056/1495/1
f 2055/1496/1 2314/1497/1 2313/1493/1
f 2054/1498/1 2314/1497/1 2055/1496/1
f 2053/1499/1 2314/1497/1 2054/1498/1
f 2053/1499/1 2315/1500/1 2314/1497/1
f 2052/1501/1 2315/1500/1 2053/1499/1
f 2051/1502/1 2315/1500/1 2052/1501/1
f 2051/1502/1 2316/645/1 2315/1500/1
f 2050/1503/1 2316/645/1 2051/1502/1
f 2049/1504/1 2316/645/1 2050/1503/1
f 2048/1505/1 2316/645/1 2049/1504/1
f 2048/1505/1 2317/1506/1 2316/645/1
f 2047/1507/1 2317/1506/1 2048/1505/1
f 2046/693/1 2317/1506/1 2047/1507/1
f 2046/693/1 2318/1508/1 2317/1506/1
f 2045/1509/1 2318/1508/1 2046/693/1
f 2045/1509/1 2319/1510/1 2318/1508/1
f 2044/1511/1 2319/1510/1 2045/1509/1
f 2044/1511/1 2320/1512/1 2319/1510/1
f 2043/1513/1 2320/1512/1 2044/1511/1
f 2043/1513/1 2321/1514/1 2320/1512/1
f 2042/1515/1 2321/1514/1 2043/1513/1
f 2042/1515/1 2322/1516/1 2321/1514/1
f 2041/1517/1 2322/1516/1 2042/1515/1
f 2041/1517/1 2323/1518/1 2322/1516/1
f 2040/1519/1 2323/1518/1 2041/1517/1
f 2040/1519/1 2324/1520/1 2323/1518/1
f 2039/1521/1 2324/1520/1 2040/1519/1
f 2039/1521/1 2325/1522/1 2324/1520/1
f 2038/1523/1 2325/1522/1 2039/1521/1
f 2038/1523/1 2326/1524/1 2325/1522/1
f 2037/1525/1 2326/1524/1 2038/1523/1
f 2037/1525/1 2327/1526/1 2326/1524/1
f 2036/1527/1 2327/1526/1 2037/1525/1
f 2035/1528/1 2327/1526/1 2036/1527/1
f 2035/1528/1 2328/1529/1 2327/1526/1
f 2034/1530/1 2328/1529/1 2035/1528/1
f 2034/1530/1 2329/1531/1 2328/1529/1
f 2033/1532/1 2329/1531/1 2034/1530/1
f 2033/1532/1 2330/1533/1 2329/1531/1
f 2032/1534/1 2330/1533/1 2033/1532/1
f 2031/664/1 2330/1533/1 2032/1534/1
f 2031/664/1 2331/670/1 2330/1533/1
f 2030/1535/1 2331/670/1 2031/664/1
f 2030/1535/1 2332/1536/1 2331/670/1
f 2029/1537/1 2332/1536/1 2030/1535/1
f 2029/1537/1 2333/1538/1 2332/1536/1
f 2028/1539/1 2333/1538/1 2029/1537/1
f 2028/1539/1 2334/1540/1 2333/1538/1
f 2027/1541/1 2334/1540/1 2028/1539/1
f 2027/1541/1 2335/1542/1 2334/1540/1
f 2026/1543/1 2335/1542/1 2027/1541/1
f 2026/1543/1 2336/1544/1 2335/1542/1
f 1974/1545/1 1976/1546/1 1975/1547/1
f 2025/1548/1 2336/1544/1 2026/1543/1
f 1974/1545/1 1977/1549/1 1976/1546/1
f 2024/1550/1 2336/1544/1 2025/1548/1
f 2024/1550/1 2337/1551/1 2336/1544/1
f 1974/1545/1 1978/1552/1 1977/1549/1
f 1974/1545/1 1979/1553/1 1978/1552/1
f 2023/1554/1 2337/1551/1 2024/1550/1
f 2023/1554/1 2338/1555/1 2337/1551/1
f 1974/1545/1 1980/1556/1 1979/1553/1
f 2022/1557/1 2338/1555/1 2023/1554/1
f 1974/1545/1 1981/1558/1 1980/1556/1
f 2022/1557/1 2339/1559/1 2338/1555/1
f 1974/1545/1 1982/1560/1 1981/1558/1
f 2021/1561/1 2339/1559/1 2022/1557/1
f 1974/1545/1 1983/1562/1 1982/1560/1
f 2020/1563/1 2339/1559/1 2021/1561/1
f 1974/1545/1 1984/1564/1 1983/1562/1
f 2020/1563/1 2340/1565/1 2339/1559/1
f 1974/1545/1 1985/1566/1 1984/1564/1
f 2019/1567/1 2340/1565/1 2020/1563/1
f 1974/1545/1 1986/591/1 1985/1566/1
f 2019/1567/1 2341/1568/1 2340/1565/1
f 2018/1569/1 2341/1568/1 2019/1567/1
f 1974/1545/1 1987/1570/1 1986/591/1
f 1974/1545/1 1988/1571/1 1987/1570/1
f 1974/1545/1 1989/1572/1 1988/1571/1
f 2017/1573/1 2341/1568/1 2018/1569/1
f 1974/1545/1 1990/1574/1 1989/1572/1
f 1974/1545/1 1991/1575/1 1990/1574/1
f 1974/1545/1 1992/1576/1 1991/1575/1
f 2017/1573/1 2342/1577/1 2341/1568/1
f 2016/639/1 2342/1577/1 2017/1573/1
f 1974/1545/1 1993/1578/1 1992/1576/1
f 1974/1545/1 1994/1579/1 1993/1578/1
f 1974/1545/1 1995/1580/1 1994/1579/1
f 2015/1581/1 2342/1577/1 2016/639/1
f 1974/1545/1 1996/1582/1 1995/1580/1
f 1974/1545/1 1997/1583/1 1996/1582/1
f 1974/1545/1 1998/1584/1 1997/1583/1
f 2014/1585/1 2342/1577/1 2015/1581/1
f 1974/1545/1 1999/1586/1 1998/1584/1
f 1974/1545/1 2000/1587/1 1999/1586/1
f 1974/1545/1 2001/612/1 2000/1587/1
f 2014/1585/1 2343/1588/1 2342/1577/1
f 1974/1545/1 2002/1589/1 2001/612/1
f 2013/94/1 2343/1588/1 2014/1585/1
f 1974/1545/1 2003/1590/1 2002/1589/1
f 1974/1545/1 2004/1591/1 2003/1590/1
f 1974/1545/1 2005/1592/1 2004/1591/1
f 2012/1593/1 2343/1588/1 2013/94/1
f 1974/1545/1 2006/1594/1 2005/1592/1
f 1974/1545/1 2007/1595/1 2006/1594/1
f 1974/1545/1 2008/1596/1 2007/1595/1
f 2011/1597/1 2343/1588/1 2012/1593/1
f 1974/1545/1 2009/1598/1 2008/1596/1
f 1974/1545/1 2010/1599/1 2009/1598/1
f 1974/1545/1 2011/1597/1 2010/1599/1
f 1974/1545/1 2343/1588/1 2011/1597/1
f 1974/1545/1 2344/1600/1 2343/1588/1
f 1974/1545/1 2345/1601/1 2344/1600/1
f 1974/1545/1 2346/692/1 2345/1601/1
f 1974/1545/1 2347/1602/1 2346/692/1
f 1974/1545/1 2348/1603/1 2347/1602/1
f 1973/1604/1 2348/1603/1 1974/1545/1
f 1972/1605/1 2348/1603/1 1973/1604/1
f 1972/1605/1 2349/1606/1 2348/1603/1
f 1971/534/1 2349/1606/1 1972/1605/1
f 1970/1607/1 2349/1606/1 1971/534/1
f 1969/1608/1 2349/1606/1 1970/1607/1
f 1968/1609/1 2349/1606/1 1969/1608/1
f 1968/1609/1 2350/1610/1 2349/1606/1
f 1967/1611/1 2350/1610/1 1968/1609/1
f 1966/1612/1 2350/1610/1 1967/1611/1
f 1965/1613/1 2350/1610/1 1966/1612/1
f 1965/1613/1 2351/1614/1 2350/1610/1
f 1964/1615/1 2351/1614/1 1965/1613/1
f 1963/1616/1 2351/1614/1 1964/1615/1
f 1962/1617/1 2351/1614/1 1963/1616/1
f 1961/1618/1 2351/1614/1 1962/1617/1
f 1961/1618/1 2352/1619/1 2351/1614/1
f 1960/1620/1 2352/1619/1 1961/1618/1
f 1959/1621/1 2352/1619/1 1960/1620/1
f 1958/1622/1 2352/1619/1 1959/1621/1
f 1958/1622/1 2353/1623/1 2352/1619/1
f 1957/1624/1 2353/1623/1 1958/1622/1
f 1956/516/1 2353/1623/1 1957/1624/1
f 1955/1625/1 2353/1623/1 1956/516/1
f 1954/1626/1 2353/1623/1 1955/1625/1
f 1954/1626/1 2354/1627/1 2353/1623/1
f 1953/1628/1 2354/1627/1 1954/1626/1
f 1952/1629/1 2354/1627/1 1953/1628/1
f 1951/1630/1 2354/1627/1 1952/1629/1
f 1951/1630/1 2355/1631/1 2354/1627/1
f 1950/1632/1 2355/1631/1 1951/1630/1
f 1949/1633/1 2355/1631/1 1950/1632/1
f 1948/1634/1 2355/1631/1 1949/1633/1
f 1947/1635/1 2355/1631/1 1948/1634/1
f 1947/1635/1 2356/1636/1 2355/1631/1
f 1946/1637/1 2356/1636/1 1947/1635/1
f 1945/1638/1 2356/1636/1 1946/1637/1
f 1944/1639/1 2356/1636/1 1945/1638/1
f 1943/1640/1 2356/1636/1 1944/1639/1
f 1943/1640/1 2357/1641/1 2356/1636/1
f 1942/1642/1 2357/1641/1 1943/1640/1
f 1941/529/1 2357/1641/1 1942/1642/1
f 1940/1643/1 2357/1641/1 1941/529/1
f 1940/1643/1 2358/1644/1 2357/1641/1
f 1939/1645/1 2358/1644/1 1940/1643/1
f 1938/1646/1 2358/1644/1 1939/1645/1
f 1937/1647/1 2358/1644/1 1938/1646/1
f 1936/1648/1 2358/1644/1 1937/1647/1
f 1936/1648/1 2359/1649/1 2358/1644/1
f 1935/1650/1 2359/1649/1 1936/1648/1
f 1934/1651/1 2359/1649/1 1935/1650/1
f 1933/1652/1 2359/1649/1 1934/1651/1
f 1933/1652/1 2360/1653/1 2359/1649/1
f 1932/1654/1 2360/1653/1 1933/1652/1
f 1931/1655/1 2360/1653/1 1932/1654/1
f 1930/1656/1 2360/1653/1 1931/1655/1
f 1929/1657/1 2360/1653/1 1930/1656/1
f 1929/1657/1 2361/152/1 2360/1653/1
f 1928/1658/1 2361/152/1 1929/1657/1
f 1927/1659/1 1926/153/1 1928/1658/1
f 1926/153/1 2361/152/1 1928/1658/1
