# Blender 4.5.2 LTS
# www.blender.org
mtllib YouWinText.mtl
o Text
v -0.000000 -0.097543 -4.570086
v -0.000000 -0.079299 -4.584116
v -0.000000 -0.061055 -4.597543
v -0.000000 -0.042810 -4.610368
v -0.000000 -0.024566 -4.622591
v -0.000000 -0.006322 -4.634212
v -0.000000 0.011922 -4.645231
v -0.000000 0.030166 -4.655648
v -0.000000 0.048411 -4.665462
v -0.000000 0.066655 -4.674675
v -0.000000 0.084899 -4.683285
v -0.000000 0.103143 -4.691293
v -0.000000 0.121387 -4.698699
v -0.000000 0.139627 -4.705566
v -0.000000 0.157856 -4.711835
v -0.000000 0.176075 -4.717508
v -0.000000 0.194284 -4.722583
v -0.000000 0.212483 -4.727062
v -0.000000 0.230672 -4.730943
v -0.000000 0.248851 -4.734227
v -0.000000 0.267020 -4.736914
v -0.000000 0.285179 -4.739004
v -0.000000 0.303328 -4.740497
v -0.000000 0.321467 -4.741392
v -0.000000 0.339596 -4.741691
v -0.000000 0.348630 -4.741618
v -0.000000 0.357669 -4.741399
v -0.000000 0.366714 -4.741035
v -0.000000 0.375763 -4.740526
v -0.000000 0.384817 -4.739872
v -0.000000 0.393877 -4.739071
v -0.000000 0.402941 -4.738125
v -0.000000 0.412010 -4.737034
v -0.000000 0.421085 -4.735797
v -0.000000 0.430164 -4.734415
v -0.000000 0.439249 -4.732887
v -0.000000 0.448338 -4.731214
v -0.000000 0.457348 -4.729387
v -0.000000 0.466432 -4.727400
v -0.000000 0.475592 -4.725253
v -0.000000 0.484827 -4.722945
v -0.000000 0.494137 -4.720476
v -0.000000 0.503523 -4.717847
v -0.000000 0.512983 -4.715057
v -0.000000 0.522519 -4.712107
v -0.000000 0.532131 -4.708996
v -0.000000 0.541817 -4.705724
v -0.000000 0.551579 -4.702292
v -0.000000 0.561416 -4.698699
v -0.000000 0.561416 -4.756503
v -0.000000 0.555718 -4.758882
v -0.000000 0.550061 -4.761204
v -0.000000 0.544448 -4.763468
v -0.000000 0.538877 -4.765674
v -0.000000 0.533349 -4.767823
v -0.000000 0.527863 -4.769914
v -0.000000 0.522420 -4.771947
v -0.000000 0.517020 -4.773922
v -0.000000 0.511663 -4.775840
v -0.000000 0.506348 -4.777700
v -0.000000 0.501075 -4.779503
v -0.000000 0.495846 -4.781250
v -0.000000 0.490661 -4.782942
v -0.000000 0.485524 -4.784587
v -0.000000 0.480435 -4.786184
v -0.000000 0.475394 -4.787733
v -0.000000 0.470400 -4.789235
v -0.000000 0.465454 -4.790689
v -0.000000 0.460555 -4.792095
v -0.000000 0.455704 -4.793453
v -0.000000 0.450901 -4.794764
v -0.000000 0.446146 -4.796027
v -0.000000 0.441438 -4.797243
v -0.000000 0.436778 -4.798410
v -0.000000 0.427457 -4.800545
v -0.000000 0.418162 -4.802495
v -0.000000 0.408892 -4.804258
v -0.000000 0.399647 -4.805836
v -0.000000 0.390427 -4.807229
v -0.000000 0.381232 -4.808435
v -0.000000 0.372062 -4.809456
v -0.000000 0.362918 -4.810292
v -0.000000 0.353798 -4.810942
v -0.000000 0.344704 -4.811406
v -0.000000 0.335634 -4.811684
v -0.000000 0.326590 -4.811778
v -0.000000 0.317788 -4.811697
v -0.000000 0.308963 -4.811457
v -0.000000 0.300115 -4.811055
v -0.000000 0.291245 -4.810493
v -0.000000 0.282353 -4.809771
v -0.000000 0.273438 -4.808887
v -0.000000 0.264500 -4.807844
v -0.000000 0.255540 -4.806639
v -0.000000 0.246557 -4.805274
v -0.000000 0.237551 -4.803749
v -0.000000 0.228523 -4.802063
v -0.000000 0.219473 -4.800217
v -0.000000 0.210412 -4.798207
v -0.000000 0.201354 -4.796032
v -0.000000 0.192298 -4.793691
v -0.000000 0.183245 -4.791185
v -0.000000 0.174195 -4.788513
v -0.000000 0.165147 -4.785676
v -0.000000 0.156101 -4.782672
v -0.000000 0.147058 -4.779504
v -0.000000 0.138017 -4.776170
v -0.000000 0.128979 -4.772670
v -0.000000 0.119944 -4.769004
v -0.000000 0.110911 -4.765173
v -0.000000 0.092850 -4.756987
v -0.000000 0.074914 -4.748204
v -0.000000 0.057104 -4.738823
v -0.000000 0.039419 -4.728846
v -0.000000 0.021860 -4.718271
v -0.000000 0.004426 -4.707099
v -0.000000 -0.012883 -4.695330
v -0.000000 -0.030066 -4.682964
v -0.000000 -0.047123 -4.670001
v -0.000000 -0.064055 -4.656441
v -0.000000 -0.080862 -4.642283
v -0.000000 -0.097543 -4.627529
v -0.000000 0.021676 -4.231936
v -0.000000 0.021782 -4.228096
v -0.000000 0.022098 -4.224400
v -0.000000 0.022625 -4.220850
v -0.000000 0.023362 -4.217445
v -0.000000 0.024311 -4.214186
v -0.000000 0.025470 -4.211073
v -0.000000 0.026840 -4.208105
v -0.000000 0.028420 -4.205283
v -0.000000 0.030212 -4.202606
v -0.000000 0.032214 -4.200074
v -0.000000 0.034426 -4.197688
v -0.000000 0.036850 -4.195448
v -0.000000 0.038070 -4.194389
v -0.000000 0.039324 -4.193381
v -0.000000 0.040609 -4.192422
v -0.000000 0.041928 -4.191514
v -0.000000 0.043279 -4.190656
v -0.000000 0.044662 -4.189848
v -0.000000 0.046079 -4.189091
v -0.000000 0.047527 -4.188383
v -0.000000 0.049009 -4.187726
v -0.000000 0.050523 -4.187119
v -0.000000 0.052070 -4.186562
v -0.000000 0.053649 -4.186055
v -0.000000 0.055248 -4.185593
v -0.000000 0.056855 -4.185172
v -0.000000 0.058470 -4.184790
v -0.000000 0.060092 -4.184449
v -0.000000 0.061721 -4.184148
v -0.000000 0.063358 -4.183887
v -0.000000 0.065003 -4.183666
v -0.000000 0.066655 -4.183486
v -0.000000 0.068314 -4.183345
v -0.000000 0.069982 -4.183245
v -0.000000 0.071656 -4.183185
v -0.000000 0.073338 -4.183165
v -0.000000 0.075682 -4.183202
v -0.000000 0.078015 -4.183315
v -0.000000 0.080338 -4.183504
v -0.000000 0.082651 -4.183767
v -0.000000 0.084954 -4.184105
v -0.000000 0.087247 -4.184519
v -0.000000 0.089530 -4.185009
v -0.000000 0.091803 -4.185573
v -0.000000 0.094066 -4.186213
v -0.000000 0.096319 -4.186928
v -0.000000 0.098562 -4.187718
v -0.000000 0.100795 -4.188584
v -0.000000 0.103003 -4.189529
v -0.000000 0.105170 -4.190560
v -0.000000 0.107298 -4.191677
v -0.000000 0.109385 -4.192878
v -0.000000 0.111432 -4.194165
v -0.000000 0.113439 -4.195538
v -0.000000 0.115406 -4.196995
v -0.000000 0.117333 -4.198538
v -0.000000 0.119220 -4.200167
v -0.000000 0.121066 -4.201880
v -0.000000 0.122873 -4.203679
v -0.000000 0.124639 -4.205564
v -0.000000 0.126060 -4.207150
v -0.000000 0.127434 -4.208780
v -0.000000 0.128760 -4.210452
v -0.000000 0.130038 -4.212167
v -0.000000 0.131269 -4.213924
v -0.000000 0.132451 -4.215724
v -0.000000 0.133587 -4.217567
v -0.000000 0.134674 -4.219453
v -0.000000 0.135714 -4.221381
v -0.000000 0.136706 -4.223351
v -0.000000 0.137651 -4.225365
v -0.000000 0.138548 -4.227420
v -0.000000 0.139385 -4.229506
v -0.000000 0.140148 -4.231610
v -0.000000 0.140840 -4.233732
v -0.000000 0.141458 -4.235870
v -0.000000 0.142004 -4.238027
v -0.000000 0.142477 -4.240201
v -0.000000 0.142877 -4.242392
v -0.000000 0.143204 -4.244601
v -0.000000 0.143459 -4.246828
v -0.000000 0.143641 -4.249072
v -0.000000 0.143750 -4.251333
v -0.000000 0.143786 -4.253613
v -0.000000 0.143764 -4.255293
v -0.000000 0.143696 -4.256964
v -0.000000 0.143583 -4.258625
v -0.000000 0.143425 -4.260276
v -0.000000 0.143222 -4.261917
v -0.000000 0.142973 -4.263547
v -0.000000 0.142680 -4.265168
v -0.000000 0.142341 -4.266779
v -0.000000 0.141957 -4.268380
v -0.000000 0.141528 -4.269970
v -0.000000 0.141054 -4.271551
v -0.000000 0.140535 -4.273121
v -0.000000 0.139958 -4.274672
v -0.000000 0.139311 -4.276192
v -0.000000 0.138593 -4.277682
v -0.000000 0.137805 -4.279142
v -0.000000 0.136947 -4.280572
v -0.000000 0.136019 -4.281972
v -0.000000 0.135020 -4.283342
v -0.000000 0.133952 -4.284682
v -0.000000 0.132813 -4.285991
v -0.000000 0.131603 -4.287271
v -0.000000 0.130324 -4.288520
v -0.000000 0.128974 -4.289740
v -0.000000 0.127929 -4.290687
v -0.000000 0.126842 -4.291601
v -0.000000 0.125711 -4.292483
v -0.000000 0.124539 -4.293332
v -0.000000 0.123323 -4.294149
v -0.000000 0.122065 -4.294933
v -0.000000 0.120764 -4.295684
v -0.000000 0.119421 -4.296403
v -0.000000 0.118034 -4.297089
v -0.000000 0.116606 -4.297743
v -0.000000 0.115134 -4.298364
v -0.000000 0.113620 -4.298952
v -0.000000 0.112061 -4.299500
v -0.000000 0.110454 -4.300001
v -0.000000 0.108799 -4.300454
v -0.000000 0.107097 -4.300859
v -0.000000 0.105347 -4.301217
v -0.000000 0.103550 -4.301527
v -0.000000 0.101704 -4.301789
v -0.000000 0.099812 -4.302004
v -0.000000 0.097871 -4.302171
v -0.000000 0.095883 -4.302290
v -0.000000 0.093847 -4.302361
v -0.000000 0.091763 -4.302384
v -0.000000 0.086831 -4.302229
v -0.000000 0.082029 -4.301762
v -0.000000 0.077357 -4.300984
v -0.000000 0.072817 -4.299896
v -0.000000 0.068406 -4.298496
v -0.000000 0.064126 -4.296785
v -0.000000 0.059976 -4.294763
v -0.000000 0.055957 -4.292429
v -0.000000 0.052068 -4.289785
v -0.000000 0.048310 -4.286829
v -0.000000 0.044682 -4.283563
v -0.000000 0.041185 -4.279985
v -0.000000 0.038069 -4.276506
v -0.000000 0.035224 -4.272931
v -0.000000 0.032650 -4.269261
v -0.000000 0.030347 -4.265495
v -0.000000 0.028315 -4.261634
v -0.000000 0.026554 -4.257678
v -0.000000 0.025063 -4.253626
v -0.000000 0.023844 -4.249479
v -0.000000 0.022896 -4.245237
v -0.000000 0.022218 -4.240899
v -0.000000 0.021812 -4.236466
v -0.000000 0.280347 -4.272038
v -0.000000 0.280450 -4.268538
v -0.000000 0.280758 -4.265143
v -0.000000 0.281273 -4.261854
v -0.000000 0.281993 -4.258670
v -0.000000 0.282918 -4.255591
v -0.000000 0.284050 -4.252618
v -0.000000 0.285387 -4.249751
v -0.000000 0.286930 -4.246988
v -0.000000 0.288679 -4.244331
v -0.000000 0.290633 -4.241780
v -0.000000 0.292793 -4.239334
v -0.000000 0.295159 -4.236994
v -0.000000 0.296554 -4.235764
v -0.000000 0.297969 -4.234601
v -0.000000 0.299404 -4.233505
v -0.000000 0.300859 -4.232478
v -0.000000 0.302334 -4.231518
v -0.000000 0.303830 -4.230626
v -0.000000 0.305345 -4.229802
v -0.000000 0.306880 -4.229046
v -0.000000 0.308436 -4.228357
v -0.000000 0.310011 -4.227736
v -0.000000 0.311607 -4.227183
v -0.000000 0.313223 -4.226698
v -0.000000 0.314853 -4.226265
v -0.000000 0.316494 -4.225870
v -0.000000 0.318145 -4.225512
v -0.000000 0.319806 -4.225192
v -0.000000 0.321477 -4.224910
v -0.000000 0.323158 -4.224665
v -0.000000 0.324849 -4.224458
v -0.000000 0.326550 -4.224289
v -0.000000 0.328261 -4.224157
v -0.000000 0.329982 -4.224063
v -0.000000 0.331713 -4.224007
v -0.000000 0.333454 -4.223989
v -0.000000 0.338268 -4.224144
v -0.000000 0.342957 -4.224611
v -0.000000 0.347521 -4.225389
v -0.000000 0.351959 -4.226477
v -0.000000 0.356272 -4.227877
v -0.000000 0.360459 -4.229588
v -0.000000 0.364521 -4.231610
v -0.000000 0.368457 -4.233943
v -0.000000 0.372268 -4.236588
v -0.000000 0.375954 -4.239543
v -0.000000 0.379514 -4.242810
v -0.000000 0.382948 -4.246387
v -0.000000 0.384427 -4.248031
v -0.000000 0.385853 -4.249709
v -0.000000 0.387227 -4.251422
v -0.000000 0.388548 -4.253171
v -0.000000 0.389816 -4.254955
v -0.000000 0.391032 -4.256773
v -0.000000 0.392194 -4.258627
v -0.000000 0.393305 -4.260517
v -0.000000 0.394362 -4.262441
v -0.000000 0.395367 -4.264400
v -0.000000 0.396319 -4.266395
v -0.000000 0.397218 -4.268425
v -0.000000 0.398055 -4.270482
v -0.000000 0.398819 -4.272559
v -0.000000 0.399510 -4.274656
v -0.000000 0.400129 -4.276774
v -0.000000 0.400674 -4.278912
v -0.000000 0.401147 -4.281069
v -0.000000 0.401547 -4.283247
v -0.000000 0.401875 -4.285445
v -0.000000 0.402129 -4.287663
v -0.000000 0.402311 -4.289900
v -0.000000 0.402420 -4.292158
v -0.000000 0.402457 -4.294436
v -0.000000 0.402428 -4.296516
v -0.000000 0.402341 -4.298541
v -0.000000 0.402197 -4.300510
v -0.000000 0.401995 -4.302424
v -0.000000 0.401736 -4.304284
v -0.000000 0.401418 -4.306087
v -0.000000 0.401043 -4.307836
v -0.000000 0.400610 -4.309529
v -0.000000 0.400120 -4.311168
v -0.000000 0.399572 -4.312751
v -0.000000 0.398966 -4.314279
v -0.000000 0.398302 -4.315752
v -0.000000 0.397593 -4.317179
v -0.000000 0.396852 -4.318572
v -0.000000 0.396078 -4.319929
v -0.000000 0.395272 -4.321251
v -0.000000 0.394432 -4.322538
v -0.000000 0.393561 -4.323790
v -0.000000 0.392656 -4.325006
v -0.000000 0.391719 -4.326188
v -0.000000 0.390749 -4.327334
v -0.000000 0.389747 -4.328446
v -0.000000 0.388712 -4.329522
v -0.000000 0.387645 -4.330564
v -0.000000 0.385296 -4.332583
v -0.000000 0.382828 -4.334427
v -0.000000 0.380239 -4.336095
v -0.000000 0.377529 -4.337588
v -0.000000 0.374699 -4.338905
v -0.000000 0.371749 -4.340047
v -0.000000 0.368678 -4.341013
v -0.000000 0.365487 -4.341803
v -0.000000 0.362175 -4.342418
v -0.000000 0.358743 -4.342857
v -0.000000 0.355190 -4.343120
v -0.000000 0.351517 -4.343208
v -0.000000 0.349229 -4.343172
v -0.000000 0.346941 -4.343063
v -0.000000 0.344653 -4.342881
v -0.000000 0.342365 -4.342627
v -0.000000 0.340077 -4.342299
v -0.000000 0.337789 -4.341899
v -0.000000 0.335501 -4.341426
v -0.000000 0.333213 -4.340880
v -0.000000 0.330925 -4.340262
v -0.000000 0.328637 -4.339571
v -0.000000 0.326349 -4.338807
v -0.000000 0.324061 -4.337970
v -0.000000 0.321795 -4.337053
v -0.000000 0.319575 -4.336048
v -0.000000 0.317400 -4.334956
v -0.000000 0.315270 -4.333775
v -0.000000 0.313185 -4.332507
v -0.000000 0.311145 -4.331151
v -0.000000 0.309151 -4.329707
v -0.000000 0.307202 -4.328175
v -0.000000 0.305297 -4.326556
v -0.000000 0.303438 -4.324849
v -0.000000 0.301624 -4.323053
v -0.000000 0.299856 -4.321170
v -0.000000 0.298207 -4.319348
v -0.000000 0.296634 -4.317492
v -0.000000 0.295137 -4.315605
v -0.000000 0.293714 -4.313684
v -0.000000 0.292367 -4.311731
v -0.000000 0.291095 -4.309745
v -0.000000 0.289898 -4.307727
v -0.000000 0.288777 -4.305676
v -0.000000 0.287731 -4.303592
v -0.000000 0.286760 -4.301476
v -0.000000 0.285864 -4.299327
v -0.000000 0.285044 -4.297146
v -0.000000 0.284293 -4.294957
v -0.000000 0.283608 -4.292785
v -0.000000 0.282989 -4.290631
v -0.000000 0.282434 -4.288495
v -0.000000 0.281945 -4.286376
v -0.000000 0.281521 -4.284276
v -0.000000 0.281162 -4.282192
v -0.000000 0.280869 -4.280126
v -0.000000 0.280641 -4.278077
v -0.000000 0.280477 -4.276046
v -0.000000 0.280380 -4.274033
v -0.000000 -0.021676 -3.337066
v -0.000000 -0.021573 -3.333115
v -0.000000 -0.021265 -3.329329
v -0.000000 -0.020750 -3.325709
v -0.000000 -0.020030 -3.322254
v -0.000000 -0.019105 -3.318965
v -0.000000 -0.017973 -3.315842
v -0.000000 -0.016636 -3.312884
v -0.000000 -0.015093 -3.310092
v -0.000000 -0.013344 -3.307465
v -0.000000 -0.011390 -3.305004
v -0.000000 -0.009230 -3.302708
v -0.000000 -0.006864 -3.300578
v -0.000000 -0.005346 -3.299349
v -0.000000 -0.003803 -3.298189
v -0.000000 -0.002235 -3.297101
v -0.000000 -0.000642 -3.296082
v -0.000000 0.000976 -3.295134
v -0.000000 0.002619 -3.294255
v -0.000000 0.004288 -3.293448
v -0.000000 0.005981 -3.292710
v -0.000000 0.007700 -3.292043
v -0.000000 0.009443 -3.291446
v -0.000000 0.011212 -3.290919
v -0.000000 0.013006 -3.290462
v -0.000000 0.014795 -3.290058
v -0.000000 0.016548 -3.289690
v -0.000000 0.018267 -3.289356
v -0.000000 0.019950 -3.289057
v -0.000000 0.021599 -3.288794
v -0.000000 0.023212 -3.288565
v -0.000000 0.024790 -3.288372
v -0.000000 0.026333 -3.288214
v -0.000000 0.027841 -3.288091
v -0.000000 0.029313 -3.288003
v -0.000000 0.030751 -3.287951
v -0.000000 0.032153 -3.287933
v -0.000000 0.036865 -3.288086
v -0.000000 0.041486 -3.288546
v -0.000000 0.046017 -3.289311
v -0.000000 0.050458 -3.290382
v -0.000000 0.054808 -3.291759
v -0.000000 0.059068 -3.293443
v -0.000000 0.063238 -3.295432
v -0.000000 0.067317 -3.297728
v -0.000000 0.071306 -3.300329
v -0.000000 0.075205 -3.303237
v -0.000000 0.079013 -3.306451
v -0.000000 0.082731 -3.309971
v -0.000000 0.085905 -3.313506
v -0.000000 0.088803 -3.317126
v -0.000000 0.091424 -3.320832
v -0.000000 0.093770 -3.324622
v -0.000000 0.095840 -3.328499
v -0.000000 0.097634 -3.332460
v -0.000000 0.099152 -3.336507
v -0.000000 0.100394 -3.340639
v -0.000000 0.101359 -3.344856
v -0.000000 0.102049 -3.349159
v -0.000000 0.102463 -3.353547
v -0.000000 0.102601 -3.358020
v -0.000000 0.102501 -3.361979
v -0.000000 0.102200 -3.365788
v -0.000000 0.101698 -3.369445
v -0.000000 0.100996 -3.372953
v -0.000000 0.100092 -3.376310
v -0.000000 0.098989 -3.379516
v -0.000000 0.097684 -3.382572
v -0.000000 0.096179 -3.385477
v -0.000000 0.094473 -3.388232
v -0.000000 0.092566 -3.390836
v -0.000000 0.090459 -3.393289
v -0.000000 0.088150 -3.395592
v -0.000000 0.086694 -3.396877
v -0.000000 0.085215 -3.398081
v -0.000000 0.083714 -3.399205
v -0.000000 0.082189 -3.400249
v -0.000000 0.080643 -3.401212
v -0.000000 0.079073 -3.402095
v -0.000000 0.077482 -3.402898
v -0.000000 0.075867 -3.403621
v -0.000000 0.074230 -3.404263
v -0.000000 0.072571 -3.404825
v -0.000000 0.070888 -3.405307
v -0.000000 0.069184 -3.405708
v -0.000000 0.067502 -3.406054
v -0.000000 0.065887 -3.406370
v -0.000000 0.064340 -3.406656
v -0.000000 0.062861 -3.406912
v -0.000000 0.061450 -3.407138
v -0.000000 0.060107 -3.407334
v -0.000000 0.058831 -3.407499
v -0.000000 0.057623 -3.407634
v -0.000000 0.056483 -3.407740
v -0.000000 0.055410 -3.407815
v -0.000000 0.054405 -3.407860
v -0.000000 0.053468 -3.407876
v -0.000000 0.050880 -3.407830
v -0.000000 0.048295 -3.407695
v -0.000000 0.045712 -3.407469
v -0.000000 0.043132 -3.407153
v -0.000000 0.040554 -3.406747
v -0.000000 0.037979 -3.406250
v -0.000000 0.035406 -3.405663
v -0.000000 0.032836 -3.404985
v -0.000000 0.030268 -3.404218
v -0.000000 0.027703 -3.403360
v -0.000000 0.025140 -3.402411
v -0.000000 0.022580 -3.401373
v -0.000000 0.020047 -3.400246
v -0.000000 0.017567 -3.399035
v -0.000000 0.015140 -3.397738
v -0.000000 0.012765 -3.396355
v -0.000000 0.010443 -3.394887
v -0.000000 0.008174 -3.393334
v -0.000000 0.005957 -3.391696
v -0.000000 0.003793 -3.389973
v -0.000000 0.001682 -3.388164
v -0.000000 -0.000376 -3.386270
v -0.000000 -0.002382 -3.384290
v -0.000000 -0.004335 -3.382225
v -0.000000 -0.007105 -3.379152
v -0.000000 -0.009634 -3.375953
v -0.000000 -0.011922 -3.372629
v -0.000000 -0.013969 -3.369179
v -0.000000 -0.015775 -3.365604
v -0.000000 -0.017341 -3.361904
v -0.000000 -0.018666 -3.358078
v -0.000000 -0.019749 -3.354127
v -0.000000 -0.020592 -3.350050
v -0.000000 -0.021194 -3.345847
v -0.000000 -0.021556 -3.341520
v -0.000000 0.380419 -3.351878
v -0.000000 0.541185 -3.377167
v -0.000000 0.541185 -3.472904
v -0.000000 0.380419 -3.447615
v -0.000000 0.175578 -3.390896
v -0.000000 0.175578 -3.347182
v -0.000000 0.404624 -2.782153
v -0.000000 0.404624 -2.841402
v -0.000000 0.343931 -2.837066
v -0.000000 0.355183 -2.846191
v -0.000000 0.365457 -2.855622
v -0.000000 0.374752 -2.865358
v -0.000000 0.383069 -2.875401
v -0.000000 0.390407 -2.885750
v -0.000000 0.396767 -2.896405
v -0.000000 0.402148 -2.907366
v -0.000000 0.406551 -2.918633
v -0.000000 0.409976 -2.930207
v -0.000000 0.412422 -2.942086
v -0.000000 0.413890 -2.954272
v -0.000000 0.414379 -2.966763
v -0.000000 0.414188 -2.974624
v -0.000000 0.413616 -2.982192
v -0.000000 0.412663 -2.989467
v -0.000000 0.411328 -2.996448
v -0.000000 0.409612 -3.003135
v -0.000000 0.407515 -3.009529
v -0.000000 0.405036 -3.015629
v -0.000000 0.402176 -3.021435
v -0.000000 0.398934 -3.026949
v -0.000000 0.395312 -3.032168
v -0.000000 0.391308 -3.037095
v -0.000000 0.386922 -3.041727
v -0.000000 0.382193 -3.046026
v -0.000000 0.377158 -3.049951
v -0.000000 0.371816 -3.053502
v -0.000000 0.366169 -3.056679
v -0.000000 0.360216 -3.059483
v -0.000000 0.353956 -3.061913
v -0.000000 0.347390 -3.063969
v -0.000000 0.340519 -3.065651
v -0.000000 0.333341 -3.066959
v -0.000000 0.325857 -3.067894
v -0.000000 0.318067 -3.068455
v -0.000000 0.309971 -3.068641
v -0.000000 0.307449 -3.068625
v -0.000000 0.304939 -3.068576
v -0.000000 0.302441 -3.068495
v -0.000000 0.299956 -3.068381
v -0.000000 0.297484 -3.068234
v -0.000000 0.295024 -3.068054
v -0.000000 0.292576 -3.067842
v -0.000000 0.290141 -3.067598
v -0.000000 0.287719 -3.067321
v -0.000000 0.285309 -3.067011
v -0.000000 0.282912 -3.066668
v -0.000000 0.280528 -3.066293
v -0.000000 0.278150 -3.065901
v -0.000000 0.275776 -3.065506
v -0.000000 0.273404 -3.065108
v -0.000000 0.271034 -3.064708
v -0.000000 0.268667 -3.064305
v -0.000000 0.266302 -3.063900
v -0.000000 0.263940 -3.063492
v -0.000000 0.261581 -3.063082
v -0.000000 0.259224 -3.062670
v -0.000000 0.256869 -3.062254
v -0.000000 0.254517 -3.061837
v -0.000000 0.252168 -3.061416
v -0.000000 0.000000 -3.012283
v -0.000000 0.000000 -2.945809
v -0.000000 0.256142 -2.995665
v -0.000000 0.256455 -2.995727
v -0.000000 0.256794 -2.995795
v -0.000000 0.257158 -2.995868
v -0.000000 0.257547 -2.995945
v -0.000000 0.257961 -2.996028
v -0.000000 0.258400 -2.996116
v -0.000000 0.258864 -2.996209
v -0.000000 0.259353 -2.996306
v -0.000000 0.259867 -2.996409
v -0.000000 0.260407 -2.996517
v -0.000000 0.260971 -2.996630
v -0.000000 0.261561 -2.996748
v -0.000000 0.262888 -2.996989
v -0.000000 0.264220 -2.997230
v -0.000000 0.265557 -2.997471
v -0.000000 0.266900 -2.997712
v -0.000000 0.268247 -2.997952
v -0.000000 0.269599 -2.998193
v -0.000000 0.270956 -2.998434
v -0.000000 0.272319 -2.998675
v -0.000000 0.273686 -2.998916
v -0.000000 0.275058 -2.999156
v -0.000000 0.276436 -2.999397
v -0.000000 0.277818 -2.999639
v -0.000000 0.279210 -2.999869
v -0.000000 0.280618 -3.000080
v -0.000000 0.282040 -3.000271
v -0.000000 0.283478 -3.000442
v -0.000000 0.284931 -3.000592
v -0.000000 0.286398 -3.000722
v -0.000000 0.287881 -3.000833
v -0.000000 0.289379 -3.000923
v -0.000000 0.290892 -3.000993
v -0.000000 0.292419 -3.001044
v -0.000000 0.293962 -3.001074
v -0.000000 0.295520 -3.001084
v -0.000000 0.305272 -3.000645
v -0.000000 0.314176 -2.999328
v -0.000000 0.322232 -2.997133
v -0.000000 0.329440 -2.994059
v -0.000000 0.335800 -2.990108
v -0.000000 0.341312 -2.985279
v -0.000000 0.345975 -2.979571
v -0.000000 0.349791 -2.972986
v -0.000000 0.352759 -2.965522
v -0.000000 0.354879 -2.957180
v -0.000000 0.356151 -2.947960
v -0.000000 0.356575 -2.937861
v -0.000000 0.356338 -2.930189
v -0.000000 0.355627 -2.922708
v -0.000000 0.354441 -2.915417
v -0.000000 0.352782 -2.908317
v -0.000000 0.350648 -2.901408
v -0.000000 0.348040 -2.894689
v -0.000000 0.344958 -2.888161
v -0.000000 0.341402 -2.881824
v -0.000000 0.337371 -2.875677
v -0.000000 0.332867 -2.869721
v -0.000000 0.327888 -2.863956
v -0.000000 0.322435 -2.858382
v -0.000000 0.316568 -2.853050
v -0.000000 0.310348 -2.848015
v -0.000000 0.303773 -2.843276
v -0.000000 0.296845 -2.838833
v -0.000000 0.289563 -2.834686
v -0.000000 0.281927 -2.830835
v -0.000000 0.273938 -2.827280
v -0.000000 0.265595 -2.824021
v -0.000000 0.256898 -2.821058
v -0.000000 0.247848 -2.818391
v -0.000000 0.238443 -2.816020
v -0.000000 0.228685 -2.813945
v -0.000000 0.000000 -2.769509
v -0.000000 0.000000 -2.703035
v -0.000000 -0.001445 -2.497832
v -0.000000 -0.000788 -2.478098
v -0.000000 0.001184 -2.460079
v -0.000000 0.004471 -2.443777
v -0.000000 0.009072 -2.429191
v -0.000000 0.014988 -2.416320
v -0.000000 0.022218 -2.405166
v -0.000000 0.030763 -2.395728
v -0.000000 0.040623 -2.388006
v -0.000000 0.051797 -2.381999
v -0.000000 0.064286 -2.377709
v -0.000000 0.078090 -2.375135
v -0.000000 0.093208 -2.374277
v -0.000000 0.097393 -2.374325
v -0.000000 0.101638 -2.374468
v -0.000000 0.105943 -2.374707
v -0.000000 0.110308 -2.375040
v -0.000000 0.114734 -2.375469
v -0.000000 0.119220 -2.375993
v -0.000000 0.123766 -2.376613
v -0.000000 0.128372 -2.377328
v -0.000000 0.133038 -2.378139
v -0.000000 0.137765 -2.379044
v -0.000000 0.142552 -2.380045
v -0.000000 0.147399 -2.381142
v -0.000000 0.352601 -2.429191
v -0.000000 0.352601 -2.340318
v -0.000000 0.404624 -2.350795
v -0.000000 0.404624 -2.506142
v -0.000000 0.145954 -2.447616
v -0.000000 0.142434 -2.446808
v -0.000000 0.138979 -2.446070
v -0.000000 0.135590 -2.445403
v -0.000000 0.132266 -2.444806
v -0.000000 0.129007 -2.444279
v -0.000000 0.125813 -2.443822
v -0.000000 0.122684 -2.443436
v -0.000000 0.119621 -2.443120
v -0.000000 0.116623 -2.442874
v -0.000000 0.113690 -2.442698
v -0.000000 0.110823 -2.442593
v -0.000000 0.108020 -2.442558
v -0.000000 0.099538 -2.443009
v -0.000000 0.091793 -2.444364
v -0.000000 0.084786 -2.446622
v -0.000000 0.078516 -2.449783
v -0.000000 0.072985 -2.453848
v -0.000000 0.068190 -2.458815
v -0.000000 0.064133 -2.464686
v -0.000000 0.060814 -2.471460
v -0.000000 0.058233 -2.479137
v -0.000000 0.056389 -2.487717
v -0.000000 0.055282 -2.497200
v -0.000000 0.054913 -2.507587
v -0.000000 0.054913 -2.583815
v -0.000000 -0.001445 -2.572616
v -0.000000 0.477963 -2.453757
v -0.000000 0.478025 -2.452142
v -0.000000 0.478213 -2.450666
v -0.000000 0.478527 -2.449332
v -0.000000 0.478966 -2.448137
v -0.000000 0.479531 -2.447083
v -0.000000 0.480220 -2.446170
v -0.000000 0.481036 -2.445398
v -0.000000 0.481977 -2.444765
v -0.000000 0.483043 -2.444274
v -0.000000 0.484235 -2.443923
v -0.000000 0.485552 -2.443712
v -0.000000 0.486994 -2.443642
v -0.000000 0.487235 -2.443644
v -0.000000 0.487476 -2.443652
v -0.000000 0.487717 -2.443665
v -0.000000 0.487958 -2.443682
v -0.000000 0.488199 -2.443705
v -0.000000 0.488440 -2.443733
v -0.000000 0.488680 -2.443765
v -0.000000 0.488921 -2.443803
v -0.000000 0.489162 -2.443846
v -0.000000 0.489403 -2.443893
v -0.000000 0.489644 -2.443946
v -0.000000 0.489884 -2.444003
v -0.000000 0.552384 -2.456286
v -0.000000 0.553943 -2.456587
v -0.000000 0.555365 -2.457009
v -0.000000 0.556652 -2.457551
v -0.000000 0.557804 -2.458213
v -0.000000 0.558820 -2.458996
v -0.000000 0.559700 -2.459899
v -0.000000 0.560445 -2.460922
v -0.000000 0.561055 -2.462066
v -0.000000 0.561529 -2.463331
v -0.000000 0.561868 -2.464716
v -0.000000 0.562071 -2.466221
v -0.000000 0.562139 -2.467847
v -0.000000 0.562139 -2.512645
v -0.000000 0.562076 -2.514260
v -0.000000 0.561888 -2.515735
v -0.000000 0.561574 -2.517070
v -0.000000 0.561135 -2.518264
v -0.000000 0.560571 -2.519318
v -0.000000 0.559881 -2.520231
v -0.000000 0.559066 -2.521004
v -0.000000 0.558125 -2.521636
v -0.000000 0.557058 -2.522128
v -0.000000 0.555867 -2.522479
v -0.000000 0.554550 -2.522690
v -0.000000 0.553107 -2.522760
v -0.000000 0.552866 -2.522758
v -0.000000 0.552625 -2.522750
v -0.000000 0.552384 -2.522737
v -0.000000 0.552144 -2.522720
v -0.000000 0.551903 -2.522697
v -0.000000 0.551662 -2.522669
v -0.000000 0.551421 -2.522637
v -0.000000 0.551180 -2.522599
v -0.000000 0.550939 -2.522556
v -0.000000 0.550698 -2.522509
v -0.000000 0.550458 -2.522456
v -0.000000 0.550217 -2.522399
v -0.000000 0.487717 -2.510116
v -0.000000 0.486159 -2.509815
v -0.000000 0.484736 -2.509393
v -0.000000 0.483449 -2.508851
v -0.000000 0.482298 -2.508189
v -0.000000 0.481282 -2.507406
v -0.000000 0.480401 -2.506503
v -0.000000 0.479656 -2.505479
v -0.000000 0.479046 -2.504335
v -0.000000 0.478572 -2.503071
v -0.000000 0.478233 -2.501686
v -0.000000 0.478030 -2.500181
v -0.000000 0.477963 -2.498555
v -0.000000 0.539379 -1.834176
v -0.000000 0.539379 -1.903179
v -0.000000 0.102240 -1.870665
v -0.000000 0.391257 -1.989523
v -0.000000 0.391257 -2.065752
v -0.000000 0.101517 -2.071171
v -0.000000 0.539379 -2.207370
v -0.000000 0.539379 -2.278902
v -0.000000 0.000000 -2.094653
v -0.000000 0.000000 -2.024566
v -0.000000 0.314306 -2.013367
v -0.000000 0.000000 -1.879335
v -0.000000 0.000000 -1.811416
v -0.000000 -0.009754 -1.038295
v -0.000000 -0.009566 -1.030489
v -0.000000 -0.009002 -1.022966
v -0.000000 -0.008061 -1.015727
v -0.000000 -0.006744 -1.008771
v -0.000000 -0.005050 -1.002099
v -0.000000 -0.002980 -0.995710
v -0.000000 -0.000534 -0.989605
v -0.000000 0.002288 -0.983783
v -0.000000 0.005487 -0.978245
v -0.000000 0.009062 -0.972990
v -0.000000 0.013013 -0.968019
v -0.000000 0.017341 -0.963331
v -0.000000 0.022015 -0.958974
v -0.000000 0.027005 -0.954997
v -0.000000 0.032311 -0.951398
v -0.000000 0.037934 -0.948178
v -0.000000 0.043872 -0.945336
v -0.000000 0.050126 -0.942874
v -0.000000 0.056697 -0.940790
v -0.000000 0.063584 -0.939086
v -0.000000 0.070787 -0.937760
v -0.000000 0.078306 -0.936813
v -0.000000 0.086141 -0.936244
v -0.000000 0.094292 -0.936055
v -0.000000 0.098625 -0.936100
v -0.000000 0.103073 -0.936236
v -0.000000 0.107636 -0.936461
v -0.000000 0.112315 -0.936777
v -0.000000 0.117110 -0.937184
v -0.000000 0.122020 -0.937681
v -0.000000 0.127045 -0.938268
v -0.000000 0.132185 -0.938945
v -0.000000 0.137441 -0.939713
v -0.000000 0.142813 -0.940571
v -0.000000 0.148300 -0.941519
v -0.000000 0.153902 -0.942558
v -0.000000 0.404624 -0.990607
v -0.000000 0.404624 -1.057442
v -0.000000 0.153902 -1.008671
v -0.000000 0.149343 -1.007805
v -0.000000 0.144940 -1.007015
v -0.000000 0.140693 -1.006300
v -0.000000 0.136601 -1.005660
v -0.000000 0.132665 -1.005095
v -0.000000 0.128884 -1.004606
v -0.000000 0.125258 -1.004192
v -0.000000 0.121789 -1.003854
v -0.000000 0.118475 -1.003590
v -0.000000 0.115316 -1.003402
v -0.000000 0.112313 -1.003289
v -0.000000 0.109465 -1.003251
v -0.000000 0.104567 -1.003368
v -0.000000 0.099867 -1.003718
v -0.000000 0.095364 -1.004301
v -0.000000 0.091061 -1.005118
v -0.000000 0.086955 -1.006168
v -0.000000 0.083047 -1.007451
v -0.000000 0.079338 -1.008968
v -0.000000 0.075827 -1.010718
v -0.000000 0.072514 -1.012701
v -0.000000 0.069399 -1.014918
v -0.000000 0.066483 -1.017367
v -0.000000 0.063764 -1.020051
v -0.000000 0.061254 -1.022947
v -0.000000 0.058963 -1.026037
v -0.000000 0.056889 -1.029319
v -0.000000 0.055034 -1.032795
v -0.000000 0.053397 -1.036465
v -0.000000 0.051978 -1.040327
v -0.000000 0.050778 -1.044382
v -0.000000 0.049795 -1.048631
v -0.000000 0.049031 -1.053073
v -0.000000 0.048486 -1.057708
v -0.000000 0.048158 -1.062536
v -0.000000 0.048049 -1.067558
v -0.000000 0.048284 -1.075050
v -0.000000 0.048987 -1.082355
v -0.000000 0.050160 -1.089471
v -0.000000 0.051802 -1.096399
v -0.000000 0.053914 -1.103139
v -0.000000 0.056494 -1.109691
v -0.000000 0.059543 -1.116055
v -0.000000 0.063062 -1.122230
v -0.000000 0.067050 -1.128218
v -0.000000 0.071507 -1.134017
v -0.000000 0.076433 -1.139628
v -0.000000 0.081828 -1.145051
v -0.000000 0.087642 -1.150240
v -0.000000 0.093825 -1.155151
v -0.000000 0.100377 -1.159784
v -0.000000 0.107298 -1.164138
v -0.000000 0.114587 -1.168213
v -0.000000 0.122245 -1.172011
v -0.000000 0.130272 -1.175529
v -0.000000 0.138668 -1.178769
v -0.000000 0.147433 -1.181731
v -0.000000 0.156566 -1.184414
v -0.000000 0.166068 -1.186819
v -0.000000 0.175939 -1.188945
v -0.000000 0.404624 -1.233382
v -0.000000 0.404624 -1.300217
v -0.000000 0.000000 -1.221460
v -0.000000 0.000000 -1.162211
v -0.000000 0.060694 -1.166908
v -0.000000 0.049442 -1.157901
v -0.000000 0.039168 -1.148583
v -0.000000 0.029873 -1.138954
v -0.000000 0.021556 -1.129014
v -0.000000 0.014218 -1.118763
v -0.000000 0.007858 -1.108201
v -0.000000 0.002476 -1.097328
v -0.000000 -0.001927 -1.086143
v -0.000000 -0.005351 -1.074648
v -0.000000 -0.007797 -1.062841
v -0.000000 -0.009265 -1.050724
v -0.000000 -0.010477 -0.631142
v -0.000000 -0.010203 -0.619693
v -0.000000 -0.009383 -0.608708
v -0.000000 -0.008016 -0.598187
v -0.000000 -0.006101 -0.588130
v -0.000000 -0.003640 -0.578538
v -0.000000 -0.000632 -0.569409
v -0.000000 0.002923 -0.560745
v -0.000000 0.007025 -0.552545
v -0.000000 0.011674 -0.544809
v -0.000000 0.016869 -0.537537
v -0.000000 0.022612 -0.530729
v -0.000000 0.028902 -0.524386
v -0.000000 0.035713 -0.518529
v -0.000000 0.043021 -0.513181
v -0.000000 0.050826 -0.508343
v -0.000000 0.059128 -0.504014
v -0.000000 0.067927 -0.500194
v -0.000000 0.077222 -0.496884
v -0.000000 0.087014 -0.494083
v -0.000000 0.097303 -0.491791
v -0.000000 0.108088 -0.490009
v -0.000000 0.119370 -0.488735
v -0.000000 0.131149 -0.487971
v -0.000000 0.143425 -0.487717
v -0.000000 0.152082 -0.487831
v -0.000000 0.160711 -0.488173
v -0.000000 0.169312 -0.488744
v -0.000000 0.177886 -0.489543
v -0.000000 0.186433 -0.490571
v -0.000000 0.194951 -0.491826
v -0.000000 0.203442 -0.493310
v -0.000000 0.211906 -0.495022
v -0.000000 0.220342 -0.496963
v -0.000000 0.228750 -0.499132
v -0.000000 0.237131 -0.501529
v -0.000000 0.245484 -0.504155
v -0.000000 0.253749 -0.506981
v -0.000000 0.261867 -0.509980
v -0.000000 0.269836 -0.513153
v -0.000000 0.277657 -0.516498
v -0.000000 0.285331 -0.520017
v -0.000000 0.292856 -0.523708
v -0.000000 0.300233 -0.527573
v -0.000000 0.307462 -0.531611
v -0.000000 0.314543 -0.535822
v -0.000000 0.321477 -0.540207
v -0.000000 0.328262 -0.544764
v -0.000000 0.334899 -0.549494
v -0.000000 0.341324 -0.554366
v -0.000000 0.347473 -0.559349
v -0.000000 0.353346 -0.564442
v -0.000000 0.358943 -0.569645
v -0.000000 0.364265 -0.574959
v -0.000000 0.369310 -0.580383
v -0.000000 0.374079 -0.585917
v -0.000000 0.378573 -0.591562
v -0.000000 0.382790 -0.597317
v -0.000000 0.386731 -0.603183
v -0.000000 0.390397 -0.609159
v -0.000000 0.393786 -0.615246
v -0.000000 0.397075 -0.621718
v -0.000000 0.400078 -0.628372
v -0.000000 0.402795 -0.635206
v -0.000000 0.405226 -0.642221
v -0.000000 0.407371 -0.649416
v -0.000000 0.409231 -0.656792
v -0.000000 0.410804 -0.664348
v -0.000000 0.412091 -0.672086
v -0.000000 0.413092 -0.680004
v -0.000000 0.413807 -0.688102
v -0.000000 0.414236 -0.696381
v -0.000000 0.414379 -0.704841
v -0.000000 0.414108 -0.716232
v -0.000000 0.413295 -0.727165
v -0.000000 0.411940 -0.737638
v -0.000000 0.410043 -0.747652
v -0.000000 0.407605 -0.757207
v -0.000000 0.404624 -0.766302
v -0.000000 0.401102 -0.774939
v -0.000000 0.397038 -0.783117
v -0.000000 0.392431 -0.790835
v -0.000000 0.387283 -0.798094
v -0.000000 0.381593 -0.804894
v -0.000000 0.375361 -0.811236
v -0.000000 0.368610 -0.817092
v -0.000000 0.361362 -0.822440
v -0.000000 0.353617 -0.827278
v -0.000000 0.345376 -0.831607
v -0.000000 0.336637 -0.835427
v -0.000000 0.327403 -0.838737
v -0.000000 0.317671 -0.841538
v -0.000000 0.307442 -0.843830
v -0.000000 0.296717 -0.845613
v -0.000000 0.285495 -0.846886
v -0.000000 0.273776 -0.847650
v -0.000000 0.261561 -0.847905
v -0.000000 0.253482 -0.847800
v -0.000000 0.245384 -0.847488
v -0.000000 0.237265 -0.846968
v -0.000000 0.229127 -0.846239
v -0.000000 0.220968 -0.845302
v -0.000000 0.212789 -0.844156
v -0.000000 0.204590 -0.842803
v -0.000000 0.196371 -0.841241
v -0.000000 0.188132 -0.839471
v -0.000000 0.179873 -0.837493
v -0.000000 0.171594 -0.835307
v -0.000000 0.163295 -0.832912
v -0.000000 0.155063 -0.830334
v -0.000000 0.146987 -0.827598
v -0.000000 0.139067 -0.824704
v -0.000000 0.131302 -0.821652
v -0.000000 0.123693 -0.818442
v -0.000000 0.116239 -0.815074
v -0.000000 0.108941 -0.811548
v -0.000000 0.101798 -0.807864
v -0.000000 0.094811 -0.804021
v -0.000000 0.087980 -0.800021
v -0.000000 0.081304 -0.795863
v -0.000000 0.074783 -0.791546
v -0.000000 0.061165 -0.781436
v -0.000000 0.048732 -0.770733
v -0.000000 0.037482 -0.759438
v -0.000000 0.027417 -0.747551
v -0.000000 0.018535 -0.735072
v -0.000000 0.010838 -0.722001
v -0.000000 0.004325 -0.708338
v -0.000000 -0.001004 -0.694083
v -0.000000 -0.005148 -0.679236
v -0.000000 -0.008109 -0.663796
v -0.000000 -0.009885 -0.647765
v -0.000000 0.045882 -0.633309
v -0.000000 0.046076 -0.640230
v -0.000000 0.046659 -0.647023
v -0.000000 0.047631 -0.653687
v -0.000000 0.048992 -0.660224
v -0.000000 0.050742 -0.666633
v -0.000000 0.052881 -0.672914
v -0.000000 0.055409 -0.679067
v -0.000000 0.058325 -0.685092
v -0.000000 0.061631 -0.690989
v -0.000000 0.065325 -0.696758
v -0.000000 0.069408 -0.702399
v -0.000000 0.073880 -0.707912
v -0.000000 0.078677 -0.713263
v -0.000000 0.083735 -0.718419
v -0.000000 0.089053 -0.723379
v -0.000000 0.094633 -0.728143
v -0.000000 0.100474 -0.732712
v -0.000000 0.106575 -0.737084
v -0.000000 0.112938 -0.741262
v -0.000000 0.119561 -0.745243
v -0.000000 0.126445 -0.749029
v -0.000000 0.133590 -0.752619
v -0.000000 0.140996 -0.756014
v -0.000000 0.148663 -0.759212
v -0.000000 0.156530 -0.762184
v -0.000000 0.164534 -0.764897
v -0.000000 0.172677 -0.767352
v -0.000000 0.180957 -0.769549
v -0.000000 0.189375 -0.771487
v -0.000000 0.197932 -0.773167
v -0.000000 0.206626 -0.774588
v -0.000000 0.215458 -0.775751
v -0.000000 0.224429 -0.776655
v -0.000000 0.233537 -0.777301
v -0.000000 0.242783 -0.777689
v -0.000000 0.252168 -0.777818
v -0.000000 0.261172 -0.777686
v -0.000000 0.269760 -0.777291
v -0.000000 0.277931 -0.776632
v -0.000000 0.285686 -0.775711
v -0.000000 0.293024 -0.774525
v -0.000000 0.299946 -0.773076
v -0.000000 0.306451 -0.771364
v -0.000000 0.312540 -0.769388
v -0.000000 0.318213 -0.767149
v -0.000000 0.323469 -0.764647
v -0.000000 0.328308 -0.761881
v -0.000000 0.332731 -0.758851
v -0.000000 0.336770 -0.755568
v -0.000000 0.340458 -0.752042
v -0.000000 0.343795 -0.748273
v -0.000000 0.346781 -0.744260
v -0.000000 0.349415 -0.740004
v -0.000000 0.351698 -0.735504
v -0.000000 0.353630 -0.730761
v -0.000000 0.355210 -0.725775
v -0.000000 0.356440 -0.720545
v -0.000000 0.357318 -0.715072
v -0.000000 0.357845 -0.709356
v -0.000000 0.358020 -0.703396
v -0.000000 0.357826 -0.696475
v -0.000000 0.357243 -0.689683
v -0.000000 0.356270 -0.683018
v -0.000000 0.354909 -0.676481
v -0.000000 0.353159 -0.670072
v -0.000000 0.351021 -0.663792
v -0.000000 0.348493 -0.657639
v -0.000000 0.345576 -0.651614
v -0.000000 0.342271 -0.645717
v -0.000000 0.338577 -0.639948
v -0.000000 0.334494 -0.634306
v -0.000000 0.330022 -0.628793
v -0.000000 0.325224 -0.623441
v -0.000000 0.320162 -0.618281
v -0.000000 0.314837 -0.613315
v -0.000000 0.309249 -0.608542
v -0.000000 0.303397 -0.603962
v -0.000000 0.297281 -0.599576
v -0.000000 0.290903 -0.595382
v -0.000000 0.284261 -0.591382
v -0.000000 0.277355 -0.587574
v -0.000000 0.270186 -0.583961
v -0.000000 0.262754 -0.580540
v -0.000000 0.255058 -0.577312
v -0.000000 0.247163 -0.574312
v -0.000000 0.239132 -0.571572
v -0.000000 0.230966 -0.569093
v -0.000000 0.222664 -0.566875
v -0.000000 0.214227 -0.564918
v -0.000000 0.205654 -0.563222
v -0.000000 0.196946 -0.561787
v -0.000000 0.188102 -0.560613
v -0.000000 0.179123 -0.559700
v -0.000000 0.170008 -0.559048
v -0.000000 0.160758 -0.558656
v -0.000000 0.151373 -0.558526
v -0.000000 0.142426 -0.558658
v -0.000000 0.133891 -0.559053
v -0.000000 0.125768 -0.559711
v -0.000000 0.118056 -0.560633
v -0.000000 0.110755 -0.561819
v -0.000000 0.103866 -0.563268
v -0.000000 0.097388 -0.564980
v -0.000000 0.091321 -0.566956
v -0.000000 0.085667 -0.569195
v -0.000000 0.080423 -0.571697
v -0.000000 0.075591 -0.574463
v -0.000000 0.071171 -0.577493
v -0.000000 0.067131 -0.580778
v -0.000000 0.063443 -0.584312
v -0.000000 0.060107 -0.588094
v -0.000000 0.057121 -0.592124
v -0.000000 0.054487 -0.596403
v -0.000000 0.052204 -0.600930
v -0.000000 0.050272 -0.605706
v -0.000000 0.048691 -0.610730
v -0.000000 0.047462 -0.616002
v -0.000000 0.046584 -0.621523
v -0.000000 0.046057 -0.627292
v 0.000000 0.242052 -0.183526
v 0.000000 0.539379 -0.070448
v 0.000000 0.539379 -0.143425
v 0.000000 0.304191 -0.228685
v 0.000000 0.539379 -0.408237
v 0.000000 0.539379 -0.486994
v -0.000000 0.242052 -0.257587
v -0.000000 0.000000 -0.210983
v -0.000000 0.000000 -0.136199
vn 1.0000 -0.0000 -0.0000
vt 0.388430 0.000000
vt 0.404959 0.000000
vt 0.396694 0.000000
vt 0.413223 0.000000
vt 0.421488 0.000000
vt 0.380165 0.000000
vt 0.429752 0.000000
vt 0.438017 0.000000
vt 0.371901 0.000000
vt 0.446281 0.000000
vt 0.454545 0.000000
vt 0.363636 0.000000
vt 0.462810 0.000000
vt 0.355372 0.000000
vt 0.471074 0.000000
vt 0.479339 0.000000
vt 0.347107 0.000000
vt 0.487603 0.000000
vt 0.495868 0.000000
vt 0.338843 0.000000
vt 0.504132 0.000000
vt 0.512397 0.000000
vt 0.330579 0.000000
vt 0.520661 0.000000
vt 0.528926 0.000000
vt 0.322314 0.000000
vt 0.537190 0.000000
vt 0.314050 0.000000
vt 0.545455 0.000000
vt 0.553719 0.000000
vt 0.305785 0.000000
vt 0.561983 0.000000
vt 0.570248 0.000000
vt 0.297521 0.000000
vt 0.578512 0.000000
vt 0.586777 0.000000
vt 0.289256 0.000000
vt 0.595041 0.000000
vt 0.603306 0.000000
vt 0.280992 0.000000
vt 0.611570 0.000000
vt 0.272727 0.000000
vt 0.619835 0.000000
vt 0.264463 0.000000
vt 0.628099 0.000000
vt 0.256198 0.000000
vt 0.636364 0.000000
vt 0.247934 0.000000
vt 0.644628 0.000000
vt 0.239669 0.000000
vt 0.652893 0.000000
vt 0.231405 0.000000
vt 0.661157 0.000000
vt 0.223140 0.000000
vt 0.669421 0.000000
vt 0.214876 0.000000
vt 0.677686 0.000000
vt 0.206612 0.000000
vt 0.685950 0.000000
vt 0.198347 0.000000
vt 0.694215 0.000000
vt 0.190083 0.000000
vt 0.702479 0.000000
vt 0.710744 0.000000
vt 0.181818 0.000000
vt 0.719008 0.000000
vt 0.727273 0.000000
vt 0.173554 0.000000
vt 0.735537 0.000000
vt 0.743802 0.000000
vt 0.165289 0.000000
vt 0.752066 0.000000
vt 0.760331 0.000000
vt 0.157025 0.000000
vt 0.768595 0.000000
vt 0.776860 0.000000
vt 0.148760 0.000000
vt 0.785124 0.000000
vt 0.793388 0.000000
vt 0.140496 0.000000
vt 0.801653 0.000000
vt 0.809917 0.000000
vt 0.132231 0.000000
vt 0.818182 0.000000
vt 0.826446 0.000000
vt 0.123967 0.000000
vt 0.834711 0.000000
vt 0.842975 0.000000
vt 0.115702 0.000000
vt 0.851240 0.000000
vt 0.859504 0.000000
vt 0.107438 0.000000
vt 0.867769 0.000000
vt 0.876033 0.000000
vt 0.099174 0.000000
vt 0.884298 0.000000
vt 0.892562 0.000000
vt 0.090909 0.000000
vt 0.900826 0.000000
vt 0.909091 0.000000
vt 0.082645 0.000000
vt 0.917355 0.000000
vt 0.074380 0.000000
vt 0.925620 0.000000
vt 0.066116 0.000000
vt 0.933884 0.000000
vt 0.057851 0.000000
vt 0.942149 0.000000
vt 0.049587 0.000000
vt 0.950413 0.000000
vt 0.041322 0.000000
vt 0.958678 0.000000
vt 0.033058 0.000000
vt 0.966942 0.000000
vt 0.024793 0.000000
vt 0.975207 0.000000
vt 0.016529 0.000000
vt 0.983471 0.000000
vt 0.008264 0.000000
vt 0.991736 0.000000
vt 0.000000 0.000000
vt 1.000000 0.000000
vt 0.729904 0.000000
vt 0.736334 0.000000
vt 0.733119 0.000000
vt 0.739550 0.000000
vt 0.726688 0.000000
vt 0.742765 0.000000
vt 0.723473 0.000000
vt 0.745981 0.000000
vt 0.720257 0.000000
vt 0.749196 0.000000
vt 0.717042 0.000000
vt 0.752412 0.000000
vt 0.713826 0.000000
vt 0.755627 0.000000
vt 0.710611 0.000000
vt 0.758842 0.000000
vt 0.707395 0.000000
vt 0.762058 0.000000
vt 0.704180 0.000000
vt 0.765273 0.000000
vt 0.768489 0.000000
vt 0.700965 0.000000
vt 0.771704 0.000000
vt 0.697749 0.000000
vt 0.774920 0.000000
vt 0.694534 0.000000
vt 0.778135 0.000000
vt 0.691318 0.000000
vt 0.781350 0.000000
vt 0.688103 0.000000
vt 0.784566 0.000000
vt 0.684887 0.000000
vt 0.787781 0.000000
vt 0.790997 0.000000
vt 0.681672 0.000000
vt 0.794212 0.000000
vt 0.678457 0.000000
vt 0.797428 0.000000
vt 0.675241 0.000000
vt 0.800643 0.000000
vt 0.672026 0.000000
vt 0.803859 0.000000
vt 0.668810 0.000000
vt 0.807074 0.000000
vt 0.810289 0.000000
vt 0.665595 0.000000
vt 0.813505 0.000000
vt 0.662379 0.000000
vt 0.659164 0.000000
vt 0.816720 0.000000
vt 0.655949 0.000000
vt 0.652733 0.000000
vt 0.819936 0.000000
vt 0.823151 0.000000
vt 0.649518 0.000000
vt 0.826367 0.000000
vt 0.646302 0.000000
vt 0.829582 0.000000
vt 0.643087 0.000000
vt 0.832797 0.000000
vt 0.836013 0.000000
vt 0.639871 0.000000
vt 0.839228 0.000000
vt 0.636656 0.000000
vt 0.842444 0.000000
vt 0.633440 0.000000
vt 0.845659 0.000000
vt 0.630225 0.000000
vt 0.848875 0.000000
vt 0.627010 0.000000
vt 0.852090 0.000000
vt 0.855305 0.000000
vt 0.623794 0.000000
vt 0.858521 0.000000
vt 0.861736 0.000000
vt 0.620579 0.000000
vt 0.864952 0.000000
vt 0.868167 0.000000
vt 0.617363 0.000000
vt 0.871383 0.000000
vt 0.874598 0.000000
vt 0.614148 0.000000
vt 0.877814 0.000000
vt 0.610932 0.000000
vt 0.881029 0.000000
vt 0.607717 0.000000
vt 0.884244 0.000000
vt 0.604502 0.000000
vt 0.601286 0.000000
vt 0.887460 0.000000
vt 0.598071 0.000000
vt 0.890675 0.000000
vt 0.594855 0.000000
vt 0.893891 0.000000
vt 0.591640 0.000000
vt 0.588424 0.000000
vt 0.897106 0.000000
vt 0.585209 0.000000
vt 0.900322 0.000000
vt 0.581994 0.000000
vt 0.903537 0.000000
vt 0.578778 0.000000
vt 0.575563 0.000000
vt 0.906752 0.000000
vt 0.572347 0.000000
vt 0.909968 0.000000
vt 0.569132 0.000000
vt 0.913183 0.000000
vt 0.565916 0.000000
vt 0.916399 0.000000
vt 0.562701 0.000000
vt 0.559486 0.000000
vt 0.919614 0.000000
vt 0.556270 0.000000
vt 0.922830 0.000000
vt 0.553055 0.000000
vt 0.926045 0.000000
vt 0.549839 0.000000
vt 0.929260 0.000000
vt 0.546624 0.000000
vt 0.932476 0.000000
vt 0.543408 0.000000
vt 0.935691 0.000000
vt 0.540193 0.000000
vt 0.536977 0.000000
vt 0.938907 0.000000
vt 0.942122 0.000000
vt 0.533762 0.000000
vt 0.945338 0.000000
vt 0.948553 0.000000
vt 0.530547 0.000000
vt 0.951769 0.000000
vt 0.954984 0.000000
vt 0.527331 0.000000
vt 0.958199 0.000000
vt 0.524116 0.000000
vt 0.961415 0.000000
vt 0.964630 0.000000
vt 0.520900 0.000000
vt 0.967846 0.000000
vt 0.971061 0.000000
vt 0.517685 0.000000
vt 0.974277 0.000000
vt 0.977492 0.000000
vt 0.514469 0.000000
vt 0.980707 0.000000
vt 0.511254 0.000000
vt 0.983923 0.000000
vt 0.987138 0.000000
vt 0.508039 0.000000
vt 0.990354 0.000000
vt 0.993569 0.000000
vt 0.504823 0.000000
vt 0.996785 0.000000
vt 0.501608 0.000000
vt 0.266881 0.000000
vt 0.273312 0.000000
vt 0.270096 0.000000
vt 0.276527 0.000000
vt 0.263666 0.000000
vt 0.279743 0.000000
vt 0.260450 0.000000
vt 0.282958 0.000000
vt 0.257235 0.000000
vt 0.286174 0.000000
vt 0.289389 0.000000
vt 0.254019 0.000000
vt 0.292605 0.000000
vt 0.250804 0.000000
vt 0.295820 0.000000
vt 0.247588 0.000000
vt 0.299035 0.000000
vt 0.244373 0.000000
vt 0.302251 0.000000
vt 0.305466 0.000000
vt 0.241158 0.000000
vt 0.308682 0.000000
vt 0.237942 0.000000
vt 0.311897 0.000000
vt 0.234727 0.000000
vt 0.315113 0.000000
vt 0.231511 0.000000
vt 0.318328 0.000000
vt 0.321543 0.000000
vt 0.228296 0.000000
vt 0.324759 0.000000
vt 0.225080 0.000000
vt 0.327974 0.000000
vt 0.221865 0.000000
vt 0.331190 0.000000
vt 0.218650 0.000000
vt 0.334405 0.000000
vt 0.215434 0.000000
vt 0.337621 0.000000
vt 0.212219 0.000000
vt 0.340836 0.000000
vt 0.209003 0.000000
vt 0.344051 0.000000
vt 0.205788 0.000000
vt 0.347267 0.000000
vt 0.202572 0.000000
vt 0.350482 0.000000
vt 0.199357 0.000000
vt 0.353698 0.000000
vt 0.196141 0.000000
vt 0.356913 0.000000
vt 0.192926 0.000000
vt 0.360129 0.000000
vt 0.189711 0.000000
vt 0.363344 0.000000
vt 0.366559 0.000000
vt 0.186495 0.000000
vt 0.369775 0.000000
vt 0.183280 0.000000
vt 0.372990 0.000000
vt 0.376206 0.000000
vt 0.180064 0.000000
vt 0.379421 0.000000
vt 0.176849 0.000000
vt 0.382637 0.000000
vt 0.173633 0.000000
vt 0.385852 0.000000
vt 0.389068 0.000000
vt 0.170418 0.000000
vt 0.392283 0.000000
vt 0.167203 0.000000
vt 0.395498 0.000000
vt 0.163987 0.000000
vt 0.398714 0.000000
vt 0.160772 0.000000
vt 0.401929 0.000000
vt 0.405145 0.000000
vt 0.157556 0.000000
vt 0.408360 0.000000
vt 0.154341 0.000000
vt 0.411576 0.000000
vt 0.151125 0.000000
vt 0.414791 0.000000
vt 0.147910 0.000000
vt 0.418006 0.000000
vt 0.144695 0.000000
vt 0.421222 0.000000
vt 0.141479 0.000000
vt 0.424437 0.000000
vt 0.138264 0.000000
vt 0.427653 0.000000
vt 0.135048 0.000000
vt 0.131833 0.000000
vt 0.430868 0.000000
vt 0.128617 0.000000
vt 0.125402 0.000000
vt 0.434084 0.000000
vt 0.122186 0.000000
vt 0.118971 0.000000
vt 0.437299 0.000000
vt 0.115756 0.000000
vt 0.112540 0.000000
vt 0.440514 0.000000
vt 0.109325 0.000000
vt 0.106109 0.000000
vt 0.443730 0.000000
vt 0.102894 0.000000
vt 0.099678 0.000000
vt 0.096463 0.000000
vt 0.446945 0.000000
vt 0.093248 0.000000
vt 0.090032 0.000000
vt 0.086817 0.000000
vt 0.450161 0.000000
vt 0.083601 0.000000
vt 0.080386 0.000000
vt 0.453376 0.000000
vt 0.077170 0.000000
vt 0.073955 0.000000
vt 0.070740 0.000000
vt 0.456592 0.000000
vt 0.067524 0.000000
vt 0.064309 0.000000
vt 0.459807 0.000000
vt 0.061093 0.000000
vt 0.057878 0.000000
vt 0.463023 0.000000
vt 0.054662 0.000000
vt 0.051447 0.000000
vt 0.048232 0.000000
vt 0.466238 0.000000
vt 0.045016 0.000000
vt 0.041801 0.000000
vt 0.038585 0.000000
vt 0.469453 0.000000
vt 0.035370 0.000000
vt 0.472669 0.000000
vt 0.032154 0.000000
vt 0.475884 0.000000
vt 0.028939 0.000000
vt 0.479100 0.000000
vt 0.025723 0.000000
vt 0.022508 0.000000
vt 0.482315 0.000000
vt 0.019293 0.000000
vt 0.485531 0.000000
vt 0.016077 0.000000
vt 0.488746 0.000000
vt 0.012862 0.000000
vt 0.491961 0.000000
vt 0.009646 0.000000
vt 0.495177 0.000000
vt 0.006431 0.000000
vt 0.498392 0.000000
vt 0.003215 0.000000
vt 0.963504 0.000000
vt 0.978102 0.000000
vt 0.970803 0.000000
vt 0.985401 0.000000
vt 0.992701 0.000000
vt 0.430657 0.000000
vt 0.445255 0.000000
vt 0.437956 0.000000
vt 0.452555 0.000000
vt 0.423358 0.000000
vt 0.459854 0.000000
vt 0.416058 0.000000
vt 0.467153 0.000000
vt 0.408759 0.000000
vt 0.474453 0.000000
vt 0.401460 0.000000
vt 0.481752 0.000000
vt 0.394161 0.000000
vt 0.489051 0.000000
vt 0.496350 0.000000
vt 0.386861 0.000000
vt 0.503650 0.000000
vt 0.379562 0.000000
vt 0.510949 0.000000
vt 0.372263 0.000000
vt 0.518248 0.000000
vt 0.364964 0.000000
vt 0.525547 0.000000
vt 0.357664 0.000000
vt 0.532847 0.000000
vt 0.540146 0.000000
vt 0.350365 0.000000
vt 0.547445 0.000000
vt 0.554745 0.000000
vt 0.343066 0.000000
vt 0.562044 0.000000
vt 0.569343 0.000000
vt 0.576642 0.000000
vt 0.335766 0.000000
vt 0.583942 0.000000
vt 0.591241 0.000000
vt 0.328467 0.000000
vt 0.598540 0.000000
vt 0.605839 0.000000
vt 0.321168 0.000000
vt 0.613139 0.000000
vt 0.620438 0.000000
vt 0.627737 0.000000
vt 0.313869 0.000000
vt 0.635036 0.000000
vt 0.642336 0.000000
vt 0.306569 0.000000
vt 0.649635 0.000000
vt 0.656934 0.000000
vt 0.664234 0.000000
vt 0.299270 0.000000
vt 0.671533 0.000000
vt 0.678832 0.000000
vt 0.686131 0.000000
vt 0.693431 0.000000
vt 0.291971 0.000000
vt 0.700730 0.000000
vt 0.708029 0.000000
vt 0.715328 0.000000
vt 0.284672 0.000000
vt 0.722628 0.000000
vt 0.277372 0.000000
vt 0.729927 0.000000
vt 0.737226 0.000000
vt 0.270073 0.000000
vt 0.744526 0.000000
vt 0.751825 0.000000
vt 0.262774 0.000000
vt 0.759124 0.000000
vt 0.766423 0.000000
vt 0.255474 0.000000
vt 0.248175 0.000000
vt 0.773723 0.000000
vt 0.240876 0.000000
vt 0.233577 0.000000
vt 0.781022 0.000000
vt 0.226277 0.000000
vt 0.788321 0.000000
vt 0.218978 0.000000
vt 0.211679 0.000000
vt 0.795620 0.000000
vt 0.204380 0.000000
vt 0.802920 0.000000
vt 0.197080 0.000000
vt 0.189781 0.000000
vt 0.810219 0.000000
vt 0.182482 0.000000
vt 0.817518 0.000000
vt 0.175182 0.000000
vt 0.167883 0.000000
vt 0.824818 0.000000
vt 0.160584 0.000000
vt 0.832117 0.000000
vt 0.153285 0.000000
vt 0.839416 0.000000
vt 0.145985 0.000000
vt 0.138686 0.000000
vt 0.846715 0.000000
vt 0.131387 0.000000
vt 0.854015 0.000000
vt 0.124088 0.000000
vt 0.861314 0.000000
vt 0.116788 0.000000
vt 0.868613 0.000000
vt 0.109489 0.000000
vt 0.102190 0.000000
vt 0.875912 0.000000
vt 0.094891 0.000000
vt 0.883212 0.000000
vt 0.087591 0.000000
vt 0.080292 0.000000
vt 0.890511 0.000000
vt 0.072993 0.000000
vt 0.897810 0.000000
vt 0.065693 0.000000
vt 0.905109 0.000000
vt 0.058394 0.000000
vt 0.912409 0.000000
vt 0.051095 0.000000
vt 0.919708 0.000000
vt 0.043796 0.000000
vt 0.927007 0.000000
vt 0.036496 0.000000
vt 0.934307 0.000000
vt 0.029197 0.000000
vt 0.941606 0.000000
vt 0.021898 0.000000
vt 0.948905 0.000000
vt 0.014599 0.000000
vt 0.956204 0.000000
vt 0.007299 0.000000
vt 0.093525 0.000000
vt 0.107914 0.000000
vt 0.100719 0.000000
vt 0.115108 0.000000
vt 0.086331 0.000000
vt 0.122302 0.000000
vt 0.129496 0.000000
vt 0.079137 0.000000
vt 0.136691 0.000000
vt 0.071942 0.000000
vt 0.143885 0.000000
vt 0.151079 0.000000
vt 0.064748 0.000000
vt 0.158273 0.000000
vt 0.007194 0.000000
vt 0.014388 0.000000
vt 0.165468 0.000000
vt 0.057554 0.000000
vt 0.172662 0.000000
vt 0.050360 0.000000
vt 0.179856 0.000000
vt 0.187050 0.000000
vt 0.043165 0.000000
vt 0.194245 0.000000
vt 0.035971 0.000000
vt 0.201439 0.000000
vt 0.208633 0.000000
vt 0.028777 0.000000
vt 0.215827 0.000000
vt 0.223022 0.000000
vt 0.021583 0.000000
vt 0.812950 0.000000
vt 0.230216 0.000000
vt 0.820144 0.000000
vt 0.805755 0.000000
vt 0.827338 0.000000
vt 0.798561 0.000000
vt 0.834532 0.000000
vt 0.791367 0.000000
vt 0.841727 0.000000
vt 0.237410 0.000000
vt 0.848921 0.000000
vt 0.784173 0.000000
vt 0.856115 0.000000
vt 0.776978 0.000000
vt 0.863309 0.000000
vt 0.244604 0.000000
vt 0.769784 0.000000
vt 0.870504 0.000000
vt 0.942446 0.000000
vt 0.935252 0.000000
vt 0.928058 0.000000
vt 0.920863 0.000000
vt 0.913669 0.000000
vt 0.906475 0.000000
vt 0.899281 0.000000
vt 0.892086 0.000000
vt 0.884892 0.000000
vt 0.877698 0.000000
vt 0.762590 0.000000
vt 0.251799 0.000000
vt 0.755396 0.000000
vt 0.258993 0.000000
vt 0.748201 0.000000
vt 0.266187 0.000000
vt 0.741007 0.000000
vt 0.273381 0.000000
vt 0.733813 0.000000
vt 0.280576 0.000000
vt 0.287770 0.000000
vt 0.726619 0.000000
vt 0.294964 0.000000
vt 0.302158 0.000000
vt 0.309353 0.000000
vt 0.316547 0.000000
vt 0.719424 0.000000
vt 0.323741 0.000000
vt 0.712230 0.000000
vt 0.330935 0.000000
vt 0.705036 0.000000
vt 0.697842 0.000000
vt 0.338129 0.000000
vt 0.690647 0.000000
vt 0.683453 0.000000
vt 0.345324 0.000000
vt 0.676259 0.000000
vt 0.352518 0.000000
vt 0.669065 0.000000
vt 0.661870 0.000000
vt 0.359712 0.000000
vt 0.654676 0.000000
vt 0.949640 0.000000
vt 0.647482 0.000000
vt 0.366906 0.000000
vt 0.640288 0.000000
vt 0.374101 0.000000
vt 0.633094 0.000000
vt 0.625899 0.000000
vt 0.381295 0.000000
vt 0.618705 0.000000
vt 0.956835 0.000000
vt 0.611511 0.000000
vt 0.388489 0.000000
vt 0.604317 0.000000
vt 0.395683 0.000000
vt 0.597122 0.000000
vt 0.589928 0.000000
vt 0.402878 0.000000
vt 0.582734 0.000000
vt 0.575540 0.000000
vt 0.410072 0.000000
vt 0.964029 0.000000
vt 0.568345 0.000000
vt 0.561151 0.000000
vt 0.417266 0.000000
vt 0.553957 0.000000
vt 0.424460 0.000000
vt 0.546763 0.000000
vt 0.539568 0.000000
vt 0.532374 0.000000
vt 0.525180 0.000000
vt 0.517986 0.000000
vt 0.431655 0.000000
vt 0.510791 0.000000
vt 0.503597 0.000000
vt 0.496403 0.000000
vt 0.489209 0.000000
vt 0.482014 0.000000
vt 0.971223 0.000000
vt 0.438849 0.000000
vt 0.474820 0.000000
vt 0.467626 0.000000
vt 0.460432 0.000000
vt 0.446043 0.000000
vt 0.453237 0.000000
vt 0.978417 0.000000
vt 0.985611 0.000000
vt 0.992806 0.000000
vt 0.702290 0.000000
vt 0.717557 0.000000
vt 0.709924 0.000000
vt 0.725191 0.000000
vt 0.732824 0.000000
vt 0.694656 0.000000
vt 0.740458 0.000000
vt 0.687023 0.000000
vt 0.748092 0.000000
vt 0.679389 0.000000
vt 0.755725 0.000000
vt 0.671756 0.000000
vt 0.763359 0.000000
vt 0.664122 0.000000
vt 0.770992 0.000000
vt 0.656489 0.000000
vt 0.778626 0.000000
vt 0.648855 0.000000
vt 0.786260 0.000000
vt 0.641221 0.000000
vt 0.793893 0.000000
vt 0.633588 0.000000
vt 0.801527 0.000000
vt 0.625954 0.000000
vt 0.809160 0.000000
vt 0.618321 0.000000
vt 0.816794 0.000000
vt 0.824427 0.000000
vt 0.832061 0.000000
vt 0.610687 0.000000
vt 0.839695 0.000000
vt 0.847328 0.000000
vt 0.854962 0.000000
vt 0.862595 0.000000
vt 0.870229 0.000000
vt 0.877863 0.000000
vt 0.885496 0.000000
vt 0.893130 0.000000
vt 0.900763 0.000000
vt 0.908397 0.000000
vt 0.603053 0.000000
vt 0.595420 0.000000
vt 0.587786 0.000000
vt 0.580153 0.000000
vt 0.572519 0.000000
vt 0.564885 0.000000
vt 0.557252 0.000000
vt 0.549618 0.000000
vt 0.541985 0.000000
vt 0.534351 0.000000
vt 0.916031 0.000000
vt 0.526718 0.000000
vt 0.519084 0.000000
vt 0.511450 0.000000
vt 0.923664 0.000000
vt 0.503817 0.000000
vt 0.931298 0.000000
vt 0.496183 0.000000
vt 0.938931 0.000000
vt 0.488550 0.000000
vt 0.946565 0.000000
vt 0.480916 0.000000
vt 0.954198 0.000000
vt 0.473282 0.000000
vt 0.961832 0.000000
vt 0.465649 0.000000
vt 0.969466 0.000000
vt 0.458015 0.000000
vt 0.977099 0.000000
vt 0.450382 0.000000
vt 0.984733 0.000000
vt 0.442748 0.000000
vt 0.992366 0.000000
vt 0.435115 0.000000
vt 0.427481 0.000000
vt 0.198473 0.000000
vt 0.213740 0.000000
vt 0.206107 0.000000
vt 0.190840 0.000000
vt 0.221374 0.000000
vt 0.183206 0.000000
vt 0.175573 0.000000
vt 0.229008 0.000000
vt 0.167939 0.000000
vt 0.236641 0.000000
vt 0.244275 0.000000
vt 0.160305 0.000000
vt 0.251908 0.000000
vt 0.152672 0.000000
vt 0.259542 0.000000
vt 0.267176 0.000000
vt 0.145038 0.000000
vt 0.274809 0.000000
vt 0.137405 0.000000
vt 0.282443 0.000000
vt 0.290076 0.000000
vt 0.129771 0.000000
vt 0.297710 0.000000
vt 0.122137 0.000000
vt 0.305344 0.000000
vt 0.312977 0.000000
vt 0.114504 0.000000
vt 0.320611 0.000000
vt 0.106870 0.000000
vt 0.099237 0.000000
vt 0.328244 0.000000
vt 0.091603 0.000000
vt 0.083969 0.000000
vt 0.335878 0.000000
vt 0.343511 0.000000
vt 0.351145 0.000000
vt 0.076336 0.000000
vt 0.358779 0.000000
vt 0.366412 0.000000
vt 0.068702 0.000000
vt 0.374046 0.000000
vt 0.381679 0.000000
vt 0.389313 0.000000
vt 0.396947 0.000000
vt 0.404580 0.000000
vt 0.412214 0.000000
vt 0.419847 0.000000
vt 0.061069 0.000000
vt 0.053435 0.000000
vt 0.045802 0.000000
vt 0.038168 0.000000
vt 0.030534 0.000000
vt 0.022901 0.000000
vt 0.015267 0.000000
vt 0.007634 0.000000
vt 0.083333 0.000000
vt 0.166667 0.000000
vt 0.416667 0.000000
vt 0.583333 0.000000
vt 0.500000 0.000000
vt 0.666667 0.000000
vt 0.833333 0.000000
vt 0.250000 0.000000
vt 0.333333 0.000000
vt 0.916667 0.000000
vt 0.750000 0.000000
vt 0.313043 0.000000
vt 0.330435 0.000000
vt 0.321739 0.000000
vt 0.339130 0.000000
vt 0.860870 0.000000
vt 0.878261 0.000000
vt 0.869565 0.000000
vt 0.886957 0.000000
vt 0.852174 0.000000
vt 0.843478 0.000000
vt 0.834783 0.000000
vt 0.304348 0.000000
vt 0.347826 0.000000
vt 0.356522 0.000000
vt 0.295652 0.000000
vt 0.826087 0.000000
vt 0.365217 0.000000
vt 0.286957 0.000000
vt 0.373913 0.000000
vt 0.817391 0.000000
vt 0.278261 0.000000
vt 0.382609 0.000000
vt 0.391304 0.000000
vt 0.269565 0.000000
vt 0.808696 0.000000
vt 0.400000 0.000000
vt 0.260870 0.000000
vt 0.408696 0.000000
vt 0.800000 0.000000
vt 0.252174 0.000000
vt 0.417391 0.000000
vt 0.426087 0.000000
vt 0.243478 0.000000
vt 0.434783 0.000000
vt 0.791304 0.000000
vt 0.234783 0.000000
vt 0.443478 0.000000
vt 0.452174 0.000000
vt 0.226087 0.000000
vt 0.782609 0.000000
vt 0.460870 0.000000
vt 0.217391 0.000000
vt 0.773913 0.000000
vt 0.469565 0.000000
vt 0.208696 0.000000
vt 0.478261 0.000000
vt 0.200000 0.000000
vt 0.765217 0.000000
vt 0.486957 0.000000
vt 0.756522 0.000000
vt 0.904348 0.000000
vt 0.495652 0.000000
vt 0.191304 0.000000
vt 0.504348 0.000000
vt 0.747826 0.000000
vt 0.513043 0.000000
vt 0.182609 0.000000
vt 0.739130 0.000000
vt 0.521739 0.000000
vt 0.530435 0.000000
vt 0.730435 0.000000
vt 0.173913 0.000000
vt 0.539130 0.000000
vt 0.721739 0.000000
vt 0.547826 0.000000
vt 0.556522 0.000000
vt 0.165217 0.000000
vt 0.713043 0.000000
vt 0.565217 0.000000
vt 0.913043 0.000000
vt 0.895652 0.000000
vt 0.704348 0.000000
vt 0.573913 0.000000
vt 0.582609 0.000000
vt 0.156522 0.000000
vt 0.695652 0.000000
vt 0.591304 0.000000
vt 0.686957 0.000000
vt 0.600000 0.000000
vt 0.608696 0.000000
vt 0.678261 0.000000
vt 0.617391 0.000000
vt 0.669565 0.000000
vt 0.147826 0.000000
vt 0.626087 0.000000
vt 0.921739 0.000000
vt 0.634783 0.000000
vt 0.660870 0.000000
vt 0.643478 0.000000
vt 0.652174 0.000000
vt 0.139130 0.000000
vt 0.930435 0.000000
vt 0.130435 0.000000
vt 0.121739 0.000000
vt 0.939130 0.000000
vt 0.113043 0.000000
vt 0.104348 0.000000
vt 0.947826 0.000000
vt 0.095652 0.000000
vt 0.956522 0.000000
vt 0.086957 0.000000
vt 0.078261 0.000000
vt 0.965217 0.000000
vt 0.069565 0.000000
vt 0.973913 0.000000
vt 0.060870 0.000000
vt 0.052174 0.000000
vt 0.982609 0.000000
vt 0.043478 0.000000
vt 0.034783 0.000000
vt 0.991304 0.000000
vt 0.026087 0.000000
vt 0.017391 0.000000
vt 0.008696 0.000000
vt 0.282869 0.000000
vt 0.290837 0.000000
vt 0.286853 0.000000
vt 0.278884 0.000000
vt 0.294821 0.000000
vt 0.274900 0.000000
vt 0.298805 0.000000
vt 0.270916 0.000000
vt 0.266932 0.000000
vt 0.302789 0.000000
vt 0.262948 0.000000
vt 0.306773 0.000000
vt 0.258964 0.000000
vt 0.310757 0.000000
vt 0.254980 0.000000
vt 0.250996 0.000000
vt 0.314741 0.000000
vt 0.247012 0.000000
vt 0.318725 0.000000
vt 0.243028 0.000000
vt 0.239044 0.000000
vt 0.322709 0.000000
vt 0.235060 0.000000
vt 0.326693 0.000000
vt 0.231076 0.000000
vt 0.330677 0.000000
vt 0.227092 0.000000
vt 0.223108 0.000000
vt 0.334661 0.000000
vt 0.219124 0.000000
vt 0.338645 0.000000
vt 0.215139 0.000000
vt 0.211155 0.000000
vt 0.342629 0.000000
vt 0.207171 0.000000
vt 0.764940 0.000000
vt 0.760956 0.000000
vt 0.346614 0.000000
vt 0.203187 0.000000
vt 0.768924 0.000000
vt 0.756972 0.000000
vt 0.772908 0.000000
vt 0.752988 0.000000
vt 0.776892 0.000000
vt 0.749004 0.000000
vt 0.780877 0.000000
vt 0.745020 0.000000
vt 0.784861 0.000000
vt 0.741036 0.000000
vt 0.350598 0.000000
vt 0.199203 0.000000
vt 0.788845 0.000000
vt 0.737052 0.000000
vt 0.792829 0.000000
vt 0.733068 0.000000
vt 0.796813 0.000000
vt 0.195219 0.000000
vt 0.729084 0.000000
vt 0.800797 0.000000
vt 0.354582 0.000000
vt 0.725100 0.000000
vt 0.804781 0.000000
vt 0.191235 0.000000
vt 0.721116 0.000000
vt 0.808765 0.000000
vt 0.717131 0.000000
vt 0.358566 0.000000
vt 0.187251 0.000000
vt 0.812749 0.000000
vt 0.713147 0.000000
vt 0.816733 0.000000
vt 0.709163 0.000000
vt 0.183267 0.000000
vt 0.362550 0.000000
vt 0.820717 0.000000
vt 0.705179 0.000000
vt 0.179283 0.000000
vt 0.824701 0.000000
vt 0.701195 0.000000
vt 0.366534 0.000000
vt 0.828685 0.000000
vt 0.175299 0.000000
vt 0.697211 0.000000
vt 0.832669 0.000000
vt 0.171315 0.000000
vt 0.370518 0.000000
vt 0.693227 0.000000
vt 0.836653 0.000000
vt 0.167331 0.000000
vt 0.689243 0.000000
vt 0.840637 0.000000
vt 0.374502 0.000000
vt 0.685259 0.000000
vt 0.163347 0.000000
vt 0.844622 0.000000
vt 0.681275 0.000000
vt 0.378486 0.000000
vt 0.159363 0.000000
vt 0.848606 0.000000
vt 0.677291 0.000000
vt 0.155378 0.000000
vt 0.852590 0.000000
vt 0.382470 0.000000
vt 0.856574 0.000000
vt 0.151394 0.000000
vt 0.673307 0.000000
vt 0.860558 0.000000
vt 0.147410 0.000000
vt 0.386454 0.000000
vt 0.669323 0.000000
vt 0.864542 0.000000
vt 0.143426 0.000000
vt 0.390438 0.000000
vt 0.665339 0.000000
vt 0.868526 0.000000
vt 0.139442 0.000000
vt 0.394422 0.000000
vt 0.661355 0.000000
vt 0.872510 0.000000
vt 0.398406 0.000000
vt 0.135458 0.000000
vt 0.657371 0.000000
vt 0.876494 0.000000
vt 0.402390 0.000000
vt 0.131474 0.000000
vt 0.653386 0.000000
vt 0.880478 0.000000
vt 0.406375 0.000000
vt 0.127490 0.000000
vt 0.649402 0.000000
vt 0.884462 0.000000
vt 0.410359 0.000000
vt 0.123506 0.000000
vt 0.645418 0.000000
vt 0.888446 0.000000
vt 0.414343 0.000000
vt 0.119522 0.000000
vt 0.641434 0.000000
vt 0.892430 0.000000
vt 0.418327 0.000000
vt 0.115538 0.000000
vt 0.637450 0.000000
vt 0.422311 0.000000
vt 0.896414 0.000000
vt 0.111554 0.000000
vt 0.633466 0.000000
vt 0.426295 0.000000
vt 0.900398 0.000000
vt 0.107570 0.000000
vt 0.629482 0.000000
vt 0.430279 0.000000
vt 0.904382 0.000000
vt 0.103586 0.000000
vt 0.625498 0.000000
vt 0.434263 0.000000
vt 0.908367 0.000000
vt 0.099602 0.000000
vt 0.621514 0.000000
vt 0.438247 0.000000
vt 0.095618 0.000000
vt 0.912351 0.000000
vt 0.617530 0.000000
vt 0.442231 0.000000
vt 0.091633 0.000000
vt 0.916335 0.000000
vt 0.613546 0.000000
vt 0.446215 0.000000
vt 0.920319 0.000000
vt 0.609562 0.000000
vt 0.450199 0.000000
vt 0.087649 0.000000
vt 0.605578 0.000000
vt 0.924303 0.000000
vt 0.454183 0.000000
vt 0.601594 0.000000
vt 0.083665 0.000000
vt 0.928287 0.000000
vt 0.458167 0.000000
vt 0.597610 0.000000
vt 0.932271 0.000000
vt 0.462151 0.000000
vt 0.079681 0.000000
vt 0.593625 0.000000
vt 0.936255 0.000000
vt 0.466135 0.000000
vt 0.589641 0.000000
vt 0.940239 0.000000
vt 0.075697 0.000000
vt 0.470120 0.000000
vt 0.585657 0.000000
vt 0.944223 0.000000
vt 0.581673 0.000000
vt 0.474104 0.000000
vt 0.071713 0.000000
vt 0.948207 0.000000
vt 0.577689 0.000000
vt 0.478088 0.000000
vt 0.952191 0.000000
vt 0.573705 0.000000
vt 0.067729 0.000000
vt 0.956175 0.000000
vt 0.482072 0.000000
vt 0.569721 0.000000
vt 0.960159 0.000000
vt 0.565737 0.000000
vt 0.063745 0.000000
vt 0.964143 0.000000
vt 0.561753 0.000000
vt 0.968127 0.000000
vt 0.557769 0.000000
vt 0.486056 0.000000
vt 0.972112 0.000000
vt 0.059761 0.000000
vt 0.553785 0.000000
vt 0.976096 0.000000
vt 0.549801 0.000000
vt 0.980080 0.000000
vt 0.545817 0.000000
vt 0.984064 0.000000
vt 0.055777 0.000000
vt 0.541833 0.000000
vt 0.988048 0.000000
vt 0.537849 0.000000
vt 0.490040 0.000000
vt 0.992032 0.000000
vt 0.533865 0.000000
vt 0.996016 0.000000
vt 0.529880 0.000000
vt 0.525896 0.000000
vt 0.051793 0.000000
vt 0.494024 0.000000
vt 0.047809 0.000000
vt 0.043825 0.000000
vt 0.498008 0.000000
vt 0.039841 0.000000
vt 0.501992 0.000000
vt 0.035857 0.000000
vt 0.031873 0.000000
vt 0.505976 0.000000
vt 0.027888 0.000000
vt 0.509960 0.000000
vt 0.023904 0.000000
vt 0.019920 0.000000
vt 0.513944 0.000000
vt 0.015936 0.000000
vt 0.517928 0.000000
vt 0.011952 0.000000
vt 0.007968 0.000000
vt 0.521912 0.000000
vt 0.003984 0.000000
vt 0.125000 0.000000
vt 0.375000 0.000000
vt 0.625000 0.000000
vt 0.875000 0.000000
s 0
f 48/1/1 50/2/1 49/3/1
f 48/1/1 51/4/1 50/2/1
f 48/1/1 52/5/1 51/4/1
f 47/6/1 52/5/1 48/1/1
f 47/6/1 53/7/1 52/5/1
f 47/6/1 54/8/1 53/7/1
f 46/9/1 54/8/1 47/6/1
f 46/9/1 55/10/1 54/8/1
f 46/9/1 56/11/1 55/10/1
f 45/12/1 56/11/1 46/9/1
f 45/12/1 57/13/1 56/11/1
f 44/14/1 57/13/1 45/12/1
f 44/14/1 58/15/1 57/13/1
f 44/14/1 59/16/1 58/15/1
f 43/17/1 59/16/1 44/14/1
f 43/17/1 60/18/1 59/16/1
f 43/17/1 61/19/1 60/18/1
f 42/20/1 61/19/1 43/17/1
f 42/20/1 62/21/1 61/19/1
f 42/20/1 63/22/1 62/21/1
f 41/23/1 63/22/1 42/20/1
f 41/23/1 64/24/1 63/22/1
f 41/23/1 65/25/1 64/24/1
f 40/26/1 65/25/1 41/23/1
f 40/26/1 66/27/1 65/25/1
f 39/28/1 66/27/1 40/26/1
f 39/28/1 67/29/1 66/27/1
f 39/28/1 68/30/1 67/29/1
f 38/31/1 68/30/1 39/28/1
f 38/31/1 69/32/1 68/30/1
f 38/31/1 70/33/1 69/32/1
f 37/34/1 70/33/1 38/31/1
f 37/34/1 71/35/1 70/33/1
f 37/34/1 72/36/1 71/35/1
f 36/37/1 72/36/1 37/34/1
f 36/37/1 73/38/1 72/36/1
f 36/37/1 74/39/1 73/38/1
f 35/40/1 74/39/1 36/37/1
f 35/40/1 75/41/1 74/39/1
f 34/42/1 75/41/1 35/40/1
f 34/42/1 76/43/1 75/41/1
f 33/44/1 76/43/1 34/42/1
f 33/44/1 77/45/1 76/43/1
f 32/46/1 77/45/1 33/44/1
f 32/46/1 78/47/1 77/45/1
f 31/48/1 78/47/1 32/46/1
f 31/48/1 79/49/1 78/47/1
f 30/50/1 79/49/1 31/48/1
f 30/50/1 80/51/1 79/49/1
f 29/52/1 80/51/1 30/50/1
f 29/52/1 81/53/1 80/51/1
f 28/54/1 81/53/1 29/52/1
f 28/54/1 82/55/1 81/53/1
f 27/56/1 82/55/1 28/54/1
f 27/56/1 83/57/1 82/55/1
f 26/58/1 83/57/1 27/56/1
f 26/58/1 84/59/1 83/57/1
f 25/60/1 84/59/1 26/58/1
f 25/60/1 85/61/1 84/59/1
f 24/62/1 85/61/1 25/60/1
f 24/62/1 86/63/1 85/61/1
f 24/62/1 87/64/1 86/63/1
f 23/65/1 87/64/1 24/62/1
f 23/65/1 88/66/1 87/64/1
f 23/65/1 89/67/1 88/66/1
f 22/68/1 89/67/1 23/65/1
f 22/68/1 90/69/1 89/67/1
f 22/68/1 91/70/1 90/69/1
f 21/71/1 91/70/1 22/68/1
f 21/71/1 92/72/1 91/70/1
f 21/71/1 93/73/1 92/72/1
f 20/74/1 93/73/1 21/71/1
f 20/74/1 94/75/1 93/73/1
f 20/74/1 95/76/1 94/75/1
f 19/77/1 95/76/1 20/74/1
f 19/77/1 96/78/1 95/76/1
f 19/77/1 97/79/1 96/78/1
f 18/80/1 97/79/1 19/77/1
f 18/80/1 98/81/1 97/79/1
f 18/80/1 99/82/1 98/81/1
f 17/83/1 99/82/1 18/80/1
f 17/83/1 100/84/1 99/82/1
f 17/83/1 101/85/1 100/84/1
f 16/86/1 101/85/1 17/83/1
f 16/86/1 102/87/1 101/85/1
f 16/86/1 103/88/1 102/87/1
f 15/89/1 103/88/1 16/86/1
f 15/89/1 104/90/1 103/88/1
f 15/89/1 105/91/1 104/90/1
f 14/92/1 105/91/1 15/89/1
f 14/92/1 106/93/1 105/91/1
f 14/92/1 107/94/1 106/93/1
f 13/95/1 107/94/1 14/92/1
f 13/95/1 108/96/1 107/94/1
f 13/95/1 109/97/1 108/96/1
f 12/98/1 109/97/1 13/95/1
f 12/98/1 110/99/1 109/97/1
f 12/98/1 111/100/1 110/99/1
f 11/101/1 111/100/1 12/98/1
f 11/101/1 112/102/1 111/100/1
f 10/103/1 112/102/1 11/101/1
f 10/103/1 113/104/1 112/102/1
f 9/105/1 113/104/1 10/103/1
f 9/105/1 114/106/1 113/104/1
f 8/107/1 114/106/1 9/105/1
f 8/107/1 115/108/1 114/106/1
f 7/109/1 115/108/1 8/107/1
f 7/109/1 116/110/1 115/108/1
f 6/111/1 116/110/1 7/109/1
f 6/111/1 117/112/1 116/110/1
f 5/113/1 117/112/1 6/111/1
f 5/113/1 118/114/1 117/112/1
f 4/115/1 118/114/1 5/113/1
f 4/115/1 119/116/1 118/114/1
f 3/117/1 119/116/1 4/115/1
f 3/117/1 120/118/1 119/116/1
f 2/119/1 120/118/1 3/117/1
f 2/119/1 121/120/1 120/118/1
f 1/121/1 121/120/1 2/119/1
f 1/121/1 122/122/1 121/120/1
f 350/123/1 352/124/1 351/125/1
f 350/123/1 353/126/1 352/124/1
f 349/127/1 353/126/1 350/123/1
f 349/127/1 354/128/1 353/126/1
f 348/129/1 354/128/1 349/127/1
f 348/129/1 355/130/1 354/128/1
f 347/131/1 355/130/1 348/129/1
f 347/131/1 356/132/1 355/130/1
f 346/133/1 356/132/1 347/131/1
f 346/133/1 357/134/1 356/132/1
f 345/135/1 357/134/1 346/133/1
f 345/135/1 358/136/1 357/134/1
f 344/137/1 358/136/1 345/135/1
f 344/137/1 359/138/1 358/136/1
f 343/139/1 359/138/1 344/137/1
f 343/139/1 360/140/1 359/138/1
f 342/141/1 360/140/1 343/139/1
f 342/141/1 361/142/1 360/140/1
f 342/141/1 362/143/1 361/142/1
f 341/144/1 362/143/1 342/141/1
f 341/144/1 363/145/1 362/143/1
f 340/146/1 363/145/1 341/144/1
f 340/146/1 364/147/1 363/145/1
f 339/148/1 364/147/1 340/146/1
f 339/148/1 365/149/1 364/147/1
f 338/150/1 365/149/1 339/148/1
f 338/150/1 366/151/1 365/149/1
f 337/152/1 366/151/1 338/150/1
f 337/152/1 367/153/1 366/151/1
f 336/154/1 367/153/1 337/152/1
f 336/154/1 368/155/1 367/153/1
f 336/154/1 369/156/1 368/155/1
f 335/157/1 369/156/1 336/154/1
f 335/157/1 370/158/1 369/156/1
f 334/159/1 370/158/1 335/157/1
f 334/159/1 371/160/1 370/158/1
f 333/161/1 371/160/1 334/159/1
f 333/161/1 372/162/1 371/160/1
f 332/163/1 372/162/1 333/161/1
f 332/163/1 373/164/1 372/162/1
f 331/165/1 373/164/1 332/163/1
f 331/165/1 374/166/1 373/164/1
f 331/165/1 375/167/1 374/166/1
f 330/168/1 375/167/1 331/165/1
f 330/168/1 376/169/1 375/167/1
f 329/170/1 376/169/1 330/168/1
f 328/171/1 376/169/1 329/170/1
f 328/171/1 377/172/1 376/169/1
f 327/173/1 377/172/1 328/171/1
f 326/174/1 377/172/1 327/173/1
f 326/174/1 378/175/1 377/172/1
f 326/174/1 379/176/1 378/175/1
f 325/177/1 379/176/1 326/174/1
f 325/177/1 380/178/1 379/176/1
f 324/179/1 380/178/1 325/177/1
f 324/179/1 381/180/1 380/178/1
f 323/181/1 381/180/1 324/179/1
f 323/181/1 382/182/1 381/180/1
f 323/181/1 383/183/1 382/182/1
f 322/184/1 383/183/1 323/181/1
f 322/184/1 384/185/1 383/183/1
f 321/186/1 384/185/1 322/184/1
f 321/186/1 385/187/1 384/185/1
f 320/188/1 385/187/1 321/186/1
f 320/188/1 386/189/1 385/187/1
f 319/190/1 386/189/1 320/188/1
f 319/190/1 387/191/1 386/189/1
f 318/192/1 387/191/1 319/190/1
f 318/192/1 388/193/1 387/191/1
f 318/192/1 389/194/1 388/193/1
f 317/195/1 389/194/1 318/192/1
f 317/195/1 390/196/1 389/194/1
f 317/195/1 391/197/1 390/196/1
f 316/198/1 391/197/1 317/195/1
f 316/198/1 392/199/1 391/197/1
f 316/198/1 393/200/1 392/199/1
f 315/201/1 393/200/1 316/198/1
f 315/201/1 394/202/1 393/200/1
f 315/201/1 395/203/1 394/202/1
f 314/204/1 395/203/1 315/201/1
f 314/204/1 396/205/1 395/203/1
f 313/206/1 396/205/1 314/204/1
f 313/206/1 397/207/1 396/205/1
f 312/208/1 397/207/1 313/206/1
f 312/208/1 398/209/1 397/207/1
f 311/210/1 398/209/1 312/208/1
f 310/211/1 398/209/1 311/210/1
f 310/211/1 399/212/1 398/209/1
f 309/213/1 399/212/1 310/211/1
f 309/213/1 400/214/1 399/212/1
f 308/215/1 400/214/1 309/213/1
f 308/215/1 401/216/1 400/214/1
f 307/217/1 401/216/1 308/215/1
f 306/218/1 401/216/1 307/217/1
f 306/218/1 402/219/1 401/216/1
f 305/220/1 402/219/1 306/218/1
f 305/220/1 403/221/1 402/219/1
f 304/222/1 403/221/1 305/220/1
f 304/222/1 404/223/1 403/221/1
f 303/224/1 404/223/1 304/222/1
f 302/225/1 404/223/1 303/224/1
f 302/225/1 405/226/1 404/223/1
f 301/227/1 405/226/1 302/225/1
f 301/227/1 406/228/1 405/226/1
f 300/229/1 406/228/1 301/227/1
f 300/229/1 407/230/1 406/228/1
f 299/231/1 407/230/1 300/229/1
f 299/231/1 408/232/1 407/230/1
f 298/233/1 408/232/1 299/231/1
f 297/234/1 408/232/1 298/233/1
f 297/234/1 409/235/1 408/232/1
f 296/236/1 409/235/1 297/234/1
f 296/236/1 410/237/1 409/235/1
f 295/238/1 410/237/1 296/236/1
f 295/238/1 411/239/1 410/237/1
f 294/240/1 411/239/1 295/238/1
f 294/240/1 412/241/1 411/239/1
f 293/242/1 412/241/1 294/240/1
f 293/242/1 413/243/1 412/241/1
f 292/244/1 413/243/1 293/242/1
f 292/244/1 414/245/1 413/243/1
f 291/246/1 414/245/1 292/244/1
f 290/247/1 414/245/1 291/246/1
f 290/247/1 415/248/1 414/245/1
f 290/247/1 416/249/1 415/248/1
f 289/250/1 416/249/1 290/247/1
f 289/250/1 417/251/1 416/249/1
f 289/250/1 418/252/1 417/251/1
f 288/253/1 418/252/1 289/250/1
f 288/253/1 419/254/1 418/252/1
f 288/253/1 420/255/1 419/254/1
f 287/256/1 420/255/1 288/253/1
f 287/256/1 421/257/1 420/255/1
f 286/258/1 421/257/1 287/256/1
f 286/258/1 422/259/1 421/257/1
f 286/258/1 423/260/1 422/259/1
f 285/261/1 423/260/1 286/258/1
f 285/261/1 424/262/1 423/260/1
f 285/261/1 425/263/1 424/262/1
f 284/264/1 425/263/1 285/261/1
f 284/264/1 426/265/1 425/263/1
f 284/264/1 427/266/1 426/265/1
f 283/267/1 427/266/1 284/264/1
f 283/267/1 428/268/1 427/266/1
f 282/269/1 428/268/1 283/267/1
f 282/269/1 429/270/1 428/268/1
f 282/269/1 430/271/1 429/270/1
f 281/272/1 430/271/1 282/269/1
f 281/272/1 431/273/1 430/271/1
f 281/272/1 432/274/1 431/273/1
f 280/275/1 432/274/1 281/272/1
f 280/275/1 433/276/1 432/274/1
f 280/275/1 434/122/1 433/276/1
f 279/277/1 434/122/1 280/275/1
f 206/278/1 208/279/1 207/280/1
f 206/278/1 209/281/1 208/279/1
f 205/282/1 209/281/1 206/278/1
f 205/282/1 210/283/1 209/281/1
f 204/284/1 210/283/1 205/282/1
f 204/284/1 211/285/1 210/283/1
f 203/286/1 211/285/1 204/284/1
f 203/286/1 212/287/1 211/285/1
f 203/286/1 213/288/1 212/287/1
f 202/289/1 213/288/1 203/286/1
f 202/289/1 214/290/1 213/288/1
f 201/291/1 214/290/1 202/289/1
f 201/291/1 215/292/1 214/290/1
f 200/293/1 215/292/1 201/291/1
f 200/293/1 216/294/1 215/292/1
f 199/295/1 216/294/1 200/293/1
f 199/295/1 217/296/1 216/294/1
f 199/295/1 218/297/1 217/296/1
f 198/298/1 218/297/1 199/295/1
f 198/298/1 219/299/1 218/297/1
f 197/300/1 219/299/1 198/298/1
f 197/300/1 220/301/1 219/299/1
f 196/302/1 220/301/1 197/300/1
f 196/302/1 221/303/1 220/301/1
f 195/304/1 221/303/1 196/302/1
f 195/304/1 222/305/1 221/303/1
f 195/304/1 223/306/1 222/305/1
f 194/307/1 223/306/1 195/304/1
f 194/307/1 224/308/1 223/306/1
f 193/309/1 224/308/1 194/307/1
f 193/309/1 225/310/1 224/308/1
f 192/311/1 225/310/1 193/309/1
f 192/311/1 226/312/1 225/310/1
f 191/313/1 226/312/1 192/311/1
f 191/313/1 227/314/1 226/312/1
f 190/315/1 227/314/1 191/313/1
f 190/315/1 228/316/1 227/314/1
f 189/317/1 228/316/1 190/315/1
f 189/317/1 229/318/1 228/316/1
f 188/319/1 229/318/1 189/317/1
f 188/319/1 230/320/1 229/318/1
f 187/321/1 230/320/1 188/319/1
f 187/321/1 231/322/1 230/320/1
f 186/323/1 231/322/1 187/321/1
f 186/323/1 232/324/1 231/322/1
f 185/325/1 232/324/1 186/323/1
f 185/325/1 233/326/1 232/324/1
f 184/327/1 233/326/1 185/325/1
f 184/327/1 234/328/1 233/326/1
f 183/329/1 234/328/1 184/327/1
f 183/329/1 235/330/1 234/328/1
f 182/331/1 235/330/1 183/329/1
f 182/331/1 236/332/1 235/330/1
f 182/331/1 237/333/1 236/332/1
f 181/334/1 237/333/1 182/331/1
f 181/334/1 238/335/1 237/333/1
f 180/336/1 238/335/1 181/334/1
f 180/336/1 239/337/1 238/335/1
f 180/336/1 240/338/1 239/337/1
f 179/339/1 240/338/1 180/336/1
f 179/339/1 241/340/1 240/338/1
f 178/341/1 241/340/1 179/339/1
f 178/341/1 242/342/1 241/340/1
f 177/343/1 242/342/1 178/341/1
f 177/343/1 243/344/1 242/342/1
f 177/343/1 244/345/1 243/344/1
f 176/346/1 244/345/1 177/343/1
f 176/346/1 245/347/1 244/345/1
f 175/348/1 245/347/1 176/346/1
f 175/348/1 246/349/1 245/347/1
f 174/350/1 246/349/1 175/348/1
f 174/350/1 247/351/1 246/349/1
f 173/352/1 247/351/1 174/350/1
f 173/352/1 248/353/1 247/351/1
f 173/352/1 249/354/1 248/353/1
f 172/355/1 249/354/1 173/352/1
f 172/355/1 250/356/1 249/354/1
f 171/357/1 250/356/1 172/355/1
f 171/357/1 251/358/1 250/356/1
f 170/359/1 251/358/1 171/357/1
f 170/359/1 252/360/1 251/358/1
f 169/361/1 252/360/1 170/359/1
f 169/361/1 253/362/1 252/360/1
f 168/363/1 253/362/1 169/361/1
f 168/363/1 254/364/1 253/362/1
f 167/365/1 254/364/1 168/363/1
f 167/365/1 255/366/1 254/364/1
f 166/367/1 255/366/1 167/365/1
f 166/367/1 256/368/1 255/366/1
f 165/369/1 256/368/1 166/367/1
f 164/370/1 256/368/1 165/369/1
f 164/370/1 257/371/1 256/368/1
f 163/372/1 257/371/1 164/370/1
f 162/373/1 257/371/1 163/372/1
f 162/373/1 258/374/1 257/371/1
f 161/375/1 258/374/1 162/373/1
f 160/376/1 258/374/1 161/375/1
f 160/376/1 259/377/1 258/374/1
f 159/378/1 259/377/1 160/376/1
f 158/379/1 259/377/1 159/378/1
f 158/379/1 260/380/1 259/377/1
f 157/381/1 260/380/1 158/379/1
f 156/382/1 260/380/1 157/381/1
f 156/382/1 261/383/1 260/380/1
f 155/384/1 261/383/1 156/382/1
f 154/385/1 261/383/1 155/384/1
f 153/386/1 261/383/1 154/385/1
f 153/386/1 262/387/1 261/383/1
f 152/388/1 262/387/1 153/386/1
f 151/389/1 262/387/1 152/388/1
f 150/390/1 262/387/1 151/389/1
f 150/390/1 263/391/1 262/387/1
f 149/392/1 263/391/1 150/390/1
f 148/393/1 263/391/1 149/392/1
f 148/393/1 264/394/1 263/391/1
f 147/395/1 264/394/1 148/393/1
f 146/396/1 264/394/1 147/395/1
f 145/397/1 264/394/1 146/396/1
f 145/397/1 265/398/1 264/394/1
f 144/399/1 265/398/1 145/397/1
f 143/400/1 265/398/1 144/399/1
f 143/400/1 266/401/1 265/398/1
f 142/402/1 266/401/1 143/400/1
f 141/403/1 266/401/1 142/402/1
f 141/403/1 267/404/1 266/401/1
f 140/405/1 267/404/1 141/403/1
f 139/406/1 267/404/1 140/405/1
f 138/407/1 267/404/1 139/406/1
f 138/407/1 268/408/1 267/404/1
f 137/409/1 268/408/1 138/407/1
f 136/410/1 268/408/1 137/409/1
f 135/411/1 268/408/1 136/410/1
f 135/411/1 269/412/1 268/408/1
f 134/413/1 269/412/1 135/411/1
f 134/413/1 270/414/1 269/412/1
f 133/415/1 270/414/1 134/413/1
f 133/415/1 271/416/1 270/414/1
f 132/417/1 271/416/1 133/415/1
f 132/417/1 272/418/1 271/416/1
f 131/419/1 272/418/1 132/417/1
f 130/420/1 272/418/1 131/419/1
f 130/420/1 273/421/1 272/418/1
f 129/422/1 273/421/1 130/420/1
f 129/422/1 274/423/1 273/421/1
f 128/424/1 274/423/1 129/422/1
f 128/424/1 275/425/1 274/423/1
f 127/426/1 275/425/1 128/424/1
f 127/426/1 276/427/1 275/425/1
f 126/428/1 276/427/1 127/426/1
f 126/428/1 277/429/1 276/427/1
f 125/430/1 277/429/1 126/428/1
f 125/430/1 278/431/1 277/429/1
f 124/432/1 278/431/1 125/430/1
f 124/432/1 123/121/1 278/431/1
f 567/433/1 569/434/1 568/435/1
f 567/433/1 570/436/1 569/434/1
f 572/122/1 570/436/1 567/433/1
f 572/122/1 571/437/1 570/436/1
f 494/438/1 496/439/1 495/440/1
f 494/438/1 497/441/1 496/439/1
f 493/442/1 497/441/1 494/438/1
f 493/442/1 498/443/1 497/441/1
f 492/444/1 498/443/1 493/442/1
f 492/444/1 499/445/1 498/443/1
f 491/446/1 499/445/1 492/444/1
f 491/446/1 500/447/1 499/445/1
f 490/448/1 500/447/1 491/446/1
f 490/448/1 501/449/1 500/447/1
f 489/450/1 501/449/1 490/448/1
f 489/450/1 502/451/1 501/449/1
f 489/450/1 503/452/1 502/451/1
f 488/453/1 503/452/1 489/450/1
f 488/453/1 504/454/1 503/452/1
f 487/455/1 504/454/1 488/453/1
f 487/455/1 505/456/1 504/454/1
f 486/457/1 505/456/1 487/455/1
f 486/457/1 506/458/1 505/456/1
f 485/459/1 506/458/1 486/457/1
f 485/459/1 507/460/1 506/458/1
f 484/461/1 507/460/1 485/459/1
f 484/461/1 508/462/1 507/460/1
f 484/461/1 509/463/1 508/462/1
f 483/464/1 509/463/1 484/461/1
f 483/464/1 510/465/1 509/463/1
f 483/464/1 511/466/1 510/465/1
f 482/467/1 511/466/1 483/464/1
f 482/467/1 512/468/1 511/466/1
f 482/467/1 513/469/1 512/468/1
f 482/467/1 514/470/1 513/469/1
f 481/471/1 514/470/1 482/467/1
f 481/471/1 515/472/1 514/470/1
f 481/471/1 516/473/1 515/472/1
f 480/474/1 516/473/1 481/471/1
f 480/474/1 517/475/1 516/473/1
f 480/474/1 518/476/1 517/475/1
f 479/477/1 518/476/1 480/474/1
f 479/477/1 519/478/1 518/476/1
f 479/477/1 520/479/1 519/478/1
f 479/477/1 521/480/1 520/479/1
f 478/481/1 521/480/1 479/477/1
f 478/481/1 522/482/1 521/480/1
f 478/481/1 523/483/1 522/482/1
f 477/484/1 523/483/1 478/481/1
f 477/484/1 524/485/1 523/483/1
f 477/484/1 525/486/1 524/485/1
f 477/484/1 526/487/1 525/486/1
f 476/488/1 526/487/1 477/484/1
f 476/488/1 527/489/1 526/487/1
f 476/488/1 528/490/1 527/489/1
f 476/488/1 529/491/1 528/490/1
f 476/488/1 530/492/1 529/491/1
f 475/493/1 530/492/1 476/488/1
f 475/493/1 531/494/1 530/492/1
f 475/493/1 532/495/1 531/494/1
f 475/493/1 533/496/1 532/495/1
f 474/497/1 533/496/1 475/493/1
f 474/497/1 534/498/1 533/496/1
f 473/499/1 534/498/1 474/497/1
f 473/499/1 535/500/1 534/498/1
f 473/499/1 536/501/1 535/500/1
f 472/502/1 536/501/1 473/499/1
f 472/502/1 537/503/1 536/501/1
f 472/502/1 538/504/1 537/503/1
f 471/505/1 538/504/1 472/502/1
f 471/505/1 539/506/1 538/504/1
f 471/505/1 540/507/1 539/506/1
f 470/508/1 540/507/1 471/505/1
f 469/509/1 540/507/1 470/508/1
f 469/509/1 541/510/1 540/507/1
f 468/511/1 541/510/1 469/509/1
f 467/512/1 541/510/1 468/511/1
f 467/512/1 542/513/1 541/510/1
f 466/514/1 542/513/1 467/512/1
f 466/514/1 543/515/1 542/513/1
f 465/516/1 543/515/1 466/514/1
f 464/517/1 543/515/1 465/516/1
f 464/517/1 544/518/1 543/515/1
f 463/519/1 544/518/1 464/517/1
f 463/519/1 545/520/1 544/518/1
f 462/521/1 545/520/1 463/519/1
f 461/522/1 545/520/1 462/521/1
f 461/522/1 546/523/1 545/520/1
f 460/524/1 546/523/1 461/522/1
f 460/524/1 547/525/1 546/523/1
f 459/526/1 547/525/1 460/524/1
f 458/527/1 547/525/1 459/526/1
f 458/527/1 548/528/1 547/525/1
f 457/529/1 548/528/1 458/527/1
f 457/529/1 549/530/1 548/528/1
f 456/531/1 549/530/1 457/529/1
f 456/531/1 550/532/1 549/530/1
f 455/533/1 550/532/1 456/531/1
f 454/534/1 550/532/1 455/533/1
f 454/534/1 551/535/1 550/532/1
f 453/536/1 551/535/1 454/534/1
f 453/536/1 552/537/1 551/535/1
f 452/538/1 552/537/1 453/536/1
f 452/538/1 553/539/1 552/537/1
f 451/540/1 553/539/1 452/538/1
f 451/540/1 554/541/1 553/539/1
f 450/542/1 554/541/1 451/540/1
f 449/543/1 554/541/1 450/542/1
f 449/543/1 555/544/1 554/541/1
f 448/545/1 555/544/1 449/543/1
f 448/545/1 556/546/1 555/544/1
f 447/547/1 556/546/1 448/545/1
f 446/548/1 556/546/1 447/547/1
f 446/548/1 557/549/1 556/546/1
f 445/550/1 557/549/1 446/548/1
f 445/550/1 558/551/1 557/549/1
f 444/552/1 558/551/1 445/550/1
f 444/552/1 559/553/1 558/551/1
f 443/554/1 559/553/1 444/552/1
f 443/554/1 560/555/1 559/553/1
f 442/556/1 560/555/1 443/554/1
f 442/556/1 561/557/1 560/555/1
f 441/558/1 561/557/1 442/556/1
f 441/558/1 562/559/1 561/557/1
f 440/560/1 562/559/1 441/558/1
f 440/560/1 563/561/1 562/559/1
f 439/562/1 563/561/1 440/560/1
f 439/562/1 564/563/1 563/561/1
f 438/564/1 564/563/1 439/562/1
f 438/564/1 565/565/1 564/563/1
f 437/566/1 565/565/1 438/564/1
f 437/566/1 566/567/1 565/565/1
f 436/568/1 566/567/1 437/566/1
f 436/568/1 435/121/1 566/567/1
f 586/569/1 588/570/1 587/571/1
f 586/569/1 589/572/1 588/570/1
f 585/573/1 589/572/1 586/569/1
f 585/573/1 590/574/1 589/572/1
f 585/573/1 591/575/1 590/574/1
f 584/576/1 591/575/1 585/573/1
f 584/576/1 592/577/1 591/575/1
f 583/578/1 592/577/1 584/576/1
f 583/578/1 593/579/1 592/577/1
f 583/578/1 594/580/1 593/579/1
f 582/581/1 594/580/1 583/578/1
f 582/581/1 595/582/1 594/580/1
f 712/122/1 574/583/1 573/121/1
f 712/122/1 575/584/1 574/583/1
f 582/581/1 596/585/1 595/582/1
f 581/586/1 596/585/1 582/581/1
f 581/586/1 597/587/1 596/585/1
f 580/588/1 597/587/1 581/586/1
f 580/588/1 598/589/1 597/587/1
f 580/588/1 599/590/1 598/589/1
f 579/591/1 599/590/1 580/588/1
f 579/591/1 600/592/1 599/590/1
f 578/593/1 600/592/1 579/591/1
f 578/593/1 601/594/1 600/592/1
f 578/593/1 602/595/1 601/594/1
f 577/596/1 602/595/1 578/593/1
f 577/596/1 603/597/1 602/595/1
f 577/596/1 604/598/1 603/597/1
f 576/599/1 604/598/1 577/596/1
f 576/599/1 686/600/1 604/598/1
f 686/600/1 605/601/1 604/598/1
f 576/599/1 687/602/1 686/600/1
f 685/603/1 605/601/1 686/600/1
f 576/599/1 688/604/1 687/602/1
f 684/605/1 605/601/1 685/603/1
f 576/599/1 689/606/1 688/604/1
f 575/584/1 689/606/1 576/599/1
f 683/607/1 605/601/1 684/605/1
f 575/584/1 690/608/1 689/606/1
f 683/607/1 606/609/1 605/601/1
f 575/584/1 691/610/1 690/608/1
f 682/611/1 606/609/1 683/607/1
f 575/584/1 692/612/1 691/610/1
f 681/613/1 606/609/1 682/611/1
f 575/584/1 693/614/1 692/612/1
f 681/613/1 607/615/1 606/609/1
f 680/616/1 607/615/1 681/613/1
f 575/584/1 694/617/1 693/614/1
f 712/122/1 704/618/1 575/584/1
f 704/618/1 703/619/1 575/584/1
f 703/619/1 702/620/1 575/584/1
f 702/620/1 701/621/1 575/584/1
f 701/621/1 700/622/1 575/584/1
f 700/622/1 699/623/1 575/584/1
f 699/623/1 698/624/1 575/584/1
f 698/624/1 697/625/1 575/584/1
f 697/625/1 696/626/1 575/584/1
f 696/626/1 695/627/1 575/584/1
f 695/627/1 694/617/1 575/584/1
f 679/628/1 607/615/1 680/616/1
f 679/628/1 608/629/1 607/615/1
f 678/630/1 608/629/1 679/628/1
f 678/630/1 609/631/1 608/629/1
f 677/632/1 609/631/1 678/630/1
f 677/632/1 610/633/1 609/631/1
f 676/634/1 610/633/1 677/632/1
f 676/634/1 611/635/1 610/633/1
f 675/636/1 611/635/1 676/634/1
f 675/636/1 612/637/1 611/635/1
f 675/636/1 613/638/1 612/637/1
f 674/639/1 613/638/1 675/636/1
f 674/639/1 614/640/1 613/638/1
f 674/639/1 615/641/1 614/640/1
f 674/639/1 616/642/1 615/641/1
f 674/639/1 617/643/1 616/642/1
f 673/644/1 617/643/1 674/639/1
f 673/644/1 618/645/1 617/643/1
f 672/646/1 618/645/1 673/644/1
f 672/646/1 619/647/1 618/645/1
f 671/648/1 619/647/1 672/646/1
f 670/649/1 619/647/1 671/648/1
f 670/649/1 620/650/1 619/647/1
f 669/651/1 620/650/1 670/649/1
f 668/652/1 620/650/1 669/651/1
f 668/652/1 621/653/1 620/650/1
f 667/654/1 621/653/1 668/652/1
f 667/654/1 622/655/1 621/653/1
f 666/656/1 622/655/1 667/654/1
f 665/657/1 622/655/1 666/656/1
f 665/657/1 623/658/1 622/655/1
f 664/659/1 623/658/1 665/657/1
f 712/122/1 705/660/1 704/618/1
f 663/661/1 623/658/1 664/659/1
f 663/661/1 624/662/1 623/658/1
f 662/663/1 624/662/1 663/661/1
f 662/663/1 625/664/1 624/662/1
f 661/665/1 625/664/1 662/663/1
f 660/666/1 625/664/1 661/665/1
f 660/666/1 626/667/1 625/664/1
f 659/668/1 626/667/1 660/666/1
f 712/122/1 706/669/1 705/660/1
f 658/670/1 626/667/1 659/668/1
f 658/670/1 627/671/1 626/667/1
f 657/672/1 627/671/1 658/670/1
f 657/672/1 628/673/1 627/671/1
f 656/674/1 628/673/1 657/672/1
f 655/675/1 628/673/1 656/674/1
f 655/675/1 629/676/1 628/673/1
f 654/677/1 629/676/1 655/675/1
f 653/678/1 629/676/1 654/677/1
f 653/678/1 630/679/1 629/676/1
f 712/122/1 707/680/1 706/669/1
f 652/681/1 630/679/1 653/678/1
f 651/682/1 630/679/1 652/681/1
f 651/682/1 631/683/1 630/679/1
f 650/684/1 631/683/1 651/682/1
f 650/684/1 632/685/1 631/683/1
f 649/686/1 632/685/1 650/684/1
f 648/687/1 632/685/1 649/686/1
f 647/688/1 632/685/1 648/687/1
f 646/689/1 632/685/1 647/688/1
f 645/690/1 632/685/1 646/689/1
f 645/690/1 633/691/1 632/685/1
f 644/692/1 633/691/1 645/690/1
f 643/693/1 633/691/1 644/692/1
f 642/694/1 633/691/1 643/693/1
f 641/695/1 633/691/1 642/694/1
f 640/696/1 633/691/1 641/695/1
f 712/122/1 708/697/1 707/680/1
f 640/696/1 634/698/1 633/691/1
f 639/699/1 634/698/1 640/696/1
f 638/700/1 634/698/1 639/699/1
f 637/701/1 634/698/1 638/700/1
f 637/701/1 635/702/1 634/698/1
f 637/701/1 636/703/1 635/702/1
f 712/122/1 709/704/1 708/697/1
f 712/122/1 710/705/1 709/704/1
f 712/122/1 711/706/1 710/705/1
f 805/707/1 807/708/1 806/709/1
f 805/707/1 808/710/1 807/708/1
f 805/707/1 809/711/1 808/710/1
f 804/712/1 809/711/1 805/707/1
f 804/712/1 810/713/1 809/711/1
f 803/714/1 810/713/1 804/712/1
f 803/714/1 811/715/1 810/713/1
f 802/716/1 811/715/1 803/714/1
f 802/716/1 812/717/1 811/715/1
f 801/718/1 812/717/1 802/716/1
f 801/718/1 813/719/1 812/717/1
f 800/720/1 813/719/1 801/718/1
f 800/720/1 814/721/1 813/719/1
f 799/722/1 814/721/1 800/720/1
f 799/722/1 815/723/1 814/721/1
f 798/724/1 815/723/1 799/722/1
f 798/724/1 816/725/1 815/723/1
f 797/726/1 816/725/1 798/724/1
f 797/726/1 817/727/1 816/725/1
f 796/728/1 817/727/1 797/726/1
f 796/728/1 818/729/1 817/727/1
f 795/730/1 818/729/1 796/728/1
f 795/730/1 819/731/1 818/729/1
f 794/732/1 819/731/1 795/730/1
f 794/732/1 820/733/1 819/731/1
f 794/732/1 821/734/1 820/733/1
f 794/732/1 822/735/1 821/734/1
f 793/736/1 822/735/1 794/732/1
f 793/736/1 823/737/1 822/735/1
f 793/736/1 824/738/1 823/737/1
f 793/736/1 825/739/1 824/738/1
f 793/736/1 826/740/1 825/739/1
f 793/736/1 827/741/1 826/740/1
f 793/736/1 828/742/1 827/741/1
f 793/736/1 829/743/1 828/742/1
f 793/736/1 830/744/1 829/743/1
f 793/736/1 831/745/1 830/744/1
f 793/736/1 832/746/1 831/745/1
f 792/747/1 832/746/1 793/736/1
f 791/748/1 832/746/1 792/747/1
f 790/749/1 832/746/1 791/748/1
f 789/750/1 832/746/1 790/749/1
f 788/751/1 832/746/1 789/750/1
f 787/752/1 832/746/1 788/751/1
f 786/753/1 832/746/1 787/752/1
f 785/754/1 832/746/1 786/753/1
f 784/755/1 832/746/1 785/754/1
f 783/756/1 832/746/1 784/755/1
f 783/756/1 833/757/1 832/746/1
f 782/758/1 833/757/1 783/756/1
f 781/759/1 833/757/1 782/758/1
f 780/760/1 833/757/1 781/759/1
f 780/760/1 834/761/1 833/757/1
f 779/762/1 834/761/1 780/760/1
f 779/762/1 835/763/1 834/761/1
f 778/764/1 835/763/1 779/762/1
f 778/764/1 836/765/1 835/763/1
f 777/766/1 836/765/1 778/764/1
f 777/766/1 837/767/1 836/765/1
f 776/768/1 837/767/1 777/766/1
f 776/768/1 838/769/1 837/767/1
f 775/770/1 838/769/1 776/768/1
f 775/770/1 839/771/1 838/769/1
f 774/772/1 839/771/1 775/770/1
f 774/772/1 840/773/1 839/771/1
f 773/774/1 840/773/1 774/772/1
f 773/774/1 841/775/1 840/773/1
f 772/776/1 841/775/1 773/774/1
f 772/776/1 842/777/1 841/775/1
f 771/778/1 842/777/1 772/776/1
f 771/778/1 843/779/1 842/777/1
f 770/780/1 843/779/1 771/778/1
f 770/780/1 844/122/1 843/779/1
f 769/781/1 844/122/1 770/780/1
f 739/782/1 741/783/1 740/784/1
f 739/782/1 738/785/1 741/783/1
f 738/785/1 742/786/1 741/783/1
f 737/787/1 742/786/1 738/785/1
f 736/788/1 742/786/1 737/787/1
f 736/788/1 743/789/1 742/786/1
f 735/790/1 743/789/1 736/788/1
f 735/790/1 744/791/1 743/789/1
f 735/790/1 745/792/1 744/791/1
f 734/793/1 745/792/1 735/790/1
f 734/793/1 746/794/1 745/792/1
f 733/795/1 746/794/1 734/793/1
f 733/795/1 747/796/1 746/794/1
f 733/795/1 748/797/1 747/796/1
f 732/798/1 748/797/1 733/795/1
f 732/798/1 749/799/1 748/797/1
f 731/800/1 749/799/1 732/798/1
f 731/800/1 750/801/1 749/799/1
f 731/800/1 751/802/1 750/801/1
f 730/803/1 751/802/1 731/800/1
f 730/803/1 752/804/1 751/802/1
f 729/805/1 752/804/1 730/803/1
f 729/805/1 753/806/1 752/804/1
f 729/805/1 754/807/1 753/806/1
f 728/808/1 754/807/1 729/805/1
f 728/808/1 755/809/1 754/807/1
f 727/810/1 755/809/1 728/808/1
f 726/811/1 755/809/1 727/810/1
f 726/811/1 756/812/1 755/809/1
f 725/813/1 756/812/1 726/811/1
f 724/814/1 756/812/1 725/813/1
f 724/814/1 757/815/1 756/812/1
f 724/814/1 758/816/1 757/815/1
f 724/814/1 759/817/1 758/816/1
f 723/818/1 759/817/1 724/814/1
f 723/818/1 760/819/1 759/817/1
f 723/818/1 761/820/1 760/819/1
f 722/821/1 761/820/1 723/818/1
f 722/821/1 762/822/1 761/820/1
f 722/821/1 763/823/1 762/822/1
f 722/821/1 764/824/1 763/823/1
f 722/821/1 765/825/1 764/824/1
f 722/821/1 766/826/1 765/825/1
f 722/821/1 767/827/1 766/826/1
f 722/821/1 768/828/1 767/827/1
f 721/829/1 768/828/1 722/821/1
f 720/830/1 768/828/1 721/829/1
f 719/831/1 768/828/1 720/830/1
f 718/832/1 768/828/1 719/831/1
f 717/833/1 768/828/1 718/832/1
f 716/834/1 768/828/1 717/833/1
f 715/835/1 768/828/1 716/834/1
f 714/836/1 768/828/1 715/835/1
f 713/121/1 768/828/1 714/836/1
f 857/122/1 846/837/1 845/121/1
f 857/122/1 847/838/1 846/837/1
f 850/839/1 852/840/1 851/841/1
f 850/839/1 853/842/1 852/840/1
f 847/838/1 855/843/1 848/844/1
f 855/843/1 849/845/1 848/844/1
f 855/843/1 850/839/1 849/845/1
f 847/838/1 856/846/1 855/843/1
f 854/847/1 850/839/1 855/843/1
f 857/122/1 856/846/1 847/838/1
f 854/847/1 853/842/1 850/839/1
f 894/848/1 896/849/1 895/850/1
f 894/848/1 897/851/1 896/849/1
f 957/852/1 959/853/1 958/854/1
f 957/852/1 960/855/1 959/853/1
f 956/856/1 960/855/1 957/852/1
f 955/857/1 960/855/1 956/856/1
f 954/858/1 960/855/1 955/857/1
f 893/859/1 897/851/1 894/848/1
f 893/859/1 898/860/1 897/851/1
f 893/859/1 899/861/1 898/860/1
f 892/862/1 899/861/1 893/859/1
f 953/863/1 960/855/1 954/858/1
f 892/862/1 900/864/1 899/861/1
f 891/865/1 900/864/1 892/862/1
f 891/865/1 901/866/1 900/864/1
f 952/867/1 960/855/1 953/863/1
f 890/868/1 901/866/1 891/865/1
f 890/868/1 902/869/1 901/866/1
f 890/868/1 903/870/1 902/869/1
f 889/871/1 903/870/1 890/868/1
f 951/872/1 960/855/1 952/867/1
f 889/871/1 904/873/1 903/870/1
f 888/874/1 904/873/1 889/871/1
f 888/874/1 905/875/1 904/873/1
f 950/876/1 960/855/1 951/872/1
f 887/877/1 905/875/1 888/874/1
f 887/877/1 906/878/1 905/875/1
f 887/877/1 907/879/1 906/878/1
f 886/880/1 907/879/1 887/877/1
f 886/880/1 908/881/1 907/879/1
f 949/882/1 960/855/1 950/876/1
f 885/883/1 908/881/1 886/880/1
f 885/883/1 909/884/1 908/881/1
f 885/883/1 910/885/1 909/884/1
f 884/886/1 910/885/1 885/883/1
f 948/887/1 960/855/1 949/882/1
f 884/886/1 911/888/1 910/885/1
f 883/889/1 911/888/1 884/886/1
f 947/890/1 960/855/1 948/887/1
f 883/889/1 912/891/1 911/888/1
f 882/892/1 912/891/1 883/889/1
f 882/892/1 913/893/1 912/891/1
f 881/894/1 913/893/1 882/892/1
f 946/895/1 960/855/1 947/890/1
f 881/894/1 914/896/1 913/893/1
f 945/897/1 962/898/1 946/895/1
f 962/898/1 960/855/1 946/895/1
f 881/894/1 915/899/1 914/896/1
f 880/900/1 915/899/1 881/894/1
f 880/900/1 916/901/1 915/899/1
f 944/902/1 962/898/1 945/897/1
f 880/900/1 917/903/1 916/901/1
f 879/904/1 917/903/1 880/900/1
f 943/905/1 962/898/1 944/902/1
f 879/904/1 918/906/1 917/903/1
f 879/904/1 919/907/1 918/906/1
f 942/908/1 962/898/1 943/905/1
f 878/909/1 919/907/1 879/904/1
f 878/909/1 920/910/1 919/907/1
f 941/911/1 962/898/1 942/908/1
f 878/909/1 921/912/1 920/910/1
f 878/909/1 922/913/1 921/912/1
f 877/914/1 922/913/1 878/909/1
f 940/915/1 962/898/1 941/911/1
f 877/914/1 923/916/1 922/913/1
f 940/915/1 963/917/1 962/898/1
f 961/918/1 960/855/1 962/898/1
f 939/919/1 963/917/1 940/915/1
f 877/914/1 924/920/1 923/916/1
f 877/914/1 925/921/1 924/920/1
f 876/922/1 925/921/1 877/914/1
f 938/923/1 963/917/1 939/919/1
f 876/922/1 926/924/1 925/921/1
f 937/925/1 963/917/1 938/923/1
f 876/922/1 927/926/1 926/924/1
f 876/922/1 928/927/1 927/926/1
f 936/928/1 963/917/1 937/925/1
f 876/922/1 929/929/1 928/927/1
f 935/930/1 963/917/1 936/928/1
f 875/931/1 929/929/1 876/922/1
f 875/931/1 930/932/1 929/929/1
f 935/930/1 964/933/1 963/917/1
f 875/931/1 931/934/1 930/932/1
f 934/935/1 964/933/1 935/930/1
f 875/931/1 932/936/1 931/934/1
f 933/937/1 964/933/1 934/935/1
f 875/931/1 933/937/1 932/936/1
f 875/931/1 964/933/1 933/937/1
f 874/938/1 964/933/1 875/931/1
f 874/938/1 965/939/1 964/933/1
f 873/940/1 965/939/1 874/938/1
f 872/941/1 965/939/1 873/940/1
f 872/941/1 966/942/1 965/939/1
f 871/943/1 966/942/1 872/941/1
f 870/944/1 966/942/1 871/943/1
f 870/944/1 967/945/1 966/942/1
f 869/946/1 967/945/1 870/944/1
f 869/946/1 968/947/1 967/945/1
f 868/948/1 968/947/1 869/946/1
f 867/949/1 968/947/1 868/948/1
f 867/949/1 969/950/1 968/947/1
f 866/951/1 969/950/1 867/949/1
f 866/951/1 970/952/1 969/950/1
f 865/953/1 970/952/1 866/951/1
f 864/954/1 970/952/1 865/953/1
f 864/954/1 971/955/1 970/952/1
f 863/956/1 971/955/1 864/954/1
f 862/957/1 971/955/1 863/956/1
f 862/957/1 972/958/1 971/955/1
f 861/959/1 972/958/1 862/957/1
f 861/959/1 973/122/1 972/958/1
f 860/960/1 973/122/1 861/959/1
f 859/961/1 973/122/1 860/960/1
f 859/961/1 858/121/1 973/122/1
f 1045/962/1 1047/963/1 1046/964/1
f 1044/965/1 1047/963/1 1045/962/1
f 1044/965/1 1048/966/1 1047/963/1
f 1043/967/1 1048/966/1 1044/965/1
f 1043/967/1 1049/968/1 1048/966/1
f 1042/969/1 1049/968/1 1043/967/1
f 1041/970/1 1049/968/1 1042/969/1
f 1041/970/1 1050/971/1 1049/968/1
f 1040/972/1 1050/971/1 1041/970/1
f 1040/972/1 1051/973/1 1050/971/1
f 1039/974/1 1051/973/1 1040/972/1
f 1039/974/1 1052/975/1 1051/973/1
f 1038/976/1 1052/975/1 1039/974/1
f 1037/977/1 1052/975/1 1038/976/1
f 1037/977/1 1053/978/1 1052/975/1
f 1036/979/1 1053/978/1 1037/977/1
f 1036/979/1 1054/980/1 1053/978/1
f 1035/981/1 1054/980/1 1036/979/1
f 1034/982/1 1054/980/1 1035/981/1
f 1034/982/1 1055/983/1 1054/980/1
f 1033/984/1 1055/983/1 1034/982/1
f 1033/984/1 1056/985/1 1055/983/1
f 1032/986/1 1056/985/1 1033/984/1
f 1032/986/1 1057/987/1 1056/985/1
f 1031/988/1 1057/987/1 1032/986/1
f 1030/989/1 1057/987/1 1031/988/1
f 1030/989/1 1058/990/1 1057/987/1
f 1029/991/1 1058/990/1 1030/989/1
f 1029/991/1 1059/992/1 1058/990/1
f 1028/993/1 1059/992/1 1029/991/1
f 1027/994/1 1059/992/1 1028/993/1
f 1027/994/1 1060/995/1 1059/992/1
f 1026/996/1 1060/995/1 1027/994/1
f 1026/996/1 1166/997/1 1060/995/1
f 1166/997/1 1165/998/1 1060/995/1
f 1165/998/1 1061/999/1 1060/995/1
f 1025/1000/1 1167/1001/1 1026/996/1
f 1167/1001/1 1166/997/1 1026/996/1
f 1164/1002/1 1061/999/1 1165/998/1
f 1025/1000/1 1168/1003/1 1167/1001/1
f 1163/1004/1 1061/999/1 1164/1002/1
f 1025/1000/1 1169/1005/1 1168/1003/1
f 1162/1006/1 1061/999/1 1163/1004/1
f 1025/1000/1 1170/1007/1 1169/1005/1
f 1161/1008/1 1061/999/1 1162/1006/1
f 1025/1000/1 1171/1009/1 1170/1007/1
f 1160/1010/1 1061/999/1 1161/1008/1
f 1160/1010/1 1062/1011/1 1061/999/1
f 1024/1012/1 1171/1009/1 1025/1000/1
f 1024/1012/1 1172/1013/1 1171/1009/1
f 1159/1014/1 1062/1011/1 1160/1010/1
f 1024/1012/1 1173/1015/1 1172/1013/1
f 1158/1016/1 1062/1011/1 1159/1014/1
f 1024/1012/1 1174/1017/1 1173/1015/1
f 1023/1018/1 1174/1017/1 1024/1012/1
f 1157/1019/1 1062/1011/1 1158/1016/1
f 1023/1018/1 1175/1020/1 1174/1017/1
f 1157/1019/1 1063/1021/1 1062/1011/1
f 1156/1022/1 1063/1021/1 1157/1019/1
f 1023/1018/1 1176/1023/1 1175/1020/1
f 1022/1024/1 1176/1023/1 1023/1018/1
f 1155/1025/1 1063/1021/1 1156/1022/1
f 1022/1024/1 1177/1026/1 1176/1023/1
f 1154/1027/1 1063/1021/1 1155/1025/1
f 1154/1027/1 1064/1028/1 1063/1021/1
f 1021/1029/1 1177/1026/1 1022/1024/1
f 1021/1029/1 1178/1030/1 1177/1026/1
f 1153/1031/1 1064/1028/1 1154/1027/1
f 1021/1029/1 1179/1032/1 1178/1030/1
f 1152/1033/1 1064/1028/1 1153/1031/1
f 1020/1034/1 1179/1032/1 1021/1029/1
f 1152/1033/1 1065/1035/1 1064/1028/1
f 1020/1034/1 1180/1036/1 1179/1032/1
f 1151/1037/1 1065/1035/1 1152/1033/1
f 1019/1038/1 1180/1036/1 1020/1034/1
f 1019/1038/1 1181/1039/1 1180/1036/1
f 1150/1040/1 1065/1035/1 1151/1037/1
f 1150/1040/1 1066/1041/1 1065/1035/1
f 1019/1038/1 1182/1042/1 1181/1039/1
f 1018/1043/1 1182/1042/1 1019/1038/1
f 1149/1044/1 1066/1041/1 1150/1040/1
f 1018/1043/1 1183/1045/1 1182/1042/1
f 1017/1046/1 1183/1045/1 1018/1043/1
f 1149/1044/1 1067/1047/1 1066/1041/1
f 1148/1048/1 1067/1047/1 1149/1044/1
f 1017/1046/1 1184/1049/1 1183/1045/1
f 1016/1050/1 1184/1049/1 1017/1046/1
f 1147/1051/1 1067/1047/1 1148/1048/1
f 1016/1050/1 1185/1052/1 1184/1049/1
f 1147/1051/1 1068/1053/1 1067/1047/1
f 1146/1054/1 1068/1053/1 1147/1051/1
f 1015/1055/1 1185/1052/1 1016/1050/1
f 1015/1055/1 1186/1056/1 1185/1052/1
f 1145/1057/1 1068/1053/1 1146/1054/1
f 1145/1057/1 1069/1058/1 1068/1053/1
f 1014/1059/1 1186/1056/1 1015/1055/1
f 1014/1059/1 1187/1060/1 1186/1056/1
f 1144/1061/1 1069/1058/1 1145/1057/1
f 1013/1062/1 1187/1060/1 1014/1059/1
f 1013/1062/1 1188/1063/1 1187/1060/1
f 1144/1061/1 1070/1064/1 1069/1058/1
f 1013/1062/1 1189/1065/1 1188/1063/1
f 1012/1066/1 1189/1065/1 1013/1062/1
f 1143/1067/1 1070/1064/1 1144/1061/1
f 1012/1066/1 1190/1068/1 1189/1065/1
f 1011/1069/1 1190/1068/1 1012/1066/1
f 1143/1067/1 1071/1070/1 1070/1064/1
f 1142/1071/1 1071/1070/1 1143/1067/1
f 1011/1069/1 1191/1072/1 1190/1068/1
f 1010/1073/1 1191/1072/1 1011/1069/1
f 1142/1071/1 1072/1074/1 1071/1070/1
f 1141/1075/1 1072/1074/1 1142/1071/1
f 1010/1073/1 1192/1076/1 1191/1072/1
f 1009/1077/1 1192/1076/1 1010/1073/1
f 1141/1075/1 1073/1078/1 1072/1074/1
f 1140/1079/1 1073/1078/1 1141/1075/1
f 1009/1077/1 1193/1080/1 1192/1076/1
f 1140/1079/1 1074/1081/1 1073/1078/1
f 1008/1082/1 1193/1080/1 1009/1077/1
f 1139/1083/1 1074/1081/1 1140/1079/1
f 1008/1082/1 1194/1084/1 1193/1080/1
f 1139/1083/1 1075/1085/1 1074/1081/1
f 1007/1086/1 1194/1084/1 1008/1082/1
f 1138/1087/1 1075/1085/1 1139/1083/1
f 1007/1086/1 1195/1088/1 1194/1084/1
f 1138/1087/1 1076/1089/1 1075/1085/1
f 1006/1090/1 1195/1088/1 1007/1086/1
f 1137/1091/1 1076/1089/1 1138/1087/1
f 1006/1090/1 1196/1092/1 1195/1088/1
f 1137/1091/1 1077/1093/1 1076/1089/1
f 1005/1094/1 1196/1092/1 1006/1090/1
f 1136/1095/1 1077/1093/1 1137/1091/1
f 1005/1094/1 1197/1096/1 1196/1092/1
f 1136/1095/1 1078/1097/1 1077/1093/1
f 1004/1098/1 1197/1096/1 1005/1094/1
f 1135/1099/1 1078/1097/1 1136/1095/1
f 1004/1098/1 1198/1100/1 1197/1096/1
f 1135/1099/1 1079/1101/1 1078/1097/1
f 1003/1102/1 1198/1100/1 1004/1098/1
f 1134/1103/1 1079/1101/1 1135/1099/1
f 1134/1103/1 1080/1104/1 1079/1101/1
f 1003/1102/1 1199/1105/1 1198/1100/1
f 1002/1106/1 1199/1105/1 1003/1102/1
f 1133/1107/1 1080/1104/1 1134/1103/1
f 1133/1107/1 1081/1108/1 1080/1104/1
f 1002/1106/1 1200/1109/1 1199/1105/1
f 1001/1110/1 1200/1109/1 1002/1106/1
f 1132/1111/1 1081/1108/1 1133/1107/1
f 1132/1111/1 1082/1112/1 1081/1108/1
f 1001/1110/1 1201/1113/1 1200/1109/1
f 1000/1114/1 1201/1113/1 1001/1110/1
f 1131/1115/1 1082/1112/1 1132/1111/1
f 1131/1115/1 1083/1116/1 1082/1112/1
f 1000/1114/1 1202/1117/1 1201/1113/1
f 999/1118/1 1202/1117/1 1000/1114/1
f 1130/1119/1 1083/1116/1 1131/1115/1
f 1130/1119/1 1084/1120/1 1083/1116/1
f 998/1121/1 1202/1117/1 999/1118/1
f 998/1121/1 1203/1122/1 1202/1117/1
f 1129/1123/1 1084/1120/1 1130/1119/1
f 1129/1123/1 1085/1124/1 1084/1120/1
f 997/1125/1 1203/1122/1 998/1121/1
f 997/1125/1 1204/1126/1 1203/1122/1
f 1128/1127/1 1085/1124/1 1129/1123/1
f 1128/1127/1 1086/1128/1 1085/1124/1
f 997/1125/1 1205/1129/1 1204/1126/1
f 1127/1130/1 1086/1128/1 1128/1127/1
f 1127/1130/1 1087/1131/1 1086/1128/1
f 996/1132/1 1205/1129/1 997/1125/1
f 1126/1133/1 1087/1131/1 1127/1130/1
f 996/1132/1 1206/1134/1 1205/1129/1
f 1126/1133/1 1088/1135/1 1087/1131/1
f 1125/1136/1 1088/1135/1 1126/1133/1
f 995/1137/1 1206/1134/1 996/1132/1
f 995/1137/1 1207/1138/1 1206/1134/1
f 1125/1136/1 1089/1139/1 1088/1135/1
f 1124/1140/1 1089/1139/1 1125/1136/1
f 995/1137/1 1208/1141/1 1207/1138/1
f 1124/1140/1 1090/1142/1 1089/1139/1
f 994/1143/1 1208/1141/1 995/1137/1
f 1123/1144/1 1090/1142/1 1124/1140/1
f 994/1143/1 1209/1145/1 1208/1141/1
f 1123/1144/1 1091/1146/1 1090/1142/1
f 1122/1147/1 1091/1146/1 1123/1144/1
f 994/1143/1 1210/1148/1 1209/1145/1
f 993/1149/1 1210/1148/1 994/1143/1
f 1122/1147/1 1092/1150/1 1091/1146/1
f 1121/1151/1 1092/1150/1 1122/1147/1
f 993/1149/1 1211/1152/1 1210/1148/1
f 1120/1153/1 1092/1150/1 1121/1151/1
f 1120/1153/1 1093/1154/1 1092/1150/1
f 992/1155/1 1211/1152/1 993/1149/1
f 992/1155/1 1212/1156/1 1211/1152/1
f 1119/1157/1 1093/1154/1 1120/1153/1
f 1119/1157/1 1094/1158/1 1093/1154/1
f 992/1155/1 1213/1159/1 1212/1156/1
f 1118/1160/1 1094/1158/1 1119/1157/1
f 991/1161/1 1213/1159/1 992/1155/1
f 991/1161/1 1214/1162/1 1213/1159/1
f 1118/1160/1 1095/1163/1 1094/1158/1
f 1117/1164/1 1095/1163/1 1118/1160/1
f 991/1161/1 1215/1165/1 1214/1162/1
f 1116/1166/1 1095/1163/1 1117/1164/1
f 990/1167/1 1215/1165/1 991/1161/1
f 990/1167/1 1216/1168/1 1215/1165/1
f 1115/1169/1 1095/1163/1 1116/1166/1
f 990/1167/1 1217/1170/1 1216/1168/1
f 1114/1171/1 1095/1163/1 1115/1169/1
f 1114/1171/1 1096/1172/1 1095/1163/1
f 990/1167/1 1218/1173/1 1217/1170/1
f 989/1174/1 1218/1173/1 990/1167/1
f 1113/1175/1 1096/1172/1 1114/1171/1
f 989/1174/1 1219/1176/1 1218/1173/1
f 1112/1177/1 1096/1172/1 1113/1175/1
f 989/1174/1 1220/1178/1 1219/1176/1
f 1111/1179/1 1096/1172/1 1112/1177/1
f 989/1174/1 1221/1180/1 1220/1178/1
f 988/1181/1 1221/1180/1 989/1174/1
f 1110/1182/1 1096/1172/1 1111/1179/1
f 988/1181/1 1222/1183/1 1221/1180/1
f 1109/1184/1 1096/1172/1 1110/1182/1
f 1109/1184/1 1097/1185/1 1096/1172/1
f 988/1181/1 1223/1186/1 1222/1183/1
f 1108/1187/1 1097/1185/1 1109/1184/1
f 988/1181/1 1224/1188/1 1223/1186/1
f 1107/1189/1 1097/1185/1 1108/1187/1
f 988/1181/1 1225/122/1 1224/1188/1
f 1106/1190/1 1097/1185/1 1107/1189/1
f 988/1181/1 1106/1190/1 1225/122/1
f 988/1181/1 1097/1185/1 1106/1190/1
f 987/1191/1 1097/1185/1 988/1181/1
f 987/1191/1 1098/1192/1 1097/1185/1
f 986/1193/1 1098/1192/1 987/1191/1
f 985/1194/1 1098/1192/1 986/1193/1
f 985/1194/1 1099/1195/1 1098/1192/1
f 984/1196/1 1099/1195/1 985/1194/1
f 984/1196/1 1100/1197/1 1099/1195/1
f 983/1198/1 1100/1197/1 984/1196/1
f 982/1199/1 1100/1197/1 983/1198/1
f 982/1199/1 1101/1200/1 1100/1197/1
f 981/1201/1 1101/1200/1 982/1199/1
f 981/1201/1 1102/1202/1 1101/1200/1
f 980/1203/1 1102/1202/1 981/1201/1
f 979/1204/1 1102/1202/1 980/1203/1
f 979/1204/1 1103/1205/1 1102/1202/1
f 978/1206/1 1103/1205/1 979/1204/1
f 978/1206/1 1104/1207/1 1103/1205/1
f 977/1208/1 1104/1207/1 978/1206/1
f 976/1209/1 1104/1207/1 977/1208/1
f 976/1209/1 1105/1210/1 1104/1207/1
f 975/1211/1 1105/1210/1 976/1209/1
f 975/1211/1 974/121/1 1105/1210/1
f 1226/121/1 1228/844/1 1227/1212/1
f 1226/121/1 1229/1213/1 1228/844/1
f 1229/1213/1 1231/1214/1 1230/841/1
f 1229/1213/1 1232/847/1 1231/1214/1
f 1226/121/1 1232/847/1 1229/1213/1
f 1234/122/1 1232/847/1 1226/121/1
f 1234/122/1 1233/1215/1 1232/847/1
